image_id,image_path,label,class,source,magnification,width,height,channels,split,md5_hash
histo_00001,histopathology/images/histo_00001.png,1,invasive_ductal_carcinoma,Breast Histopathology Images (IDC Benchmark / Cruz-Roa et al.),40x,50,50,3,train,eab96dade25e7896b297ab15bdade589
histo_00002,histopathology/images/histo_00002.png,0,non_idc_or_benign,Breast Histopathology Images (IDC Benchmark / Cruz-Roa et al.),40x,50,50,3,train,c39e11123fa3334f065b7ec3fa6c6827
histo_00003,histopathology/images/histo_00003.png,0,non_idc_or_benign,Breast Histopathology Images (IDC Benchmark / Cruz-Roa et al.),40x,50,50,3,train,5bec3f6310644019c8493f5dc20402e9
histo_00004,histopathology/images/histo_00004.png,0,non_idc_or_benign,Breast Histopathology Images (IDC Benchmark / Cruz-Roa et al.),40x,50,50,3,test,d1e9c9eda24bfea9cea59dbc8329ca01
histo_00005,histopathology/images/histo_00005.png,1,invasive_ductal_carcinoma,Breast Histopathology Images (IDC Benchmark / Cruz-Roa et al.),40x,50,50,3,train,969d6e74bbf9fc99778dc88e5dacf173
histo_00006,histopathology/images/histo_00006.png,0,non_idc_or_benign,Breast Histopathology Images (IDC Benchmark / Cruz-Roa et al.),40x,50,50,3,train,9d3cda8056e002c64a636879a2f51765
histo_00007,histopathology/images/histo_00007.png,1,invasive_ductal_carcinoma,Breast Histopathology Images (IDC Benchmark / Cruz-Roa et al.),40x,50,50,3,train,60f644975d6794bda3629c6646d68667
histo_00008,histopathology/images/histo_00008.png,1,invasive_ductal_carcinoma,Breast Histopathology Images (IDC Benchmark / Cruz-Roa et al.),40x,50,50,3,test,1cf94b1047d4ea0775fb9bdbdf170064
histo_00009,histopathology/images/histo_00009.png,0,non_idc_or_benign,Breast Histopathology Images (IDC Benchmark / Cruz-Roa et al.),40x,50,50,3,train,452760bc4f49b8a69392814f07e7bb6c
histo_00010,histopathology/images/histo_00010.png,1,invasive_ductal_carcinoma,Breast Histopathology Images (IDC Benchmark / Cruz-Roa et al.),40x,50,50,3,test,3c1cada07ab4d6962164dcfe071e5a2a
histo_00011,histopathology/images/histo_00011.png,0,non_idc_or_benign,Breast Histopathology Images (IDC Benchmark / Cruz-Roa et al.),40x,50,50,3,train,6af3a7331ec0153262aba77ca885c5bb
histo_00012,histopathology/images/histo_00012.png,0,non_idc_or_benign,Breast Histopathology Images (IDC Benchmark / Cruz-Roa et al.),40x,50,50,3,train,6d8dee1e5963df1ae25e804cd09b4ec2
histo_00013,histopathology/images/histo_00013.png,0,non_idc_or_benign,Breast Histopathology Images (IDC Benchmark / Cruz-Roa et al.),40x,50,50,3,train,adf3ce370adbd6902ff51be1eb83578d
histo_00014,histopathology/images/histo_00014.png,0,non_idc_or_benign,Breast Histopathology Images (IDC Benchmark / Cruz-Roa et al.),40x,50,50,3,train,64aae2f647db561f1840940f114656f3
histo_00015,histopathology/images/histo_00015.png,0,non_idc_or_benign,Breast Histopathology Images (IDC Benchmark / Cruz-Roa et al.),40x,50,50,3,train,a49e586c0a9b867cf9876465b6bd2b4a
histo_00016,histopathology/images/histo_00016.png,0,non_idc_or_benign,Breast Histopathology Images (IDC Benchmark / Cruz-Roa et al.),40x,50,50,3,train,1213a8c3948f61327626075a7e0b0253
histo_00017,histopathology/images/histo_00017.png,1,invasive_ductal_carcinoma,Breast Histopathology Images (IDC Benchmark / Cruz-Roa et al.),40x,50,50,3,train,1c25269830c4809d8950ec9e4a720461
histo_00018,histopathology/images/histo_00018.png,1,invasive_ductal_carcinoma,Breast Histopathology Images (IDC Benchmark / Cruz-Roa et al.),40x,50,50,3,train,6cc161bd717cb4aa7240c25420a9439c
histo_00019,histopathology/images/histo_00019.png,0,non_idc_or_benign,Breast Histopathology Images (IDC Benchmark / Cruz-Roa et al.),40x,50,50,3,train,78e95a6546fe7731deaa21e03f8e1d17
histo_00020,histopathology/images/histo_00020.png,0,non_idc_or_benign,Breast Histopathology Images (IDC Benchmark / Cruz-Roa et al.),40x,50,50,3,train,16c8c207cecc25f538aeaab40d322ed9
histo_00021,histopathology/images/histo_00021.png,1,invasive_ductal_carcinoma,Breast Histopathology Images (IDC Benchmark / Cruz-Roa et al.),40x,50,50,3,val,7e7cd0911c93d5d09462447dfc34f7cc
histo_00022,histopathology/images/histo_00022.png,0,non_idc_or_benign,Breast Histopathology Images (IDC Benchmark / Cruz-Roa et al.),40x,50,50,3,train,8913a9293aff61d6628401ddbf7d0864
histo_00023,histopathology/images/histo_00023.png,0,non_idc_or_benign,Breast Histopathology Images (IDC Benchmark / Cruz-Roa et al.),40x,50,50,3,val,6ae4de0e40d865749e79f408a687dae2
histo_00024,histopathology/images/histo_00024.png,1,invasive_ductal_carcinoma,Breast Histopathology Images (IDC Benchmark / Cruz-Roa et al.),40x,50,50,3,test,8342c8e081a11dc6e3ecd39e8ed323fb
histo_00025,histopathology/images/histo_00025.png,0,non_idc_or_benign,Breast Histopathology Images (IDC Benchmark / Cruz-Roa et al.),40x,50,50,3,train,52f07ddf8270abac76e1e02c71790b7e
histo_00026,histopathology/images/histo_00026.png,0,non_idc_or_benign,Breast Histopathology Images (IDC Benchmark / Cruz-Roa et al.),40x,50,50,3,train,25b568c5e5bffbe2e4540b8ac0d42e8b
histo_00027,histopathology/images/histo_00027.png,1,invasive_ductal_carcinoma,Breast Histopathology Images (IDC Benchmark / Cruz-Roa et al.),40x,50,50,3,train,f6627da89a175d76cf0aa1b96b4117b9
histo_00028,histopathology/images/histo_00028.png,0,non_idc_or_benign,Breast Histopathology Images (IDC Benchmark / Cruz-Roa et al.),40x,50,50,3,train,4bc680481b9e57a557ccbd8f417f8a5a
histo_00029,histopathology/images/histo_00029.png,1,invasive_ductal_carcinoma,Breast Histopathology Images (IDC Benchmark / Cruz-Roa et al.),40x,50,50,3,train,f1eb26a9413bccf1f48d226ec5e1ec99
histo_00030,histopathology/images/histo_00030.png,0,non_idc_or_benign,Breast Histopathology Images (IDC Benchmark / Cruz-Roa et al.),40x,50,50,3,train,a37ad08fd1c0027938e333ac4e7dd4af
histo_00031,histopathology/images/histo_00031.png,1,invasive_ductal_carcinoma,Breast Histopathology Images (IDC Benchmark / Cruz-Roa et al.),40x,50,50,3,train,f582160e490e50f4079b410e326c9c2f
histo_00032,histopathology/images/histo_00032.png,0,non_idc_or_benign,Breast Histopathology Images (IDC Benchmark / Cruz-Roa et al.),40x,50,50,3,train,f9fdbf4a1583e6c0dba2f58933a096ea
histo_00033,histopathology/images/histo_00033.png,0,non_idc_or_benign,Breast Histopathology Images (IDC Benchmark / Cruz-Roa et al.),40x,50,50,3,train,620c17b5c70ac449a3c487ec3070a70a
histo_00034,histopathology/images/histo_00034.png,1,invasive_ductal_carcinoma,Breast Histopathology Images (IDC Benchmark / Cruz-Roa et al.),40x,50,50,3,val,f6ee99801ec402447f6a4e5772483fbb
histo_00035,histopathology/images/histo_00035.png,0,non_idc_or_benign,Breast Histopathology Images (IDC Benchmark / Cruz-Roa et al.),40x,50,50,3,train,d5861d57bf19a45883859c95cb9c2c40
histo_00036,histopathology/images/histo_00036.png,0,non_idc_or_benign,Breast Histopathology Images (IDC Benchmark / Cruz-Roa et al.),40x,50,50,3,train,0ab6a8426f1ad162efc12849e07a49ad
histo_00037,histopathology/images/histo_00037.png,0,non_idc_or_benign,Breast Histopathology Images (IDC Benchmark / Cruz-Roa et al.),40x,50,50,3,val,5df03ed9235e5a9d13a419db4e4550fa
histo_00038,histopathology/images/histo_00038.png,1,invasive_ductal_carcinoma,Breast Histopathology Images (IDC Benchmark / Cruz-Roa et al.),40x,50,50,3,train,5c8a0345fb43c7d811252abef230265d
histo_00039,histopathology/images/histo_00039.png,0,non_idc_or_benign,Breast Histopathology Images (IDC Benchmark / Cruz-Roa et al.),40x,50,50,3,val,9ac46cebe54a50b6309652840046255a
histo_00040,histopathology/images/histo_00040.png,1,invasive_ductal_carcinoma,Breast Histopathology Images (IDC Benchmark / Cruz-Roa et al.),40x,50,50,3,train,9a61c7cae7690891bef0eeff2f92691e
histo_00041,histopathology/images/histo_00041.png,0,non_idc_or_benign,Breast Histopathology Images (IDC Benchmark / Cruz-Roa et al.),40x,50,50,3,test,1bcd7897621f6498d715c0ac9463e919
histo_00042,histopathology/images/histo_00042.png,1,invasive_ductal_carcinoma,Breast Histopathology Images (IDC Benchmark / Cruz-Roa et al.),40x,50,50,3,train,f266a7a06d7fe9b6e9c0f7e816a9d398
histo_00043,histopathology/images/histo_00043.png,0,non_idc_or_benign,Breast Histopathology Images (IDC Benchmark / Cruz-Roa et al.),40x,50,50,3,val,c542b0f756b1acefb2337a29a9b34bb2
histo_00044,histopathology/images/histo_00044.png,1,invasive_ductal_carcinoma,Breast Histopathology Images (IDC Benchmark / Cruz-Roa et al.),40x,50,50,3,train,2c760b2b11f3bb9b433a0476a00d9bf7
histo_00045,histopathology/images/histo_00045.png,0,non_idc_or_benign,Breast Histopathology Images (IDC Benchmark / Cruz-Roa et al.),40x,50,50,3,train,bcfa778410455850925eef15319ee3e7
histo_00046,histopathology/images/histo_00046.png,1,invasive_ductal_carcinoma,Breast Histopathology Images (IDC Benchmark / Cruz-Roa et al.),40x,50,50,3,train,2d8963f07cd09f0d0ede1fbb7e086e36
histo_00047,histopathology/images/histo_00047.png,1,invasive_ductal_carcinoma,Breast Histopathology Images (IDC Benchmark / Cruz-Roa et al.),40x,50,50,3,train,2a3d80c8331c722cc08d6d5dd2400781
histo_00048,histopathology/images/histo_00048.png,0,non_idc_or_benign,Breast Histopathology Images (IDC Benchmark / Cruz-Roa et al.),40x,50,50,3,train,9c92c5902f8164781416b84845a20e8c
histo_00049,histopathology/images/histo_00049.png,0,non_idc_or_benign,Breast Histopathology Images (IDC Benchmark / Cruz-Roa et al.),40x,50,50,3,val,0a7c05713834e04b9cf38e0dc579b6a6
histo_00050,histopathology/images/histo_00050.png,1,invasive_ductal_carcinoma,Breast Histopathology Images (IDC Benchmark / Cruz-Roa et al.),40x,50,50,3,test,fe8dba643677bbe3dc07c589031e926c
histo_00051,histopathology/images/histo_00051.png,0,non_idc_or_benign,Breast Histopathology Images (IDC Benchmark / Cruz-Roa et al.),40x,50,50,3,train,66b1bb165bf1a92d63bcdaec40caaf4a
histo_00052,histopathology/images/histo_00052.png,0,non_idc_or_benign,Breast Histopathology Images (IDC Benchmark / Cruz-Roa et al.),40x,50,50,3,val,bd6fc83fe37a9bd43fa16eec47285638
histo_00053,histopathology/images/histo_00053.png,0,non_idc_or_benign,Breast Histopathology Images (IDC Benchmark / Cruz-Roa et al.),40x,50,50,3,train,268efd16b239dd17a9d23ffec9719e30
histo_00054,histopathology/images/histo_00054.png,0,non_idc_or_benign,Breast Histopathology Images (IDC Benchmark / Cruz-Roa et al.),40x,50,50,3,train,03d0817ebd75f703d32d95ec20f1cde8
histo_00055,histopathology/images/histo_00055.png,0,non_idc_or_benign,Breast Histopathology Images (IDC Benchmark / Cruz-Roa et al.),40x,50,50,3,train,96722eb5c3440c7d33a8c120a162ac6a
histo_00056,histopathology/images/histo_00056.png,0,non_idc_or_benign,Breast Histopathology Images (IDC Benchmark / Cruz-Roa et al.),40x,50,50,3,train,91798598afcfb6b2c83926d5ed70260c
histo_00057,histopathology/images/histo_00057.png,0,non_idc_or_benign,Breast Histopathology Images (IDC Benchmark / Cruz-Roa et al.),40x,50,50,3,train,99dd03b7d9f73e08695fdf744c2d3bf2
histo_00058,histopathology/images/histo_00058.png,1,invasive_ductal_carcinoma,Breast Histopathology Images (IDC Benchmark / Cruz-Roa et al.),40x,50,50,3,train,d12d8422910a0e0b7e006e1b4de0a82f
histo_00059,histopathology/images/histo_00059.png,0,non_idc_or_benign,Breast Histopathology Images (IDC Benchmark / Cruz-Roa et al.),40x,50,50,3,val,3d241aebf11cf104d4197b8d63e2b11a
histo_00060,histopathology/images/histo_00060.png,1,invasive_ductal_carcinoma,Breast Histopathology Images (IDC Benchmark / Cruz-Roa et al.),40x,50,50,3,train,3f3519bdc20caa48b9a5d198b602979f
histo_00061,histopathology/images/histo_00061.png,0,non_idc_or_benign,Breast Histopathology Images (IDC Benchmark / Cruz-Roa et al.),40x,50,50,3,test,83d74bc11b30bab20f02ffb86125139c
histo_00062,histopathology/images/histo_00062.png,1,invasive_ductal_carcinoma,Breast Histopathology Images (IDC Benchmark / Cruz-Roa et al.),40x,50,50,3,train,aef58df037d00815449d82d87a21e732
histo_00063,histopathology/images/histo_00063.png,0,non_idc_or_benign,Breast Histopathology Images (IDC Benchmark / Cruz-Roa et al.),40x,50,50,3,train,ee8222480aac9dec4458afd6eec7e83a
histo_00064,histopathology/images/histo_00064.png,0,non_idc_or_benign,Breast Histopathology Images (IDC Benchmark / Cruz-Roa et al.),40x,50,50,3,test,d7a41b4c5cdda0c548118083de13d1c8
histo_00065,histopathology/images/histo_00065.png,0,non_idc_or_benign,Breast Histopathology Images (IDC Benchmark / Cruz-Roa et al.),40x,50,50,3,train,5568274be212092eda75abf3f655b13d
histo_00066,histopathology/images/histo_00066.png,0,non_idc_or_benign,Breast Histopathology Images (IDC Benchmark / Cruz-Roa et al.),40x,50,50,3,train,736ae9677b8135618e64ce234423b3a7
histo_00067,histopathology/images/histo_00067.png,1,invasive_ductal_carcinoma,Breast Histopathology Images (IDC Benchmark / Cruz-Roa et al.),40x,50,50,3,train,0f3fbbe561c61956f3a018c4ecd4c777
histo_00068,histopathology/images/histo_00068.png,0,non_idc_or_benign,Breast Histopathology Images (IDC Benchmark / Cruz-Roa et al.),40x,50,50,3,train,af6922e367c51f223e32b0e15d6c22c8
histo_00069,histopathology/images/histo_00069.png,0,non_idc_or_benign,Breast Histopathology Images (IDC Benchmark / Cruz-Roa et al.),40x,50,50,3,train,fdcd8bee1b755c1e4f7e74faeb91e299
histo_00070,histopathology/images/histo_00070.png,0,non_idc_or_benign,Breast Histopathology Images (IDC Benchmark / Cruz-Roa et al.),40x,50,50,3,train,26444d7c2761615b023273932f8236a0
histo_00071,histopathology/images/histo_00071.png,0,non_idc_or_benign,Breast Histopathology Images (IDC Benchmark / Cruz-Roa et al.),40x,50,50,3,train,bf703e856ad24f23303b5a7177596684
histo_00072,histopathology/images/histo_00072.png,0,non_idc_or_benign,Breast Histopathology Images (IDC Benchmark / Cruz-Roa et al.),40x,50,50,3,test,6f6360c1efa0dbeda7a29c40624f60a6
histo_00073,histopathology/images/histo_00073.png,0,non_idc_or_benign,Breast Histopathology Images (IDC Benchmark / Cruz-Roa et al.),40x,50,50,3,test,d67011fc8aea3f395feebb9b4634cbce
histo_00074,histopathology/images/histo_00074.png,0,non_idc_or_benign,Breast Histopathology Images (IDC Benchmark / Cruz-Roa et al.),40x,50,50,3,train,ac3ee49799fb42a86207981441b6b7eb
histo_00075,histopathology/images/histo_00075.png,1,invasive_ductal_carcinoma,Breast Histopathology Images (IDC Benchmark / Cruz-Roa et al.),40x,50,50,3,train,88dc8661be3383553c96dae387a0dfb4
histo_00076,histopathology/images/histo_00076.png,0,non_idc_or_benign,Breast Histopathology Images (IDC Benchmark / Cruz-Roa et al.),40x,50,50,3,train,789528e7a972b7f9eb92541d44caaf12
histo_00077,histopathology/images/histo_00077.png,1,invasive_ductal_carcinoma,Breast Histopathology Images (IDC Benchmark / Cruz-Roa et al.),40x,50,50,3,train,6c0d85a806a5a728bd5ca13f7e8f6a66
histo_00078,histopathology/images/histo_00078.png,0,non_idc_or_benign,Breast Histopathology Images (IDC Benchmark / Cruz-Roa et al.),40x,50,50,3,test,3c9e0b3b4bbcd4a9dd049e3e2339c071
histo_00079,histopathology/images/histo_00079.png,1,invasive_ductal_carcinoma,Breast Histopathology Images (IDC Benchmark / Cruz-Roa et al.),40x,50,50,3,train,40090e0ef4f1eac3863fc5b566dfffe5
histo_00080,histopathology/images/histo_00080.png,0,non_idc_or_benign,Breast Histopathology Images (IDC Benchmark / Cruz-Roa et al.),40x,50,50,3,train,87caac3a69603bdf10fc2b8cda9d8ef1
histo_00081,histopathology/images/histo_00081.png,0,non_idc_or_benign,Breast Histopathology Images (IDC Benchmark / Cruz-Roa et al.),40x,50,50,3,val,fc8b00f7da73ee57c697382205889678
histo_00082,histopathology/images/histo_00082.png,0,non_idc_or_benign,Breast Histopathology Images (IDC Benchmark / Cruz-Roa et al.),40x,50,50,3,train,2721e69035582ad44bcb2f17cf235b5d
histo_00083,histopathology/images/histo_00083.png,1,invasive_ductal_carcinoma,Breast Histopathology Images (IDC Benchmark / Cruz-Roa et al.),40x,50,50,3,val,fb96a229a5348dc34d072d6252d5992b
histo_00084,histopathology/images/histo_00084.png,0,non_idc_or_benign,Breast Histopathology Images (IDC Benchmark / Cruz-Roa et al.),40x,50,50,3,train,57fd3574ad6c87337d057867483d3841
histo_00085,histopathology/images/histo_00085.png,1,invasive_ductal_carcinoma,Breast Histopathology Images (IDC Benchmark / Cruz-Roa et al.),40x,50,50,3,train,74efb00c28d798e370f1506127821371
histo_00086,histopathology/images/histo_00086.png,0,non_idc_or_benign,Breast Histopathology Images (IDC Benchmark / Cruz-Roa et al.),40x,50,50,3,val,a52ccf7b1e3ca900f19372fd8be9f4ae
histo_00087,histopathology/images/histo_00087.png,1,invasive_ductal_carcinoma,Breast Histopathology Images (IDC Benchmark / Cruz-Roa et al.),40x,50,50,3,val,2f5358a459e965d3f3afde2b9eb1a048
histo_00088,histopathology/images/histo_00088.png,0,non_idc_or_benign,Breast Histopathology Images (IDC Benchmark / Cruz-Roa et al.),40x,50,50,3,train,7367aeefc265258fbac028fa5ac17da9
histo_00089,histopathology/images/histo_00089.png,0,non_idc_or_benign,Breast Histopathology Images (IDC Benchmark / Cruz-Roa et al.),40x,50,50,3,val,6d72720f1b6525bb96aab6cebf389d2c
histo_00090,histopathology/images/histo_00090.png,0,non_idc_or_benign,Breast Histopathology Images (IDC Benchmark / Cruz-Roa et al.),40x,50,50,3,val,b98ff8cacfdf4037e0e9f97cd403bcb1
histo_00091,histopathology/images/histo_00091.png,0,non_idc_or_benign,Breast Histopathology Images (IDC Benchmark / Cruz-Roa et al.),40x,50,50,3,val,38aa95636aae767e148b0325ec0fedfa
histo_00092,histopathology/images/histo_00092.png,0,non_idc_or_benign,Breast Histopathology Images (IDC Benchmark / Cruz-Roa et al.),40x,50,50,3,train,ce79c3a571e67f484e6ab659947fde92
histo_00093,histopathology/images/histo_00093.png,0,non_idc_or_benign,Breast Histopathology Images (IDC Benchmark / Cruz-Roa et al.),40x,50,50,3,train,28b87e3565fe6168498e6a098dbfb83f
histo_00094,histopathology/images/histo_00094.png,0,non_idc_or_benign,Breast Histopathology Images (IDC Benchmark / Cruz-Roa et al.),40x,50,50,3,train,d9884cfb6f80963b3172d7b256244e48
histo_00095,histopathology/images/histo_00095.png,0,non_idc_or_benign,Breast Histopathology Images (IDC Benchmark / Cruz-Roa et al.),40x,50,50,3,train,6d4e43b1f3922cf377e5194f5a950741
histo_00096,histopathology/images/histo_00096.png,1,invasive_ductal_carcinoma,Breast Histopathology Images (IDC Benchmark / Cruz-Roa et al.),40x,50,50,3,train,6fb93a16e04dfd28546eed89d7a2b3fa
histo_00097,histopathology/images/histo_00097.png,0,non_idc_or_benign,Breast Histopathology Images (IDC Benchmark / Cruz-Roa et al.),40x,50,50,3,train,3e163bfd0936174b30a5b648e22a9945
histo_00098,histopathology/images/histo_00098.png,1,invasive_ductal_carcinoma,Breast Histopathology Images (IDC Benchmark / Cruz-Roa et al.),40x,50,50,3,train,9f8e4fe650fbbb71a49fd951fb271fec
histo_00099,histopathology/images/histo_00099.png,0,non_idc_or_benign,Breast Histopathology Images (IDC Benchmark / Cruz-Roa et al.),40x,50,50,3,train,cf0bf232f2feece3c9e0b96299823d5e
histo_00100,histopathology/images/histo_00100.png,0,non_idc_or_benign,Breast Histopathology Images (IDC Benchmark / Cruz-Roa et al.),40x,50,50,3,train,ba8163000b9cbdef5b7adba98781e067
histo_00101,histopathology/images/histo_00101.png,1,invasive_ductal_carcinoma,Breast Histopathology Images (IDC Benchmark / Cruz-Roa et al.),40x,50,50,3,val,ef3a44c18726f17f7f183502952e354d
histo_00102,histopathology/images/histo_00102.png,1,invasive_ductal_carcinoma,Breast Histopathology Images (IDC Benchmark / Cruz-Roa et al.),40x,50,50,3,test,a63631e6170fb9f7570e46b0a7e3db06
histo_00103,histopathology/images/histo_00103.png,0,non_idc_or_benign,Breast Histopathology Images (IDC Benchmark / Cruz-Roa et al.),40x,50,50,3,test,5d3c3866cd4686e15318d79131232a25
histo_00104,histopathology/images/histo_00104.png,0,non_idc_or_benign,Breast Histopathology Images (IDC Benchmark / Cruz-Roa et al.),40x,50,50,3,val,709697ad373cac0e5e3ba70284542c37
histo_00105,histopathology/images/histo_00105.png,0,non_idc_or_benign,Breast Histopathology Images (IDC Benchmark / Cruz-Roa et al.),40x,50,50,3,train,dd4a9bdfb474577a6ae134f56b9b0b89
histo_00106,histopathology/images/histo_00106.png,0,non_idc_or_benign,Breast Histopathology Images (IDC Benchmark / Cruz-Roa et al.),40x,50,50,3,train,f9e036e8e15f5222ab288867b550c8a2
histo_00107,histopathology/images/histo_00107.png,0,non_idc_or_benign,Breast Histopathology Images (IDC Benchmark / Cruz-Roa et al.),40x,50,50,3,train,7c6815ffc76a3513a5c3a9ea1354a558
histo_00108,histopathology/images/histo_00108.png,0,non_idc_or_benign,Breast Histopathology Images (IDC Benchmark / Cruz-Roa et al.),40x,50,50,3,train,bef061090c3c04159e354888d04bba78
histo_00109,histopathology/images/histo_00109.png,1,invasive_ductal_carcinoma,Breast Histopathology Images (IDC Benchmark / Cruz-Roa et al.),40x,50,50,3,train,d3e9870a0a07b63453091f3f0a794faa
histo_00110,histopathology/images/histo_00110.png,0,non_idc_or_benign,Breast Histopathology Images (IDC Benchmark / Cruz-Roa et al.),40x,50,50,3,train,c2c75b2efc821b9cef82d6270491b19c
histo_00111,histopathology/images/histo_00111.png,1,invasive_ductal_carcinoma,Breast Histopathology Images (IDC Benchmark / Cruz-Roa et al.),40x,50,50,3,train,4d1d8caa2a4e28c7f0f03dd1c0e47b96
histo_00112,histopathology/images/histo_00112.png,0,non_idc_or_benign,Breast Histopathology Images (IDC Benchmark / Cruz-Roa et al.),40x,50,50,3,test,6a07b548beed4b0336bfb74304a6df79
histo_00113,histopathology/images/histo_00113.png,1,invasive_ductal_carcinoma,Breast Histopathology Images (IDC Benchmark / Cruz-Roa et al.),40x,50,50,3,train,09b65ff0eeb895d8383e491c7f572ae2
histo_00114,histopathology/images/histo_00114.png,1,invasive_ductal_carcinoma,Breast Histopathology Images (IDC Benchmark / Cruz-Roa et al.),40x,50,50,3,val,ba39e7d2b5d97725831423ebfcc9e992
histo_00115,histopathology/images/histo_00115.png,0,non_idc_or_benign,Breast Histopathology Images (IDC Benchmark / Cruz-Roa et al.),40x,50,50,3,train,d5ecf8cd935905dacd6604f7c7aa47d0
histo_00116,histopathology/images/histo_00116.png,0,non_idc_or_benign,Breast Histopathology Images (IDC Benchmark / Cruz-Roa et al.),40x,50,50,3,train,40bab2a9226a49b6e4ba90aa9b4196c0
histo_00117,histopathology/images/histo_00117.png,1,invasive_ductal_carcinoma,Breast Histopathology Images (IDC Benchmark / Cruz-Roa et al.),40x,50,50,3,train,aaf2f2b08e25fe2754ec88deedcf0686
histo_00118,histopathology/images/histo_00118.png,1,invasive_ductal_carcinoma,Breast Histopathology Images (IDC Benchmark / Cruz-Roa et al.),40x,50,50,3,train,16090242e0cf6f71a21cc1c2cce52c76
histo_00119,histopathology/images/histo_00119.png,0,non_idc_or_benign,Breast Histopathology Images (IDC Benchmark / Cruz-Roa et al.),40x,50,50,3,val,c2ffd15c66a6e9360422156de6df47df
histo_00120,histopathology/images/histo_00120.png,0,non_idc_or_benign,Breast Histopathology Images (IDC Benchmark / Cruz-Roa et al.),40x,50,50,3,val,3560721ff7ac69a1539ca69f3af57113
histo_00121,histopathology/images/histo_00121.png,0,non_idc_or_benign,Breast Histopathology Images (IDC Benchmark / Cruz-Roa et al.),40x,50,50,3,train,7d818351664c2d2d1727bb1f74df53d8
histo_00122,histopathology/images/histo_00122.png,0,non_idc_or_benign,Breast Histopathology Images (IDC Benchmark / Cruz-Roa et al.),40x,50,50,3,train,2a28b8faa971a00a69d53bd08d600fd1
histo_00123,histopathology/images/histo_00123.png,0,non_idc_or_benign,Breast Histopathology Images (IDC Benchmark / Cruz-Roa et al.),40x,50,50,3,train,a87f53e9bceff1c77b7acab988bb29dd
histo_00124,histopathology/images/histo_00124.png,0,non_idc_or_benign,Breast Histopathology Images (IDC Benchmark / Cruz-Roa et al.),40x,50,50,3,val,0dce672df39157900e150229d2dc2c51
histo_00125,histopathology/images/histo_00125.png,0,non_idc_or_benign,Breast Histopathology Images (IDC Benchmark / Cruz-Roa et al.),40x,50,50,3,test,da3f3b7fd0142abeb7b380f7c50faebb
histo_00126,histopathology/images/histo_00126.png,0,non_idc_or_benign,Breast Histopathology Images (IDC Benchmark / Cruz-Roa et al.),40x,50,50,3,train,819a4db81f80882c7da09663c3356e2b
histo_00127,histopathology/images/histo_00127.png,0,non_idc_or_benign,Breast Histopathology Images (IDC Benchmark / Cruz-Roa et al.),40x,50,50,3,train,5f21c4c87d97fcfc1626a33fe1cdc460
histo_00128,histopathology/images/histo_00128.png,0,non_idc_or_benign,Breast Histopathology Images (IDC Benchmark / Cruz-Roa et al.),40x,50,50,3,test,7fa2db1f2b1bf319030878028ccab431
histo_00129,histopathology/images/histo_00129.png,1,invasive_ductal_carcinoma,Breast Histopathology Images (IDC Benchmark / Cruz-Roa et al.),40x,50,50,3,train,c5f3793eac2bf42283b3f9d5126e4efb
histo_00130,histopathology/images/histo_00130.png,0,non_idc_or_benign,Breast Histopathology Images (IDC Benchmark / Cruz-Roa et al.),40x,50,50,3,train,8a93c09c6be2390ac1fb9b3dce5a0e0c
histo_00131,histopathology/images/histo_00131.png,0,non_idc_or_benign,Breast Histopathology Images (IDC Benchmark / Cruz-Roa et al.),40x,50,50,3,train,cbbd0a93f1b120348da453b025021237
histo_00132,histopathology/images/histo_00132.png,1,invasive_ductal_carcinoma,Breast Histopathology Images (IDC Benchmark / Cruz-Roa et al.),40x,50,50,3,train,ac84eb6474b8bb2f2895f1099fb995d3
histo_00133,histopathology/images/histo_00133.png,0,non_idc_or_benign,Breast Histopathology Images (IDC Benchmark / Cruz-Roa et al.),40x,50,50,3,test,8d1acbd10dbc84a4110e6a04d9f4e04c
histo_00134,histopathology/images/histo_00134.png,0,non_idc_or_benign,Breast Histopathology Images (IDC Benchmark / Cruz-Roa et al.),40x,50,50,3,val,4bf05cd4e36080538c7422bdd3c79db1
histo_00135,histopathology/images/histo_00135.png,0,non_idc_or_benign,Breast Histopathology Images (IDC Benchmark / Cruz-Roa et al.),40x,50,50,3,train,c9e49cfc359c3f6e57501a56384080b2
histo_00136,histopathology/images/histo_00136.png,0,non_idc_or_benign,Breast Histopathology Images (IDC Benchmark / Cruz-Roa et al.),40x,50,50,3,train,f93cc5644e48a3b716b0ec5ae38cf519
histo_00137,histopathology/images/histo_00137.png,0,non_idc_or_benign,Breast Histopathology Images (IDC Benchmark / Cruz-Roa et al.),40x,50,50,3,train,ddc7eaa1fcf65d74680b1069eb195402
histo_00138,histopathology/images/histo_00138.png,0,non_idc_or_benign,Breast Histopathology Images (IDC Benchmark / Cruz-Roa et al.),40x,50,50,3,train,60171caf33979f596e5ab61a8a00edb8
histo_00139,histopathology/images/histo_00139.png,0,non_idc_or_benign,Breast Histopathology Images (IDC Benchmark / Cruz-Roa et al.),40x,50,50,3,train,b8e615ad8fa407e3350c725bb768313f
histo_00140,histopathology/images/histo_00140.png,0,non_idc_or_benign,Breast Histopathology Images (IDC Benchmark / Cruz-Roa et al.),40x,50,50,3,train,df6123102d3b1e8e24c9d0fc15156a8c
histo_00141,histopathology/images/histo_00141.png,0,non_idc_or_benign,Breast Histopathology Images (IDC Benchmark / Cruz-Roa et al.),40x,50,50,3,val,8f98061f42a1b7136ce5622f93552d5d
histo_00142,histopathology/images/histo_00142.png,0,non_idc_or_benign,Breast Histopathology Images (IDC Benchmark / Cruz-Roa et al.),40x,50,50,3,train,97ee329314ffae9b97f7071fd8d8bd15
histo_00143,histopathology/images/histo_00143.png,0,non_idc_or_benign,Breast Histopathology Images (IDC Benchmark / Cruz-Roa et al.),40x,50,50,3,train,150ee028db50de02aa83e8f31c67fcfe
histo_00144,histopathology/images/histo_00144.png,1,invasive_ductal_carcinoma,Breast Histopathology Images (IDC Benchmark / Cruz-Roa et al.),40x,50,50,3,train,0ef87e9e527850f326ee940790902ed4
histo_00145,histopathology/images/histo_00145.png,0,non_idc_or_benign,Breast Histopathology Images (IDC Benchmark / Cruz-Roa et al.),40x,50,50,3,train,a023e430132e2d6f6c51652f8a7cb610
histo_00146,histopathology/images/histo_00146.png,0,non_idc_or_benign,Breast Histopathology Images (IDC Benchmark / Cruz-Roa et al.),40x,50,50,3,train,d1ac383dcde8fd9a57a337f153afb4ca
histo_00147,histopathology/images/histo_00147.png,1,invasive_ductal_carcinoma,Breast Histopathology Images (IDC Benchmark / Cruz-Roa et al.),40x,50,50,3,train,aac2b43e2a0136d1d58702be10a55ded
histo_00148,histopathology/images/histo_00148.png,0,non_idc_or_benign,Breast Histopathology Images (IDC Benchmark / Cruz-Roa et al.),40x,50,50,3,train,e68af1e54fdc64eb2c2fe1535e22250e
histo_00149,histopathology/images/histo_00149.png,0,non_idc_or_benign,Breast Histopathology Images (IDC Benchmark / Cruz-Roa et al.),40x,50,50,3,train,7f1a1564f5cc167851a6cf7d3ea35c3b
histo_00150,histopathology/images/histo_00150.png,0,non_idc_or_benign,Breast Histopathology Images (IDC Benchmark / Cruz-Roa et al.),40x,50,50,3,test,e319c16596873db9a43fdf6868b88735
histo_00151,histopathology/images/histo_00151.png,0,non_idc_or_benign,Breast Histopathology Images (IDC Benchmark / Cruz-Roa et al.),40x,50,50,3,train,db30e21d4b7ef72fbcff565c9f750f3e
histo_00152,histopathology/images/histo_00152.png,1,invasive_ductal_carcinoma,Breast Histopathology Images (IDC Benchmark / Cruz-Roa et al.),40x,50,50,3,train,01715fda27b56d16257874bbbe12d6b9
histo_00153,histopathology/images/histo_00153.png,0,non_idc_or_benign,Breast Histopathology Images (IDC Benchmark / Cruz-Roa et al.),40x,50,50,3,train,95103537e50b41075410f80e697593c9
histo_00154,histopathology/images/histo_00154.png,0,non_idc_or_benign,Breast Histopathology Images (IDC Benchmark / Cruz-Roa et al.),40x,50,50,3,train,e41fea4ef337703d209b83bcc25e699f
histo_00155,histopathology/images/histo_00155.png,0,non_idc_or_benign,Breast Histopathology Images (IDC Benchmark / Cruz-Roa et al.),40x,50,50,3,train,8282b93b0df3bfc073eef17c96cec04a
histo_00156,histopathology/images/histo_00156.png,0,non_idc_or_benign,Breast Histopathology Images (IDC Benchmark / Cruz-Roa et al.),40x,50,50,3,val,82e53a3849704a0da45e5989eb560433
histo_00157,histopathology/images/histo_00157.png,0,non_idc_or_benign,Breast Histopathology Images (IDC Benchmark / Cruz-Roa et al.),40x,50,50,3,val,ed404cf44ce9536a05e4083dbfa16251
histo_00158,histopathology/images/histo_00158.png,1,invasive_ductal_carcinoma,Breast Histopathology Images (IDC Benchmark / Cruz-Roa et al.),40x,50,50,3,train,e2aaa79f4e1bd076411e711438ec5eb4
histo_00159,histopathology/images/histo_00159.png,0,non_idc_or_benign,Breast Histopathology Images (IDC Benchmark / Cruz-Roa et al.),40x,50,50,3,train,dfb7ee4a050b84f5a39c77d4ed18e2b4
histo_00160,histopathology/images/histo_00160.png,0,non_idc_or_benign,Breast Histopathology Images (IDC Benchmark / Cruz-Roa et al.),40x,50,50,3,val,5bc5e58cc140213738a2d693882dae7b
histo_00161,histopathology/images/histo_00161.png,1,invasive_ductal_carcinoma,Breast Histopathology Images (IDC Benchmark / Cruz-Roa et al.),40x,50,50,3,train,ccbda31099fa06243201c8dd787638f8
histo_00162,histopathology/images/histo_00162.png,0,non_idc_or_benign,Breast Histopathology Images (IDC Benchmark / Cruz-Roa et al.),40x,50,50,3,val,28184797c835e6aafb1ab28c158a21a7
histo_00163,histopathology/images/histo_00163.png,0,non_idc_or_benign,Breast Histopathology Images (IDC Benchmark / Cruz-Roa et al.),40x,50,50,3,train,6988d37d9ec46e87d6f583d2656e5357
histo_00164,histopathology/images/histo_00164.png,0,non_idc_or_benign,Breast Histopathology Images (IDC Benchmark / Cruz-Roa et al.),40x,50,50,3,train,9c5ad238874c8329a1902bdab1f4c338
histo_00165,histopathology/images/histo_00165.png,0,non_idc_or_benign,Breast Histopathology Images (IDC Benchmark / Cruz-Roa et al.),40x,50,50,3,train,e76b38924c830d111dad9ff0c363a853
histo_00166,histopathology/images/histo_00166.png,0,non_idc_or_benign,Breast Histopathology Images (IDC Benchmark / Cruz-Roa et al.),40x,50,50,3,test,1480bf90739e470c56c9b277c89d0326
histo_00167,histopathology/images/histo_00167.png,0,non_idc_or_benign,Breast Histopathology Images (IDC Benchmark / Cruz-Roa et al.),40x,50,50,3,train,fc6820fa7389c4b5e7bb160fa850eb0f
histo_00168,histopathology/images/histo_00168.png,1,invasive_ductal_carcinoma,Breast Histopathology Images (IDC Benchmark / Cruz-Roa et al.),40x,50,50,3,test,b9bb54ca3f58f41c1e7f9f7c99377a93
histo_00169,histopathology/images/histo_00169.png,1,invasive_ductal_carcinoma,Breast Histopathology Images (IDC Benchmark / Cruz-Roa et al.),40x,50,50,3,val,17bc90d4c5ece99a292f8eea4b244788
histo_00170,histopathology/images/histo_00170.png,1,invasive_ductal_carcinoma,Breast Histopathology Images (IDC Benchmark / Cruz-Roa et al.),40x,50,50,3,train,37ba6b9d35b2ce9d56136c392690102c
histo_00171,histopathology/images/histo_00171.png,1,invasive_ductal_carcinoma,Breast Histopathology Images (IDC Benchmark / Cruz-Roa et al.),40x,50,50,3,val,c5e1fd238eccf26067b0987759413d09
histo_00172,histopathology/images/histo_00172.png,0,non_idc_or_benign,Breast Histopathology Images (IDC Benchmark / Cruz-Roa et al.),40x,50,50,3,train,142b58d4e095f2ca969b4244ebbe8dca
histo_00173,histopathology/images/histo_00173.png,0,non_idc_or_benign,Breast Histopathology Images (IDC Benchmark / Cruz-Roa et al.),40x,50,50,3,train,5a665ae12a5f272a4076a2484ce326eb
histo_00174,histopathology/images/histo_00174.png,1,invasive_ductal_carcinoma,Breast Histopathology Images (IDC Benchmark / Cruz-Roa et al.),40x,50,50,3,train,9d0460df0a6be4b9c0ddfbc786a6d6b6
histo_00175,histopathology/images/histo_00175.png,0,non_idc_or_benign,Breast Histopathology Images (IDC Benchmark / Cruz-Roa et al.),40x,50,50,3,train,f9a262bb4eff97dc163c69a84f94d8c3
histo_00176,histopathology/images/histo_00176.png,0,non_idc_or_benign,Breast Histopathology Images (IDC Benchmark / Cruz-Roa et al.),40x,50,50,3,train,fad8e06643f570089afc3a830a054aba
histo_00177,histopathology/images/histo_00177.png,0,non_idc_or_benign,Breast Histopathology Images (IDC Benchmark / Cruz-Roa et al.),40x,50,50,3,train,2d167e8e4164097b299229ae6d4d79d2
histo_00178,histopathology/images/histo_00178.png,0,non_idc_or_benign,Breast Histopathology Images (IDC Benchmark / Cruz-Roa et al.),40x,50,50,3,train,e4d3ede35ff2d804f75f41517de3536c
histo_00179,histopathology/images/histo_00179.png,0,non_idc_or_benign,Breast Histopathology Images (IDC Benchmark / Cruz-Roa et al.),40x,50,50,3,val,bcacd411fb73e751d207b392d364f41f
histo_00180,histopathology/images/histo_00180.png,0,non_idc_or_benign,Breast Histopathology Images (IDC Benchmark / Cruz-Roa et al.),40x,50,50,3,train,a098ab203e690506e41110ef0a191394
histo_00181,histopathology/images/histo_00181.png,1,invasive_ductal_carcinoma,Breast Histopathology Images (IDC Benchmark / Cruz-Roa et al.),40x,50,50,3,train,33b6bbca023462f17a87c7499252d1f9
histo_00182,histopathology/images/histo_00182.png,0,non_idc_or_benign,Breast Histopathology Images (IDC Benchmark / Cruz-Roa et al.),40x,50,50,3,train,e515ebb10fd99101525c8efd9a8ad205
histo_00183,histopathology/images/histo_00183.png,0,non_idc_or_benign,Breast Histopathology Images (IDC Benchmark / Cruz-Roa et al.),40x,50,50,3,train,8802db44d9c7669b8c03155e4911c314
histo_00184,histopathology/images/histo_00184.png,1,invasive_ductal_carcinoma,Breast Histopathology Images (IDC Benchmark / Cruz-Roa et al.),40x,50,50,3,train,84fd2aa1b6f9e35d6fd7b8fab967536f
histo_00185,histopathology/images/histo_00185.png,0,non_idc_or_benign,Breast Histopathology Images (IDC Benchmark / Cruz-Roa et al.),40x,50,50,3,train,df477c2e34aa6be497dd165b8a87578a
histo_00186,histopathology/images/histo_00186.png,1,invasive_ductal_carcinoma,Breast Histopathology Images (IDC Benchmark / Cruz-Roa et al.),40x,50,50,3,train,dede1dc4e5325c742efc38a87195003b
histo_00187,histopathology/images/histo_00187.png,1,invasive_ductal_carcinoma,Breast Histopathology Images (IDC Benchmark / Cruz-Roa et al.),40x,50,50,3,test,01662b01dae41581d2ee52f721ec7733
histo_00188,histopathology/images/histo_00188.png,0,non_idc_or_benign,Breast Histopathology Images (IDC Benchmark / Cruz-Roa et al.),40x,50,50,3,train,306362701472db76b680e88fdd9bdbfe
histo_00189,histopathology/images/histo_00189.png,0,non_idc_or_benign,Breast Histopathology Images (IDC Benchmark / Cruz-Roa et al.),40x,50,50,3,train,a08c64e5de48df28e050b0e2d0b63f41
histo_00190,histopathology/images/histo_00190.png,1,invasive_ductal_carcinoma,Breast Histopathology Images (IDC Benchmark / Cruz-Roa et al.),40x,50,50,3,train,566f4713c8b7d5472297444e48936524
histo_00191,histopathology/images/histo_00191.png,1,invasive_ductal_carcinoma,Breast Histopathology Images (IDC Benchmark / Cruz-Roa et al.),40x,50,50,3,test,c4fea0f9931f180b44dc8d420849e4ef
histo_00192,histopathology/images/histo_00192.png,0,non_idc_or_benign,Breast Histopathology Images (IDC Benchmark / Cruz-Roa et al.),40x,50,50,3,train,2aafecf54102e2076177ecc3c76507c6
histo_00193,histopathology/images/histo_00193.png,0,non_idc_or_benign,Breast Histopathology Images (IDC Benchmark / Cruz-Roa et al.),40x,50,50,3,train,4ffb6f917372f49432a401b9b9bc84c5
histo_00194,histopathology/images/histo_00194.png,1,invasive_ductal_carcinoma,Breast Histopathology Images (IDC Benchmark / Cruz-Roa et al.),40x,50,50,3,train,1d27794936a6d3bef3ae5dfda458a21d
histo_00195,histopathology/images/histo_00195.png,0,non_idc_or_benign,Breast Histopathology Images (IDC Benchmark / Cruz-Roa et al.),40x,50,50,3,train,e27a049d0bc34e02ecd63bdda48bde6e
histo_00196,histopathology/images/histo_00196.png,1,invasive_ductal_carcinoma,Breast Histopathology Images (IDC Benchmark / Cruz-Roa et al.),40x,50,50,3,train,06e35addb206ef5b8fffb0d080a7cbdb
histo_00197,histopathology/images/histo_00197.png,0,non_idc_or_benign,Breast Histopathology Images (IDC Benchmark / Cruz-Roa et al.),40x,50,50,3,train,ba48579ac48a9add361516b6f964c31b
histo_00198,histopathology/images/histo_00198.png,0,non_idc_or_benign,Breast Histopathology Images (IDC Benchmark / Cruz-Roa et al.),40x,50,50,3,train,68c4b366c590a923c3a58ed9a6d92752
histo_00199,histopathology/images/histo_00199.png,0,non_idc_or_benign,Breast Histopathology Images (IDC Benchmark / Cruz-Roa et al.),40x,50,50,3,train,252154182f947903589b538dc8fa08ac
histo_00200,histopathology/images/histo_00200.png,0,non_idc_or_benign,Breast Histopathology Images (IDC Benchmark / Cruz-Roa et al.),40x,50,50,3,train,be1361acd44fcaeae37504e382761e1b
histo_00201,histopathology/images/histo_00201.png,1,invasive_ductal_carcinoma,Breast Histopathology Images (IDC Benchmark / Cruz-Roa et al.),40x,50,50,3,train,41f8d781d8e870c1a113626b7479ff18
histo_00202,histopathology/images/histo_00202.png,0,non_idc_or_benign,Breast Histopathology Images (IDC Benchmark / Cruz-Roa et al.),40x,50,50,3,train,5aab7d2c22ff65eba0188741a96251a9
histo_00203,histopathology/images/histo_00203.png,1,invasive_ductal_carcinoma,Breast Histopathology Images (IDC Benchmark / Cruz-Roa et al.),40x,50,50,3,test,c6d5b4ee93d0305b580de8821400fa42
histo_00204,histopathology/images/histo_00204.png,0,non_idc_or_benign,Breast Histopathology Images (IDC Benchmark / Cruz-Roa et al.),40x,50,50,3,train,4734354c05556ac4cfd5e5243d057193
histo_00205,histopathology/images/histo_00205.png,0,non_idc_or_benign,Breast Histopathology Images (IDC Benchmark / Cruz-Roa et al.),40x,50,50,3,train,dcda27670fe55dfef5a7880b0e864376
histo_00206,histopathology/images/histo_00206.png,1,invasive_ductal_carcinoma,Breast Histopathology Images (IDC Benchmark / Cruz-Roa et al.),40x,50,50,3,train,08759ff010e3a1aa12cfc472b2922651
histo_00207,histopathology/images/histo_00207.png,0,non_idc_or_benign,Breast Histopathology Images (IDC Benchmark / Cruz-Roa et al.),40x,50,50,3,train,08194f066a1be02143b024d8ee7b282e
histo_00208,histopathology/images/histo_00208.png,0,non_idc_or_benign,Breast Histopathology Images (IDC Benchmark / Cruz-Roa et al.),40x,50,50,3,train,432b9cff14dea8147d867a3edf359aba
histo_00209,histopathology/images/histo_00209.png,0,non_idc_or_benign,Breast Histopathology Images (IDC Benchmark / Cruz-Roa et al.),40x,50,50,3,train,869a5e6ea8332382ed4d33cbad298571
histo_00210,histopathology/images/histo_00210.png,0,non_idc_or_benign,Breast Histopathology Images (IDC Benchmark / Cruz-Roa et al.),40x,50,50,3,train,eb97e208a85153cbd4256b610d843c38
histo_00211,histopathology/images/histo_00211.png,0,non_idc_or_benign,Breast Histopathology Images (IDC Benchmark / Cruz-Roa et al.),40x,50,50,3,test,47ff1d30a2e19fee5fe7d17410126d0c
histo_00212,histopathology/images/histo_00212.png,0,non_idc_or_benign,Breast Histopathology Images (IDC Benchmark / Cruz-Roa et al.),40x,50,50,3,train,128c8dce12a192db0fc82e6d2d90d15b
histo_00213,histopathology/images/histo_00213.png,0,non_idc_or_benign,Breast Histopathology Images (IDC Benchmark / Cruz-Roa et al.),40x,50,50,3,test,f46408625a294623954f4b3d251650e7
histo_00214,histopathology/images/histo_00214.png,0,non_idc_or_benign,Breast Histopathology Images (IDC Benchmark / Cruz-Roa et al.),40x,50,50,3,val,1a52fbffdec7cd6cc17a96f599013d5c
histo_00215,histopathology/images/histo_00215.png,0,non_idc_or_benign,Breast Histopathology Images (IDC Benchmark / Cruz-Roa et al.),40x,50,50,3,val,9f2453a5ce7471e81ca018f2525dd185
histo_00216,histopathology/images/histo_00216.png,0,non_idc_or_benign,Breast Histopathology Images (IDC Benchmark / Cruz-Roa et al.),40x,50,50,3,train,90f1483c2655ed3efe9b2b62d87f7772
histo_00217,histopathology/images/histo_00217.png,0,non_idc_or_benign,Breast Histopathology Images (IDC Benchmark / Cruz-Roa et al.),40x,50,50,3,val,792b7e1cfadb504feaa95cb7ca3ef863
histo_00218,histopathology/images/histo_00218.png,0,non_idc_or_benign,Breast Histopathology Images (IDC Benchmark / Cruz-Roa et al.),40x,50,50,3,val,9aa649fb3b5c8a75cdf59fc51d9af5b8
histo_00219,histopathology/images/histo_00219.png,1,invasive_ductal_carcinoma,Breast Histopathology Images (IDC Benchmark / Cruz-Roa et al.),40x,50,50,3,val,185d0b3bbdbdf640bee98b3909469de6
histo_00220,histopathology/images/histo_00220.png,0,non_idc_or_benign,Breast Histopathology Images (IDC Benchmark / Cruz-Roa et al.),40x,50,50,3,train,f3c87929898fde3c1d9bc2880488742d
histo_00221,histopathology/images/histo_00221.png,1,invasive_ductal_carcinoma,Breast Histopathology Images (IDC Benchmark / Cruz-Roa et al.),40x,50,50,3,train,2acd5bae2d49f7ff26c144ce5f5d36b1
histo_00222,histopathology/images/histo_00222.png,1,invasive_ductal_carcinoma,Breast Histopathology Images (IDC Benchmark / Cruz-Roa et al.),40x,50,50,3,test,3c91abb5f16a41f6fb6032eb9405b9cc
histo_00223,histopathology/images/histo_00223.png,0,non_idc_or_benign,Breast Histopathology Images (IDC Benchmark / Cruz-Roa et al.),40x,50,50,3,val,367b6dc3349b46f09fa81a0faae829f5
histo_00224,histopathology/images/histo_00224.png,0,non_idc_or_benign,Breast Histopathology Images (IDC Benchmark / Cruz-Roa et al.),40x,50,50,3,test,86b6a0166149b4f61ad8495858e1ce4b
histo_00225,histopathology/images/histo_00225.png,0,non_idc_or_benign,Breast Histopathology Images (IDC Benchmark / Cruz-Roa et al.),40x,50,50,3,test,0155c69f2d96409978638431438ec5fe
histo_00226,histopathology/images/histo_00226.png,0,non_idc_or_benign,Breast Histopathology Images (IDC Benchmark / Cruz-Roa et al.),40x,50,50,3,val,e569060e733cd67ed7d7f648893af725
histo_00227,histopathology/images/histo_00227.png,1,invasive_ductal_carcinoma,Breast Histopathology Images (IDC Benchmark / Cruz-Roa et al.),40x,50,50,3,train,8a53e78c05ee7588882c359bcb4ab496
histo_00228,histopathology/images/histo_00228.png,1,invasive_ductal_carcinoma,Breast Histopathology Images (IDC Benchmark / Cruz-Roa et al.),40x,50,50,3,train,d97e0cf6ca21dbc7b337e107eb87acf7
histo_00229,histopathology/images/histo_00229.png,0,non_idc_or_benign,Breast Histopathology Images (IDC Benchmark / Cruz-Roa et al.),40x,50,50,3,val,d04fbf1f4aaf342bd3f65c18a8b21a6f
histo_00230,histopathology/images/histo_00230.png,1,invasive_ductal_carcinoma,Breast Histopathology Images (IDC Benchmark / Cruz-Roa et al.),40x,50,50,3,train,57e81265dde5bad35692cc3f4a7ae9ab
histo_00231,histopathology/images/histo_00231.png,1,invasive_ductal_carcinoma,Breast Histopathology Images (IDC Benchmark / Cruz-Roa et al.),40x,50,50,3,val,0b2dabdba7bb284ee98a32d489623e20
histo_00232,histopathology/images/histo_00232.png,1,invasive_ductal_carcinoma,Breast Histopathology Images (IDC Benchmark / Cruz-Roa et al.),40x,50,50,3,train,36fafb4bf20a434d3902ba2babc9f748
histo_00233,histopathology/images/histo_00233.png,0,non_idc_or_benign,Breast Histopathology Images (IDC Benchmark / Cruz-Roa et al.),40x,50,50,3,val,50f087df522eb6fc84dd678e0f2324f0
histo_00234,histopathology/images/histo_00234.png,0,non_idc_or_benign,Breast Histopathology Images (IDC Benchmark / Cruz-Roa et al.),40x,50,50,3,train,eb958879c3f69cf4a66f095ee337812a
histo_00235,histopathology/images/histo_00235.png,0,non_idc_or_benign,Breast Histopathology Images (IDC Benchmark / Cruz-Roa et al.),40x,50,50,3,train,264e67c0b44f6dd7c15b1ccfdd145d94
histo_00236,histopathology/images/histo_00236.png,0,non_idc_or_benign,Breast Histopathology Images (IDC Benchmark / Cruz-Roa et al.),40x,50,50,3,train,cff1b9d03f58a1be1ac5de9296206bc6
histo_00237,histopathology/images/histo_00237.png,0,non_idc_or_benign,Breast Histopathology Images (IDC Benchmark / Cruz-Roa et al.),40x,50,50,3,train,2fa74b2fb0a0f822f316b81379b19110
histo_00238,histopathology/images/histo_00238.png,1,invasive_ductal_carcinoma,Breast Histopathology Images (IDC Benchmark / Cruz-Roa et al.),40x,50,50,3,train,1c3c9b272f9e7a052b011199d9e1ebfa
histo_00239,histopathology/images/histo_00239.png,0,non_idc_or_benign,Breast Histopathology Images (IDC Benchmark / Cruz-Roa et al.),40x,50,50,3,test,1d80a83857cf6b5fd00272e2d8afb415
histo_00240,histopathology/images/histo_00240.png,0,non_idc_or_benign,Breast Histopathology Images (IDC Benchmark / Cruz-Roa et al.),40x,50,50,3,test,6efb88a3f7462f6a5ab749a1054c08d3
histo_00241,histopathology/images/histo_00241.png,0,non_idc_or_benign,Breast Histopathology Images (IDC Benchmark / Cruz-Roa et al.),40x,50,50,3,train,52003ab6fae994b32dfe9d224851df93
histo_00242,histopathology/images/histo_00242.png,0,non_idc_or_benign,Breast Histopathology Images (IDC Benchmark / Cruz-Roa et al.),40x,50,50,3,val,5597db3607517e26a277c7bd00c7ec23
histo_00243,histopathology/images/histo_00243.png,0,non_idc_or_benign,Breast Histopathology Images (IDC Benchmark / Cruz-Roa et al.),40x,50,50,3,train,de16be5a8ad2a4188847a36134fad814
histo_00244,histopathology/images/histo_00244.png,0,non_idc_or_benign,Breast Histopathology Images (IDC Benchmark / Cruz-Roa et al.),40x,50,50,3,val,db7ffd03ed70cab047e23ec30e5d1a5f
histo_00245,histopathology/images/histo_00245.png,0,non_idc_or_benign,Breast Histopathology Images (IDC Benchmark / Cruz-Roa et al.),40x,50,50,3,train,e72eda51ac2772f8af467d33e456567c
histo_00246,histopathology/images/histo_00246.png,0,non_idc_or_benign,Breast Histopathology Images (IDC Benchmark / Cruz-Roa et al.),40x,50,50,3,train,c68c0a47902f129db9e3d38a3447f3cf
histo_00247,histopathology/images/histo_00247.png,0,non_idc_or_benign,Breast Histopathology Images (IDC Benchmark / Cruz-Roa et al.),40x,50,50,3,train,31daa7a1cb030e783ef35dcfabd8ae41
histo_00248,histopathology/images/histo_00248.png,1,invasive_ductal_carcinoma,Breast Histopathology Images (IDC Benchmark / Cruz-Roa et al.),40x,50,50,3,train,05ab17a0ee90e16570f85efd13a52505
histo_00249,histopathology/images/histo_00249.png,0,non_idc_or_benign,Breast Histopathology Images (IDC Benchmark / Cruz-Roa et al.),40x,50,50,3,train,d5d86d9a895a6b98bbc8799586cab3fa
histo_00250,histopathology/images/histo_00250.png,0,non_idc_or_benign,Breast Histopathology Images (IDC Benchmark / Cruz-Roa et al.),40x,50,50,3,train,131d0094ed9a407483673b9ee687b73e
histo_00251,histopathology/images/histo_00251.png,0,non_idc_or_benign,Breast Histopathology Images (IDC Benchmark / Cruz-Roa et al.),40x,50,50,3,train,aa6f3ec0432dfcd465529f53e1082714
histo_00252,histopathology/images/histo_00252.png,1,invasive_ductal_carcinoma,Breast Histopathology Images (IDC Benchmark / Cruz-Roa et al.),40x,50,50,3,train,6eb061ffb22b5bfa230c35e171ffbabf
histo_00253,histopathology/images/histo_00253.png,0,non_idc_or_benign,Breast Histopathology Images (IDC Benchmark / Cruz-Roa et al.),40x,50,50,3,val,2ebb3bb26f34ad1f848793db5d923968
histo_00254,histopathology/images/histo_00254.png,1,invasive_ductal_carcinoma,Breast Histopathology Images (IDC Benchmark / Cruz-Roa et al.),40x,50,50,3,train,a39af83768b02be19d8b2c4500c89589
histo_00255,histopathology/images/histo_00255.png,0,non_idc_or_benign,Breast Histopathology Images (IDC Benchmark / Cruz-Roa et al.),40x,50,50,3,train,ff381a5e48a3fb725d93b7f042ff9d9a
histo_00256,histopathology/images/histo_00256.png,0,non_idc_or_benign,Breast Histopathology Images (IDC Benchmark / Cruz-Roa et al.),40x,50,50,3,val,65c272a47efe31f90b124a0d28573a79
histo_00257,histopathology/images/histo_00257.png,0,non_idc_or_benign,Breast Histopathology Images (IDC Benchmark / Cruz-Roa et al.),40x,50,50,3,val,c8a4b1170cd609d050d96bbfb66532ed
histo_00258,histopathology/images/histo_00258.png,1,invasive_ductal_carcinoma,Breast Histopathology Images (IDC Benchmark / Cruz-Roa et al.),40x,50,50,3,train,3c8d31f8846d43b5572863169a131f52
histo_00259,histopathology/images/histo_00259.png,0,non_idc_or_benign,Breast Histopathology Images (IDC Benchmark / Cruz-Roa et al.),40x,50,50,3,train,a77855a328b09c575f9ab44d0490388d
histo_00260,histopathology/images/histo_00260.png,1,invasive_ductal_carcinoma,Breast Histopathology Images (IDC Benchmark / Cruz-Roa et al.),40x,50,50,3,test,6afce35b566dd419609cf0c9a22e187b
histo_00261,histopathology/images/histo_00261.png,1,invasive_ductal_carcinoma,Breast Histopathology Images (IDC Benchmark / Cruz-Roa et al.),40x,50,50,3,train,f4100245ad6fb5dde838b4839d1fcead
histo_00262,histopathology/images/histo_00262.png,0,non_idc_or_benign,Breast Histopathology Images (IDC Benchmark / Cruz-Roa et al.),40x,50,50,3,train,83d2c9ad1efd2d5be14cb2dfc21d2430
histo_00263,histopathology/images/histo_00263.png,0,non_idc_or_benign,Breast Histopathology Images (IDC Benchmark / Cruz-Roa et al.),40x,50,50,3,val,b5e691190bf180e7dc88fb3c630d9a1c
histo_00264,histopathology/images/histo_00264.png,0,non_idc_or_benign,Breast Histopathology Images (IDC Benchmark / Cruz-Roa et al.),40x,50,50,3,train,8a0cf72935c42402961685b26924e776
histo_00265,histopathology/images/histo_00265.png,1,invasive_ductal_carcinoma,Breast Histopathology Images (IDC Benchmark / Cruz-Roa et al.),40x,50,50,3,train,b9b378fb6d870fbe641c1c7ccc190b86
histo_00266,histopathology/images/histo_00266.png,1,invasive_ductal_carcinoma,Breast Histopathology Images (IDC Benchmark / Cruz-Roa et al.),40x,50,50,3,train,1d38fbca5ffa1b0df4f8fae93a07f6de
histo_00267,histopathology/images/histo_00267.png,1,invasive_ductal_carcinoma,Breast Histopathology Images (IDC Benchmark / Cruz-Roa et al.),40x,50,50,3,train,f7bd477c4981b5675018e6efccc93e1c
histo_00268,histopathology/images/histo_00268.png,0,non_idc_or_benign,Breast Histopathology Images (IDC Benchmark / Cruz-Roa et al.),40x,50,50,3,train,ffeb126ea8b4feba1b7e33976b72d0f9
histo_00269,histopathology/images/histo_00269.png,1,invasive_ductal_carcinoma,Breast Histopathology Images (IDC Benchmark / Cruz-Roa et al.),40x,50,50,3,train,bed05afc6b8aa3167f330514282d2d62
histo_00270,histopathology/images/histo_00270.png,0,non_idc_or_benign,Breast Histopathology Images (IDC Benchmark / Cruz-Roa et al.),40x,50,50,3,test,32c25e0f9c1847316a1e252eba1e117e
histo_00271,histopathology/images/histo_00271.png,0,non_idc_or_benign,Breast Histopathology Images (IDC Benchmark / Cruz-Roa et al.),40x,50,50,3,train,a8a4c1899157573fb521d5231baadd5e
histo_00272,histopathology/images/histo_00272.png,0,non_idc_or_benign,Breast Histopathology Images (IDC Benchmark / Cruz-Roa et al.),40x,50,50,3,train,3de5a6c5dab0ee9d0a2d44b7cd1effad
histo_00273,histopathology/images/histo_00273.png,1,invasive_ductal_carcinoma,Breast Histopathology Images (IDC Benchmark / Cruz-Roa et al.),40x,50,50,3,test,fb7f6c0874c33a38031ad0c7e52e788c
histo_00274,histopathology/images/histo_00274.png,0,non_idc_or_benign,Breast Histopathology Images (IDC Benchmark / Cruz-Roa et al.),40x,50,50,3,train,12308ec934e522caa2618da2677c76f8
histo_00275,histopathology/images/histo_00275.png,0,non_idc_or_benign,Breast Histopathology Images (IDC Benchmark / Cruz-Roa et al.),40x,50,50,3,train,657ac0ea9522e08561c7e49fcc6cd94c
histo_00276,histopathology/images/histo_00276.png,1,invasive_ductal_carcinoma,Breast Histopathology Images (IDC Benchmark / Cruz-Roa et al.),40x,50,50,3,train,c793fa0b36226dd64e45632f29ba3c82
histo_00277,histopathology/images/histo_00277.png,0,non_idc_or_benign,Breast Histopathology Images (IDC Benchmark / Cruz-Roa et al.),40x,50,50,3,train,ad7513b68bffdd68364aec15cc5c7537
histo_00278,histopathology/images/histo_00278.png,0,non_idc_or_benign,Breast Histopathology Images (IDC Benchmark / Cruz-Roa et al.),40x,50,50,3,train,ffa9f4d335a5360026448c1cca3e9749
histo_00279,histopathology/images/histo_00279.png,1,invasive_ductal_carcinoma,Breast Histopathology Images (IDC Benchmark / Cruz-Roa et al.),40x,50,50,3,train,ea355d04da30c120c521f21a9131df57
histo_00280,histopathology/images/histo_00280.png,0,non_idc_or_benign,Breast Histopathology Images (IDC Benchmark / Cruz-Roa et al.),40x,50,50,3,train,773790288b992b8911ad9e33f5c3dd4a
histo_00281,histopathology/images/histo_00281.png,0,non_idc_or_benign,Breast Histopathology Images (IDC Benchmark / Cruz-Roa et al.),40x,50,50,3,train,d764e8e4f407f620b430b98514b311b7
histo_00282,histopathology/images/histo_00282.png,0,non_idc_or_benign,Breast Histopathology Images (IDC Benchmark / Cruz-Roa et al.),40x,50,50,3,val,3b7e658a9ccb9a4b69cbc083fd61c3b4
histo_00283,histopathology/images/histo_00283.png,0,non_idc_or_benign,Breast Histopathology Images (IDC Benchmark / Cruz-Roa et al.),40x,50,50,3,val,0e5ae06458dae55835c62c76f67dd6c4
histo_00284,histopathology/images/histo_00284.png,0,non_idc_or_benign,Breast Histopathology Images (IDC Benchmark / Cruz-Roa et al.),40x,50,50,3,train,c44ed7f38a66b63555274206ffa0167a
histo_00285,histopathology/images/histo_00285.png,0,non_idc_or_benign,Breast Histopathology Images (IDC Benchmark / Cruz-Roa et al.),40x,50,50,3,train,78dee83f955c8062f9b9f562e23aa0be
histo_00286,histopathology/images/histo_00286.png,0,non_idc_or_benign,Breast Histopathology Images (IDC Benchmark / Cruz-Roa et al.),40x,50,50,3,val,45264025e24ee256b23e962eca360cc1
histo_00287,histopathology/images/histo_00287.png,0,non_idc_or_benign,Breast Histopathology Images (IDC Benchmark / Cruz-Roa et al.),40x,50,50,3,train,4742d0b74e7653593a66a3a9fce297d8
histo_00288,histopathology/images/histo_00288.png,1,invasive_ductal_carcinoma,Breast Histopathology Images (IDC Benchmark / Cruz-Roa et al.),40x,50,50,3,train,8bb8c8aa1fce4c8a89872a4c01485ed8
histo_00289,histopathology/images/histo_00289.png,0,non_idc_or_benign,Breast Histopathology Images (IDC Benchmark / Cruz-Roa et al.),40x,50,50,3,val,558bc589bddd5f9b85347916dc548ba6
histo_00290,histopathology/images/histo_00290.png,0,non_idc_or_benign,Breast Histopathology Images (IDC Benchmark / Cruz-Roa et al.),40x,50,50,3,val,6ff734467cff2b42c6591f23fe9d38f5
histo_00291,histopathology/images/histo_00291.png,0,non_idc_or_benign,Breast Histopathology Images (IDC Benchmark / Cruz-Roa et al.),40x,50,50,3,train,a523f6a80dc7a9260d7d13f189e3f865
histo_00292,histopathology/images/histo_00292.png,1,invasive_ductal_carcinoma,Breast Histopathology Images (IDC Benchmark / Cruz-Roa et al.),40x,50,50,3,test,9f508899851c352e8a534013b01cd03d
histo_00293,histopathology/images/histo_00293.png,1,invasive_ductal_carcinoma,Breast Histopathology Images (IDC Benchmark / Cruz-Roa et al.),40x,50,50,3,val,1cbc32a6462949dee81a7474364bfba4
histo_00294,histopathology/images/histo_00294.png,1,invasive_ductal_carcinoma,Breast Histopathology Images (IDC Benchmark / Cruz-Roa et al.),40x,50,50,3,train,cf95a11694a91f6dd164bd7d8f858960
histo_00295,histopathology/images/histo_00295.png,0,non_idc_or_benign,Breast Histopathology Images (IDC Benchmark / Cruz-Roa et al.),40x,50,50,3,test,ac89536d09273408a2752ff702822506
histo_00296,histopathology/images/histo_00296.png,1,invasive_ductal_carcinoma,Breast Histopathology Images (IDC Benchmark / Cruz-Roa et al.),40x,50,50,3,train,8d4592644d60f0ee11b09882a7fe5674
histo_00297,histopathology/images/histo_00297.png,0,non_idc_or_benign,Breast Histopathology Images (IDC Benchmark / Cruz-Roa et al.),40x,50,50,3,test,0621e2e6184528e616668072334ba72b
histo_00298,histopathology/images/histo_00298.png,0,non_idc_or_benign,Breast Histopathology Images (IDC Benchmark / Cruz-Roa et al.),40x,50,50,3,val,5dd52451b31cc8e9eb4ce63d974c0afd
histo_00299,histopathology/images/histo_00299.png,1,invasive_ductal_carcinoma,Breast Histopathology Images (IDC Benchmark / Cruz-Roa et al.),40x,50,50,3,train,ab9454933004de13cb0639054d22b51c
histo_00300,histopathology/images/histo_00300.png,1,invasive_ductal_carcinoma,Breast Histopathology Images (IDC Benchmark / Cruz-Roa et al.),40x,50,50,3,train,997418d0d3fdd6df315ba482113ecd05
histo_00301,histopathology/images/histo_00301.png,1,invasive_ductal_carcinoma,Breast Histopathology Images (IDC Benchmark / Cruz-Roa et al.),40x,50,50,3,train,3cf90f39d1d18169f476bbb7258a5248
histo_00302,histopathology/images/histo_00302.png,0,non_idc_or_benign,Breast Histopathology Images (IDC Benchmark / Cruz-Roa et al.),40x,50,50,3,train,4b64395f63cac99d80e89cc031f4ca1b
histo_00303,histopathology/images/histo_00303.png,1,invasive_ductal_carcinoma,Breast Histopathology Images (IDC Benchmark / Cruz-Roa et al.),40x,50,50,3,train,2acfbad93f1552c5e5f29608c9d8fd4b
histo_00304,histopathology/images/histo_00304.png,0,non_idc_or_benign,Breast Histopathology Images (IDC Benchmark / Cruz-Roa et al.),40x,50,50,3,train,4200d7723e3d7cca14d75b5443d42b60
histo_00305,histopathology/images/histo_00305.png,0,non_idc_or_benign,Breast Histopathology Images (IDC Benchmark / Cruz-Roa et al.),40x,50,50,3,train,e7517bec2d26db4ede6d4e004a3d6f13
histo_00306,histopathology/images/histo_00306.png,0,non_idc_or_benign,Breast Histopathology Images (IDC Benchmark / Cruz-Roa et al.),40x,50,50,3,test,54004f5c2b518418cf5bb782656fa394
histo_00307,histopathology/images/histo_00307.png,0,non_idc_or_benign,Breast Histopathology Images (IDC Benchmark / Cruz-Roa et al.),40x,50,50,3,train,16ee6060d5856ae45bf646652df7f586
histo_00308,histopathology/images/histo_00308.png,0,non_idc_or_benign,Breast Histopathology Images (IDC Benchmark / Cruz-Roa et al.),40x,50,50,3,train,d425fd64016cae45be86c68f3503701c
histo_00309,histopathology/images/histo_00309.png,1,invasive_ductal_carcinoma,Breast Histopathology Images (IDC Benchmark / Cruz-Roa et al.),40x,50,50,3,train,a8ebf953665587489a825a0cc8ddb172
histo_00310,histopathology/images/histo_00310.png,1,invasive_ductal_carcinoma,Breast Histopathology Images (IDC Benchmark / Cruz-Roa et al.),40x,50,50,3,train,0589bf7dc6ad6875f9448e1ba78137b3
histo_00311,histopathology/images/histo_00311.png,1,invasive_ductal_carcinoma,Breast Histopathology Images (IDC Benchmark / Cruz-Roa et al.),40x,50,50,3,train,cbe9bf78d76af5ed3049ffa601d65944
histo_00312,histopathology/images/histo_00312.png,0,non_idc_or_benign,Breast Histopathology Images (IDC Benchmark / Cruz-Roa et al.),40x,50,50,3,val,da27b84d999f40b5157c7f2ae41386d0
histo_00313,histopathology/images/histo_00313.png,0,non_idc_or_benign,Breast Histopathology Images (IDC Benchmark / Cruz-Roa et al.),40x,50,50,3,train,e7dc75e0f74fe9afe62e53a8c5e199e6
histo_00314,histopathology/images/histo_00314.png,1,invasive_ductal_carcinoma,Breast Histopathology Images (IDC Benchmark / Cruz-Roa et al.),40x,50,50,3,train,fe17b2440f8839e190fc66d7a775ca76
histo_00315,histopathology/images/histo_00315.png,1,invasive_ductal_carcinoma,Breast Histopathology Images (IDC Benchmark / Cruz-Roa et al.),40x,50,50,3,val,54b57472ffa235328da08ac37c731cdd
histo_00316,histopathology/images/histo_00316.png,0,non_idc_or_benign,Breast Histopathology Images (IDC Benchmark / Cruz-Roa et al.),40x,50,50,3,train,d1c358f136c39b013b105a82bc5c0837
histo_00317,histopathology/images/histo_00317.png,0,non_idc_or_benign,Breast Histopathology Images (IDC Benchmark / Cruz-Roa et al.),40x,50,50,3,train,78626c743af22ea8c9ca307c90188123
histo_00318,histopathology/images/histo_00318.png,0,non_idc_or_benign,Breast Histopathology Images (IDC Benchmark / Cruz-Roa et al.),40x,50,50,3,train,a083b271f859de92bd273355942bafe8
histo_00319,histopathology/images/histo_00319.png,0,non_idc_or_benign,Breast Histopathology Images (IDC Benchmark / Cruz-Roa et al.),40x,50,50,3,train,5ca33485ca014d3d1d113efd1ab4b73f
histo_00320,histopathology/images/histo_00320.png,0,non_idc_or_benign,Breast Histopathology Images (IDC Benchmark / Cruz-Roa et al.),40x,50,50,3,train,bfb60737eb2dcc5df0b1b5fa9de41606
histo_00321,histopathology/images/histo_00321.png,0,non_idc_or_benign,Breast Histopathology Images (IDC Benchmark / Cruz-Roa et al.),40x,50,50,3,train,b091bb3b678425d79ca93603e4843e61
histo_00322,histopathology/images/histo_00322.png,1,invasive_ductal_carcinoma,Breast Histopathology Images (IDC Benchmark / Cruz-Roa et al.),40x,50,50,3,train,117e973169f4ef8ccbef0909c9fe94f6
histo_00323,histopathology/images/histo_00323.png,0,non_idc_or_benign,Breast Histopathology Images (IDC Benchmark / Cruz-Roa et al.),40x,50,50,3,train,f3f66013e1bf280e398818e965e59418
histo_00324,histopathology/images/histo_00324.png,0,non_idc_or_benign,Breast Histopathology Images (IDC Benchmark / Cruz-Roa et al.),40x,50,50,3,test,007d48c674ada3add7c427b17d85658a
histo_00325,histopathology/images/histo_00325.png,0,non_idc_or_benign,Breast Histopathology Images (IDC Benchmark / Cruz-Roa et al.),40x,50,50,3,val,7c8b424a5d558fa32fedca429bcd855b
histo_00326,histopathology/images/histo_00326.png,0,non_idc_or_benign,Breast Histopathology Images (IDC Benchmark / Cruz-Roa et al.),40x,50,50,3,test,c1743713f0542f2f359014137c31ed4c
histo_00327,histopathology/images/histo_00327.png,1,invasive_ductal_carcinoma,Breast Histopathology Images (IDC Benchmark / Cruz-Roa et al.),40x,50,50,3,train,29db2fe4d95b6c824f290080ba981b71
histo_00328,histopathology/images/histo_00328.png,0,non_idc_or_benign,Breast Histopathology Images (IDC Benchmark / Cruz-Roa et al.),40x,50,50,3,train,dc580cf93c3083a848f74f020dc813f2
histo_00329,histopathology/images/histo_00329.png,0,non_idc_or_benign,Breast Histopathology Images (IDC Benchmark / Cruz-Roa et al.),40x,50,50,3,train,32ca1787fcbf6eacb4a90cb2427db433
histo_00330,histopathology/images/histo_00330.png,0,non_idc_or_benign,Breast Histopathology Images (IDC Benchmark / Cruz-Roa et al.),40x,50,50,3,test,5cbadb77d3f981d1d7aa47da9015d4d8
histo_00331,histopathology/images/histo_00331.png,0,non_idc_or_benign,Breast Histopathology Images (IDC Benchmark / Cruz-Roa et al.),40x,50,50,3,test,52f7018f7bd8a3329d5eed5e04d57323
histo_00332,histopathology/images/histo_00332.png,1,invasive_ductal_carcinoma,Breast Histopathology Images (IDC Benchmark / Cruz-Roa et al.),40x,50,50,3,train,d56186a943b317d301212485111efc4c
histo_00333,histopathology/images/histo_00333.png,0,non_idc_or_benign,Breast Histopathology Images (IDC Benchmark / Cruz-Roa et al.),40x,50,50,3,train,05c0ad26da80893ffaafe7d60b4522b3
histo_00334,histopathology/images/histo_00334.png,0,non_idc_or_benign,Breast Histopathology Images (IDC Benchmark / Cruz-Roa et al.),40x,50,50,3,train,df0aeced12ac896aee4b8d40382031cc
histo_00335,histopathology/images/histo_00335.png,1,invasive_ductal_carcinoma,Breast Histopathology Images (IDC Benchmark / Cruz-Roa et al.),40x,50,50,3,train,09925200c7a4c75a3a2ebfd9bab46f5d
histo_00336,histopathology/images/histo_00336.png,1,invasive_ductal_carcinoma,Breast Histopathology Images (IDC Benchmark / Cruz-Roa et al.),40x,50,50,3,train,9d87096c8bc820d7b1bce078fcd91053
histo_00337,histopathology/images/histo_00337.png,1,invasive_ductal_carcinoma,Breast Histopathology Images (IDC Benchmark / Cruz-Roa et al.),40x,50,50,3,train,38224aa068050e7afb2ae80aa781982b
histo_00338,histopathology/images/histo_00338.png,0,non_idc_or_benign,Breast Histopathology Images (IDC Benchmark / Cruz-Roa et al.),40x,50,50,3,train,953db684140d877eaeb2de869b44fafd
histo_00339,histopathology/images/histo_00339.png,0,non_idc_or_benign,Breast Histopathology Images (IDC Benchmark / Cruz-Roa et al.),40x,50,50,3,train,9b2bae63053f32cc269844d18922cf4e
histo_00340,histopathology/images/histo_00340.png,0,non_idc_or_benign,Breast Histopathology Images (IDC Benchmark / Cruz-Roa et al.),40x,50,50,3,train,c1b58f8f85e796fd8f54318c4e80d6dd
histo_00341,histopathology/images/histo_00341.png,0,non_idc_or_benign,Breast Histopathology Images (IDC Benchmark / Cruz-Roa et al.),40x,50,50,3,train,fa296ab3a676a5d9e5fb7e98b0994520
histo_00342,histopathology/images/histo_00342.png,0,non_idc_or_benign,Breast Histopathology Images (IDC Benchmark / Cruz-Roa et al.),40x,50,50,3,train,993f377fc951a7e22bec661020d432ab
histo_00343,histopathology/images/histo_00343.png,1,invasive_ductal_carcinoma,Breast Histopathology Images (IDC Benchmark / Cruz-Roa et al.),40x,50,50,3,train,33802374eaced53dee6b9369e1ec952e
histo_00344,histopathology/images/histo_00344.png,0,non_idc_or_benign,Breast Histopathology Images (IDC Benchmark / Cruz-Roa et al.),40x,50,50,3,train,4e43b9b3f0bcac03b4097a6d2b7ee3f1
histo_00345,histopathology/images/histo_00345.png,0,non_idc_or_benign,Breast Histopathology Images (IDC Benchmark / Cruz-Roa et al.),40x,50,50,3,train,fddfe6adce96825b931a60bcfc495131
histo_00346,histopathology/images/histo_00346.png,1,invasive_ductal_carcinoma,Breast Histopathology Images (IDC Benchmark / Cruz-Roa et al.),40x,50,50,3,train,d023603e0b78c3ca7df2b1965802b99c
histo_00347,histopathology/images/histo_00347.png,0,non_idc_or_benign,Breast Histopathology Images (IDC Benchmark / Cruz-Roa et al.),40x,50,50,3,train,3d77b259b6e2b0264e3723afbcf3a1d5
histo_00348,histopathology/images/histo_00348.png,0,non_idc_or_benign,Breast Histopathology Images (IDC Benchmark / Cruz-Roa et al.),40x,50,50,3,train,b62637a197a350e3ba118f4f03ee56a4
histo_00349,histopathology/images/histo_00349.png,0,non_idc_or_benign,Breast Histopathology Images (IDC Benchmark / Cruz-Roa et al.),40x,50,50,3,test,129e8f13f70626199cddc55b6d8ab0de
histo_00350,histopathology/images/histo_00350.png,0,non_idc_or_benign,Breast Histopathology Images (IDC Benchmark / Cruz-Roa et al.),40x,50,50,3,train,1064c9840d43707dc961a99d9709ff56
histo_00351,histopathology/images/histo_00351.png,1,invasive_ductal_carcinoma,Breast Histopathology Images (IDC Benchmark / Cruz-Roa et al.),40x,50,50,3,val,d7f7b92452db06513daa0eacc49c23ae
histo_00352,histopathology/images/histo_00352.png,0,non_idc_or_benign,Breast Histopathology Images (IDC Benchmark / Cruz-Roa et al.),40x,50,50,3,train,12230ce8652a37637c7477173872201d
histo_00353,histopathology/images/histo_00353.png,1,invasive_ductal_carcinoma,Breast Histopathology Images (IDC Benchmark / Cruz-Roa et al.),40x,50,50,3,train,424b04fefd4202c49865867a6dff155a
histo_00354,histopathology/images/histo_00354.png,1,invasive_ductal_carcinoma,Breast Histopathology Images (IDC Benchmark / Cruz-Roa et al.),40x,50,50,3,val,dd7b3f6f3394f4a549292685e9f7bc22
histo_00355,histopathology/images/histo_00355.png,0,non_idc_or_benign,Breast Histopathology Images (IDC Benchmark / Cruz-Roa et al.),40x,50,50,3,train,37f9d1730e79ec96f8022c89c95c9233
histo_00356,histopathology/images/histo_00356.png,0,non_idc_or_benign,Breast Histopathology Images (IDC Benchmark / Cruz-Roa et al.),40x,50,50,3,train,e9cebc7a767128f5a4986961e29b9cd5
histo_00357,histopathology/images/histo_00357.png,0,non_idc_or_benign,Breast Histopathology Images (IDC Benchmark / Cruz-Roa et al.),40x,50,50,3,test,96aafbc6991f26d0c28627ba382cb254
histo_00358,histopathology/images/histo_00358.png,0,non_idc_or_benign,Breast Histopathology Images (IDC Benchmark / Cruz-Roa et al.),40x,50,50,3,train,a2402d75997d69e9166d8575505c7147
histo_00359,histopathology/images/histo_00359.png,1,invasive_ductal_carcinoma,Breast Histopathology Images (IDC Benchmark / Cruz-Roa et al.),40x,50,50,3,val,828556e73266defab72a44b800e3d7cc
histo_00360,histopathology/images/histo_00360.png,0,non_idc_or_benign,Breast Histopathology Images (IDC Benchmark / Cruz-Roa et al.),40x,50,50,3,val,101cd398b10bdcaa7afcba7f4444f4c6
histo_00361,histopathology/images/histo_00361.png,0,non_idc_or_benign,Breast Histopathology Images (IDC Benchmark / Cruz-Roa et al.),40x,50,50,3,train,7a58c46eb7550a2a940771b354b1d747
histo_00362,histopathology/images/histo_00362.png,1,invasive_ductal_carcinoma,Breast Histopathology Images (IDC Benchmark / Cruz-Roa et al.),40x,50,50,3,train,6c67ad0ead923d5f2e538f6a51d34fe6
histo_00363,histopathology/images/histo_00363.png,0,non_idc_or_benign,Breast Histopathology Images (IDC Benchmark / Cruz-Roa et al.),40x,50,50,3,val,7d1a15c4674e0fbf44bedafc9e1744ce
histo_00364,histopathology/images/histo_00364.png,0,non_idc_or_benign,Breast Histopathology Images (IDC Benchmark / Cruz-Roa et al.),40x,50,50,3,val,a92a898211521f0768a61c81ca599915
histo_00365,histopathology/images/histo_00365.png,0,non_idc_or_benign,Breast Histopathology Images (IDC Benchmark / Cruz-Roa et al.),40x,50,50,3,train,156e56f45ff33ff8f380ad1ba33121d2
histo_00366,histopathology/images/histo_00366.png,0,non_idc_or_benign,Breast Histopathology Images (IDC Benchmark / Cruz-Roa et al.),40x,50,50,3,train,a4868eee1485c2429cbe021a03e92b85
histo_00367,histopathology/images/histo_00367.png,1,invasive_ductal_carcinoma,Breast Histopathology Images (IDC Benchmark / Cruz-Roa et al.),40x,50,50,3,test,8c99d6a5674a5b4ed30f213d66f42f25
histo_00368,histopathology/images/histo_00368.png,1,invasive_ductal_carcinoma,Breast Histopathology Images (IDC Benchmark / Cruz-Roa et al.),40x,50,50,3,train,4abc9af6f6c185c5fe508db4b839aada
histo_00369,histopathology/images/histo_00369.png,0,non_idc_or_benign,Breast Histopathology Images (IDC Benchmark / Cruz-Roa et al.),40x,50,50,3,train,201a4cb6facb9caf76e735d63b5ec696
histo_00370,histopathology/images/histo_00370.png,0,non_idc_or_benign,Breast Histopathology Images (IDC Benchmark / Cruz-Roa et al.),40x,50,50,3,val,20584913637d84b011318cec3f8e039d
histo_00371,histopathology/images/histo_00371.png,1,invasive_ductal_carcinoma,Breast Histopathology Images (IDC Benchmark / Cruz-Roa et al.),40x,50,50,3,train,49d233871eb1d5f7c5615112c228578c
histo_00372,histopathology/images/histo_00372.png,1,invasive_ductal_carcinoma,Breast Histopathology Images (IDC Benchmark / Cruz-Roa et al.),40x,50,50,3,val,2035f662d8e6130c86b08f627b52fa00
histo_00373,histopathology/images/histo_00373.png,0,non_idc_or_benign,Breast Histopathology Images (IDC Benchmark / Cruz-Roa et al.),40x,50,50,3,test,e70d3b5ae159fb4b2d16ed9af519546d
histo_00374,histopathology/images/histo_00374.png,0,non_idc_or_benign,Breast Histopathology Images (IDC Benchmark / Cruz-Roa et al.),40x,50,50,3,val,dcf7bdfeeaa4706ec096f4b420ed8a18
histo_00375,histopathology/images/histo_00375.png,0,non_idc_or_benign,Breast Histopathology Images (IDC Benchmark / Cruz-Roa et al.),40x,50,50,3,train,6b1f070fed0bb9cc3362f1451a51c89e
histo_00376,histopathology/images/histo_00376.png,0,non_idc_or_benign,Breast Histopathology Images (IDC Benchmark / Cruz-Roa et al.),40x,50,50,3,train,ae84d4a3326569b1e23c8e6424c00665
histo_00377,histopathology/images/histo_00377.png,0,non_idc_or_benign,Breast Histopathology Images (IDC Benchmark / Cruz-Roa et al.),40x,50,50,3,train,d503f6c7b527a93ad24d67f58d2447cc
histo_00378,histopathology/images/histo_00378.png,1,invasive_ductal_carcinoma,Breast Histopathology Images (IDC Benchmark / Cruz-Roa et al.),40x,50,50,3,train,bfa3ac94c58da4183cf593a55eacbeb2
histo_00379,histopathology/images/histo_00379.png,0,non_idc_or_benign,Breast Histopathology Images (IDC Benchmark / Cruz-Roa et al.),40x,50,50,3,val,0aa6acab5b4bb938e6ff0991369d6747
histo_00380,histopathology/images/histo_00380.png,0,non_idc_or_benign,Breast Histopathology Images (IDC Benchmark / Cruz-Roa et al.),40x,50,50,3,train,156ff4b935733573bc3922910cf40354
histo_00381,histopathology/images/histo_00381.png,0,non_idc_or_benign,Breast Histopathology Images (IDC Benchmark / Cruz-Roa et al.),40x,50,50,3,train,811cb7b4f8bbbf216e43d4fe53b9499b
histo_00382,histopathology/images/histo_00382.png,0,non_idc_or_benign,Breast Histopathology Images (IDC Benchmark / Cruz-Roa et al.),40x,50,50,3,train,c2c7268a44a4fc3e06ab73aa3daa4162
histo_00383,histopathology/images/histo_00383.png,0,non_idc_or_benign,Breast Histopathology Images (IDC Benchmark / Cruz-Roa et al.),40x,50,50,3,train,fabf045813e3c72d42b631c08b0fd237
histo_00384,histopathology/images/histo_00384.png,0,non_idc_or_benign,Breast Histopathology Images (IDC Benchmark / Cruz-Roa et al.),40x,50,50,3,train,b4255384eb9948528f257959fb867bc4
histo_00385,histopathology/images/histo_00385.png,0,non_idc_or_benign,Breast Histopathology Images (IDC Benchmark / Cruz-Roa et al.),40x,50,50,3,train,c06c71814a1166547ca812cc00a27eb1
histo_00386,histopathology/images/histo_00386.png,1,invasive_ductal_carcinoma,Breast Histopathology Images (IDC Benchmark / Cruz-Roa et al.),40x,50,50,3,val,42eb9bc3a7034c3e8d56cb2be82eb327
histo_00387,histopathology/images/histo_00387.png,1,invasive_ductal_carcinoma,Breast Histopathology Images (IDC Benchmark / Cruz-Roa et al.),40x,50,50,3,train,7df416be24038f943fef12d40b791c53
histo_00388,histopathology/images/histo_00388.png,0,non_idc_or_benign,Breast Histopathology Images (IDC Benchmark / Cruz-Roa et al.),40x,50,50,3,test,06ca3c4785db18039c4dfa722a625bfa
histo_00389,histopathology/images/histo_00389.png,0,non_idc_or_benign,Breast Histopathology Images (IDC Benchmark / Cruz-Roa et al.),40x,50,50,3,train,26b6d3eaf04acc4eee293f3aae31a6d4
histo_00390,histopathology/images/histo_00390.png,1,invasive_ductal_carcinoma,Breast Histopathology Images (IDC Benchmark / Cruz-Roa et al.),40x,50,50,3,train,b9fcaf6a1f3b02e5332b61f6014bb4f5
histo_00391,histopathology/images/histo_00391.png,1,invasive_ductal_carcinoma,Breast Histopathology Images (IDC Benchmark / Cruz-Roa et al.),40x,50,50,3,train,525838274406c5e04eb3f3788ad9fd72
histo_00392,histopathology/images/histo_00392.png,0,non_idc_or_benign,Breast Histopathology Images (IDC Benchmark / Cruz-Roa et al.),40x,50,50,3,train,af5ba7d9d6a1970c85bf181c00259065
histo_00393,histopathology/images/histo_00393.png,0,non_idc_or_benign,Breast Histopathology Images (IDC Benchmark / Cruz-Roa et al.),40x,50,50,3,test,48cc7484adafb9ee4e71bc043999bf5b
histo_00394,histopathology/images/histo_00394.png,0,non_idc_or_benign,Breast Histopathology Images (IDC Benchmark / Cruz-Roa et al.),40x,50,50,3,train,2612d0ef455f815c6b155bb84b3ea987
histo_00395,histopathology/images/histo_00395.png,0,non_idc_or_benign,Breast Histopathology Images (IDC Benchmark / Cruz-Roa et al.),40x,50,50,3,train,9aee063c42900c5cb3b25e0be7ccb0ef
histo_00396,histopathology/images/histo_00396.png,0,non_idc_or_benign,Breast Histopathology Images (IDC Benchmark / Cruz-Roa et al.),40x,50,50,3,val,c8a9e81c80c1fc6b4ad0eb530004773e
histo_00397,histopathology/images/histo_00397.png,0,non_idc_or_benign,Breast Histopathology Images (IDC Benchmark / Cruz-Roa et al.),40x,50,50,3,test,6f2cc68936a7c45d91af8bc719cd82b2
histo_00398,histopathology/images/histo_00398.png,1,invasive_ductal_carcinoma,Breast Histopathology Images (IDC Benchmark / Cruz-Roa et al.),40x,50,50,3,train,24e3de5725e9cc42c097e8efe970d820
histo_00399,histopathology/images/histo_00399.png,0,non_idc_or_benign,Breast Histopathology Images (IDC Benchmark / Cruz-Roa et al.),40x,50,50,3,train,dd6a4a6395c87778fb27fcd6f4c53d6d
histo_00400,histopathology/images/histo_00400.png,0,non_idc_or_benign,Breast Histopathology Images (IDC Benchmark / Cruz-Roa et al.),40x,50,50,3,train,2fec35b60a70bf5829cf474ddb311f50
histo_00401,histopathology/images/histo_00401.png,1,invasive_ductal_carcinoma,Breast Histopathology Images (IDC Benchmark / Cruz-Roa et al.),40x,50,50,3,test,82ea37dad42804571ceac1aac2de41bb
histo_00402,histopathology/images/histo_00402.png,0,non_idc_or_benign,Breast Histopathology Images (IDC Benchmark / Cruz-Roa et al.),40x,50,50,3,val,463e06b2ff2bbeef9c109ce8435c3320
histo_00403,histopathology/images/histo_00403.png,1,invasive_ductal_carcinoma,Breast Histopathology Images (IDC Benchmark / Cruz-Roa et al.),40x,50,50,3,train,ec63796255462bbfb355e40160baea8c
histo_00404,histopathology/images/histo_00404.png,0,non_idc_or_benign,Breast Histopathology Images (IDC Benchmark / Cruz-Roa et al.),40x,50,50,3,val,c9348730c3e20e7c41bf9733add2caa6
histo_00405,histopathology/images/histo_00405.png,1,invasive_ductal_carcinoma,Breast Histopathology Images (IDC Benchmark / Cruz-Roa et al.),40x,50,50,3,train,88108d6ab75994bcc79708ce06a99de8
histo_00406,histopathology/images/histo_00406.png,1,invasive_ductal_carcinoma,Breast Histopathology Images (IDC Benchmark / Cruz-Roa et al.),40x,50,50,3,train,d3ba2276b7119be67fcf1fb4be73dfff
histo_00407,histopathology/images/histo_00407.png,0,non_idc_or_benign,Breast Histopathology Images (IDC Benchmark / Cruz-Roa et al.),40x,50,50,3,train,02da907664107211f970cdc4803bea6c
histo_00408,histopathology/images/histo_00408.png,0,non_idc_or_benign,Breast Histopathology Images (IDC Benchmark / Cruz-Roa et al.),40x,50,50,3,train,46b4628dbe8caf949aeb2bf201d94af1
histo_00409,histopathology/images/histo_00409.png,1,invasive_ductal_carcinoma,Breast Histopathology Images (IDC Benchmark / Cruz-Roa et al.),40x,50,50,3,test,2f35e2c7831e6ab90d45cb1c0e176a3f
histo_00410,histopathology/images/histo_00410.png,1,invasive_ductal_carcinoma,Breast Histopathology Images (IDC Benchmark / Cruz-Roa et al.),40x,50,50,3,train,a507b10b3fc894ba7800b824f5c3304d
histo_00411,histopathology/images/histo_00411.png,0,non_idc_or_benign,Breast Histopathology Images (IDC Benchmark / Cruz-Roa et al.),40x,50,50,3,train,5b76b3d80fdfa49f66ae79e013245fbe
histo_00412,histopathology/images/histo_00412.png,1,invasive_ductal_carcinoma,Breast Histopathology Images (IDC Benchmark / Cruz-Roa et al.),40x,50,50,3,train,4fbc249a313e13da56307cd63976719c
histo_00413,histopathology/images/histo_00413.png,1,invasive_ductal_carcinoma,Breast Histopathology Images (IDC Benchmark / Cruz-Roa et al.),40x,50,50,3,test,513870bc2d75e80873a006f154098d97
histo_00414,histopathology/images/histo_00414.png,1,invasive_ductal_carcinoma,Breast Histopathology Images (IDC Benchmark / Cruz-Roa et al.),40x,50,50,3,test,5e555c5bd50cefed85b5761e2087e9cc
histo_00415,histopathology/images/histo_00415.png,0,non_idc_or_benign,Breast Histopathology Images (IDC Benchmark / Cruz-Roa et al.),40x,50,50,3,val,b2ceda54bf2b47179836f0caec652c41
histo_00416,histopathology/images/histo_00416.png,0,non_idc_or_benign,Breast Histopathology Images (IDC Benchmark / Cruz-Roa et al.),40x,50,50,3,val,06706ce811dcc9d4e49b7824615c7c37
histo_00417,histopathology/images/histo_00417.png,0,non_idc_or_benign,Breast Histopathology Images (IDC Benchmark / Cruz-Roa et al.),40x,50,50,3,train,db7dc83dd10fd995adcfb0fbc77c338d
histo_00418,histopathology/images/histo_00418.png,0,non_idc_or_benign,Breast Histopathology Images (IDC Benchmark / Cruz-Roa et al.),40x,50,50,3,test,200572a799a36a693f515716685f0cdb
histo_00419,histopathology/images/histo_00419.png,0,non_idc_or_benign,Breast Histopathology Images (IDC Benchmark / Cruz-Roa et al.),40x,50,50,3,train,0802fadc03fd7459bdb164f0728e6aa1
histo_00420,histopathology/images/histo_00420.png,0,non_idc_or_benign,Breast Histopathology Images (IDC Benchmark / Cruz-Roa et al.),40x,50,50,3,test,64668d09581980b0e8ade50deecd067e
histo_00421,histopathology/images/histo_00421.png,0,non_idc_or_benign,Breast Histopathology Images (IDC Benchmark / Cruz-Roa et al.),40x,50,50,3,train,7cffc2f3cb5b0ed49692f057c6d6d978
histo_00422,histopathology/images/histo_00422.png,0,non_idc_or_benign,Breast Histopathology Images (IDC Benchmark / Cruz-Roa et al.),40x,50,50,3,train,4d6f938892074881ac16652382eacb5f
histo_00423,histopathology/images/histo_00423.png,0,non_idc_or_benign,Breast Histopathology Images (IDC Benchmark / Cruz-Roa et al.),40x,50,50,3,train,d0656e15457498005292fe5d85155555
histo_00424,histopathology/images/histo_00424.png,0,non_idc_or_benign,Breast Histopathology Images (IDC Benchmark / Cruz-Roa et al.),40x,50,50,3,train,d2dbee65e382b133027001f5419627c1
histo_00425,histopathology/images/histo_00425.png,0,non_idc_or_benign,Breast Histopathology Images (IDC Benchmark / Cruz-Roa et al.),40x,50,50,3,test,9ef9cbaf1c50a9cd0262cabea368e62c
histo_00426,histopathology/images/histo_00426.png,0,non_idc_or_benign,Breast Histopathology Images (IDC Benchmark / Cruz-Roa et al.),40x,50,50,3,train,ad0bb668e6533777843d1348864f8c8f
histo_00427,histopathology/images/histo_00427.png,1,invasive_ductal_carcinoma,Breast Histopathology Images (IDC Benchmark / Cruz-Roa et al.),40x,50,50,3,val,b9791d1d28ef4299bc0e8215e8e74852
histo_00428,histopathology/images/histo_00428.png,0,non_idc_or_benign,Breast Histopathology Images (IDC Benchmark / Cruz-Roa et al.),40x,50,50,3,train,7bf598dbf7e4dd42f114da5f4a178428
histo_00429,histopathology/images/histo_00429.png,0,non_idc_or_benign,Breast Histopathology Images (IDC Benchmark / Cruz-Roa et al.),40x,50,50,3,train,8bb8e9efea803d5ebba71ce99a697123
histo_00430,histopathology/images/histo_00430.png,0,non_idc_or_benign,Breast Histopathology Images (IDC Benchmark / Cruz-Roa et al.),40x,50,50,3,train,5437dc54c1743eae519365bcb14bea66
histo_00431,histopathology/images/histo_00431.png,0,non_idc_or_benign,Breast Histopathology Images (IDC Benchmark / Cruz-Roa et al.),40x,50,50,3,test,eca1c34a7478d813f8db7a6ecaa49ba1
histo_00432,histopathology/images/histo_00432.png,0,non_idc_or_benign,Breast Histopathology Images (IDC Benchmark / Cruz-Roa et al.),40x,50,50,3,test,140a6ca4a8b45e3f7d3e0f14e334f6ca
histo_00433,histopathology/images/histo_00433.png,0,non_idc_or_benign,Breast Histopathology Images (IDC Benchmark / Cruz-Roa et al.),40x,50,50,3,train,01f5d8ff5fe05e6bf3381ee3fb82b1dc
histo_00434,histopathology/images/histo_00434.png,1,invasive_ductal_carcinoma,Breast Histopathology Images (IDC Benchmark / Cruz-Roa et al.),40x,50,50,3,train,9ae3ec5bd18a7d60774030d7b89d0deb
histo_00435,histopathology/images/histo_00435.png,0,non_idc_or_benign,Breast Histopathology Images (IDC Benchmark / Cruz-Roa et al.),40x,50,50,3,test,deb25767a1092e14e388022b2f72443e
histo_00436,histopathology/images/histo_00436.png,0,non_idc_or_benign,Breast Histopathology Images (IDC Benchmark / Cruz-Roa et al.),40x,50,50,3,train,fa99a3c630c1caf378a3012b1cda85ce
histo_00437,histopathology/images/histo_00437.png,0,non_idc_or_benign,Breast Histopathology Images (IDC Benchmark / Cruz-Roa et al.),40x,50,50,3,train,15754dbc4e1ac445f182cc876901d2df
histo_00438,histopathology/images/histo_00438.png,0,non_idc_or_benign,Breast Histopathology Images (IDC Benchmark / Cruz-Roa et al.),40x,50,50,3,test,4bd5d042bee8910d21e504c39958389b
histo_00439,histopathology/images/histo_00439.png,1,invasive_ductal_carcinoma,Breast Histopathology Images (IDC Benchmark / Cruz-Roa et al.),40x,50,50,3,train,ad4af4e33fcdc521d1a7adafde223c0c
histo_00440,histopathology/images/histo_00440.png,0,non_idc_or_benign,Breast Histopathology Images (IDC Benchmark / Cruz-Roa et al.),40x,50,50,3,train,f8f88b2ae224c31cd6770fce42ed08ad
histo_00441,histopathology/images/histo_00441.png,0,non_idc_or_benign,Breast Histopathology Images (IDC Benchmark / Cruz-Roa et al.),40x,50,50,3,val,9d0a764bcff82b0c51242a76b0bb093a
histo_00442,histopathology/images/histo_00442.png,1,invasive_ductal_carcinoma,Breast Histopathology Images (IDC Benchmark / Cruz-Roa et al.),40x,50,50,3,train,e55548967100464f132486b20e5e848d
histo_00443,histopathology/images/histo_00443.png,1,invasive_ductal_carcinoma,Breast Histopathology Images (IDC Benchmark / Cruz-Roa et al.),40x,50,50,3,val,aa0ac1937f26966aa66ed1323b28fffc
histo_00444,histopathology/images/histo_00444.png,0,non_idc_or_benign,Breast Histopathology Images (IDC Benchmark / Cruz-Roa et al.),40x,50,50,3,train,871a689b15991c8505d55dfa2266eebe
histo_00445,histopathology/images/histo_00445.png,0,non_idc_or_benign,Breast Histopathology Images (IDC Benchmark / Cruz-Roa et al.),40x,50,50,3,test,cdd45052ed114dc94261665476762540
histo_00446,histopathology/images/histo_00446.png,0,non_idc_or_benign,Breast Histopathology Images (IDC Benchmark / Cruz-Roa et al.),40x,50,50,3,val,32b2357e6342592f2060ceefe036728f
histo_00447,histopathology/images/histo_00447.png,1,invasive_ductal_carcinoma,Breast Histopathology Images (IDC Benchmark / Cruz-Roa et al.),40x,50,50,3,train,61383716dda38dda7f1642e5da41f6e4
histo_00448,histopathology/images/histo_00448.png,0,non_idc_or_benign,Breast Histopathology Images (IDC Benchmark / Cruz-Roa et al.),40x,50,50,3,train,0ade3230c20cda356a0444525641d68f
histo_00449,histopathology/images/histo_00449.png,0,non_idc_or_benign,Breast Histopathology Images (IDC Benchmark / Cruz-Roa et al.),40x,50,50,3,val,a588c8d65406fe60c9b964873a7c792a
histo_00450,histopathology/images/histo_00450.png,0,non_idc_or_benign,Breast Histopathology Images (IDC Benchmark / Cruz-Roa et al.),40x,50,50,3,train,f83ab2a3b4120f805249ef03f4c3bfb6
histo_00451,histopathology/images/histo_00451.png,0,non_idc_or_benign,Breast Histopathology Images (IDC Benchmark / Cruz-Roa et al.),40x,50,50,3,val,efd85a1836f0b2b2f33ed0a1df4b32c4
histo_00452,histopathology/images/histo_00452.png,0,non_idc_or_benign,Breast Histopathology Images (IDC Benchmark / Cruz-Roa et al.),40x,50,50,3,train,c7e7249419c6dcef62d5c6c353712692
histo_00453,histopathology/images/histo_00453.png,1,invasive_ductal_carcinoma,Breast Histopathology Images (IDC Benchmark / Cruz-Roa et al.),40x,50,50,3,train,01b5d797e346a5e3c97b782dde433a5a
histo_00454,histopathology/images/histo_00454.png,0,non_idc_or_benign,Breast Histopathology Images (IDC Benchmark / Cruz-Roa et al.),40x,50,50,3,train,5a3c48de0bd5202c5c74a5cd7a75a5e0
histo_00455,histopathology/images/histo_00455.png,0,non_idc_or_benign,Breast Histopathology Images (IDC Benchmark / Cruz-Roa et al.),40x,50,50,3,test,48cc6868b96bb95b233aee969ffc2321
histo_00456,histopathology/images/histo_00456.png,1,invasive_ductal_carcinoma,Breast Histopathology Images (IDC Benchmark / Cruz-Roa et al.),40x,50,50,3,train,de33430eb3e3790c488f8f1d234d7f3c
histo_00457,histopathology/images/histo_00457.png,1,invasive_ductal_carcinoma,Breast Histopathology Images (IDC Benchmark / Cruz-Roa et al.),40x,50,50,3,train,a451e679e7cb814521bf955e2ebf3d87
histo_00458,histopathology/images/histo_00458.png,0,non_idc_or_benign,Breast Histopathology Images (IDC Benchmark / Cruz-Roa et al.),40x,50,50,3,train,c57eaecc39c5083b848763f7b7da2cc9
histo_00459,histopathology/images/histo_00459.png,0,non_idc_or_benign,Breast Histopathology Images (IDC Benchmark / Cruz-Roa et al.),40x,50,50,3,train,31bfe13f86f3573c3d856b8ca7f103f9
histo_00460,histopathology/images/histo_00460.png,1,invasive_ductal_carcinoma,Breast Histopathology Images (IDC Benchmark / Cruz-Roa et al.),40x,50,50,3,train,4b3ca5c23f05d7e211ded65d7a8959fb
histo_00461,histopathology/images/histo_00461.png,0,non_idc_or_benign,Breast Histopathology Images (IDC Benchmark / Cruz-Roa et al.),40x,50,50,3,val,74852aad148b0e71267cb04d15143d18
histo_00462,histopathology/images/histo_00462.png,0,non_idc_or_benign,Breast Histopathology Images (IDC Benchmark / Cruz-Roa et al.),40x,50,50,3,train,a49aa87aff4df7a212ce87abaa1c7fbc
histo_00463,histopathology/images/histo_00463.png,1,invasive_ductal_carcinoma,Breast Histopathology Images (IDC Benchmark / Cruz-Roa et al.),40x,50,50,3,train,b82064b8d86360fc4a11cd8cb05d337e
histo_00464,histopathology/images/histo_00464.png,0,non_idc_or_benign,Breast Histopathology Images (IDC Benchmark / Cruz-Roa et al.),40x,50,50,3,train,38b0c9cf72aeedabc18a1f6eaab96f49
histo_00465,histopathology/images/histo_00465.png,0,non_idc_or_benign,Breast Histopathology Images (IDC Benchmark / Cruz-Roa et al.),40x,50,50,3,train,619076fd1e025d1ae341daa7cc22d526
histo_00466,histopathology/images/histo_00466.png,0,non_idc_or_benign,Breast Histopathology Images (IDC Benchmark / Cruz-Roa et al.),40x,50,50,3,test,377567fcb1ac11374bdb1105671e778e
histo_00467,histopathology/images/histo_00467.png,0,non_idc_or_benign,Breast Histopathology Images (IDC Benchmark / Cruz-Roa et al.),40x,50,50,3,test,59deefa2f2e28795d9451b26e783fe63
histo_00468,histopathology/images/histo_00468.png,0,non_idc_or_benign,Breast Histopathology Images (IDC Benchmark / Cruz-Roa et al.),40x,50,50,3,train,c03a14b64b592347b0db15e5b20a09a5
histo_00469,histopathology/images/histo_00469.png,1,invasive_ductal_carcinoma,Breast Histopathology Images (IDC Benchmark / Cruz-Roa et al.),40x,50,50,3,val,e91f531116ff441fae4278cfbaf774c5
histo_00470,histopathology/images/histo_00470.png,0,non_idc_or_benign,Breast Histopathology Images (IDC Benchmark / Cruz-Roa et al.),40x,50,50,3,train,a32862fd1931563cf11de994bff77ea3
histo_00471,histopathology/images/histo_00471.png,1,invasive_ductal_carcinoma,Breast Histopathology Images (IDC Benchmark / Cruz-Roa et al.),40x,50,50,3,val,9d4568d316e832ea40fa395f7df342d2
histo_00472,histopathology/images/histo_00472.png,1,invasive_ductal_carcinoma,Breast Histopathology Images (IDC Benchmark / Cruz-Roa et al.),40x,50,50,3,val,b757543126f7fb55d903cb998ca48c54
histo_00473,histopathology/images/histo_00473.png,1,invasive_ductal_carcinoma,Breast Histopathology Images (IDC Benchmark / Cruz-Roa et al.),40x,50,50,3,test,a0dabb3e133558d09a9e7aac0cb3ce8c
histo_00474,histopathology/images/histo_00474.png,0,non_idc_or_benign,Breast Histopathology Images (IDC Benchmark / Cruz-Roa et al.),40x,50,50,3,train,86ef670da3360d713c5aff384b2dbb32
histo_00475,histopathology/images/histo_00475.png,1,invasive_ductal_carcinoma,Breast Histopathology Images (IDC Benchmark / Cruz-Roa et al.),40x,50,50,3,train,6322dafd93fa8a1df5957254d925b53f
histo_00476,histopathology/images/histo_00476.png,0,non_idc_or_benign,Breast Histopathology Images (IDC Benchmark / Cruz-Roa et al.),40x,50,50,3,val,afb7e46845b9545ce49d18e5a66d67f9
histo_00477,histopathology/images/histo_00477.png,0,non_idc_or_benign,Breast Histopathology Images (IDC Benchmark / Cruz-Roa et al.),40x,50,50,3,train,bc9fe2a49999e5565487e81fe50d389a
histo_00478,histopathology/images/histo_00478.png,0,non_idc_or_benign,Breast Histopathology Images (IDC Benchmark / Cruz-Roa et al.),40x,50,50,3,val,fe54874d61877aa2aa9df544a4d79a45
histo_00479,histopathology/images/histo_00479.png,1,invasive_ductal_carcinoma,Breast Histopathology Images (IDC Benchmark / Cruz-Roa et al.),40x,50,50,3,test,e74204f011389147c556339a3750c772
histo_00480,histopathology/images/histo_00480.png,0,non_idc_or_benign,Breast Histopathology Images (IDC Benchmark / Cruz-Roa et al.),40x,50,50,3,train,a3e9d1029e05296d822df22196d12539
histo_00481,histopathology/images/histo_00481.png,1,invasive_ductal_carcinoma,Breast Histopathology Images (IDC Benchmark / Cruz-Roa et al.),40x,50,50,3,train,09eeef5962a6d7b6fec64d1f8f31d412
histo_00482,histopathology/images/histo_00482.png,0,non_idc_or_benign,Breast Histopathology Images (IDC Benchmark / Cruz-Roa et al.),40x,50,50,3,train,0297f7e3d9e349588bed2acf306d7b0e
histo_00483,histopathology/images/histo_00483.png,0,non_idc_or_benign,Breast Histopathology Images (IDC Benchmark / Cruz-Roa et al.),40x,50,50,3,val,ee068ae69160888b2ebc2ce7faca8b46
histo_00484,histopathology/images/histo_00484.png,0,non_idc_or_benign,Breast Histopathology Images (IDC Benchmark / Cruz-Roa et al.),40x,50,50,3,test,639cec365c29e688a6e4c546c0c4ddeb
histo_00485,histopathology/images/histo_00485.png,0,non_idc_or_benign,Breast Histopathology Images (IDC Benchmark / Cruz-Roa et al.),40x,50,50,3,train,9776a95db3be1d0e7c59811699e3a95e
histo_00486,histopathology/images/histo_00486.png,0,non_idc_or_benign,Breast Histopathology Images (IDC Benchmark / Cruz-Roa et al.),40x,50,50,3,train,89fb3ea1fea8b4f0294106b45c97ed39
histo_00487,histopathology/images/histo_00487.png,0,non_idc_or_benign,Breast Histopathology Images (IDC Benchmark / Cruz-Roa et al.),40x,50,50,3,train,e58129ea3211fc230c953046590eb263
histo_00488,histopathology/images/histo_00488.png,0,non_idc_or_benign,Breast Histopathology Images (IDC Benchmark / Cruz-Roa et al.),40x,50,50,3,train,3ef8b3ebe5ce4f9c78b878934c5027e0
histo_00489,histopathology/images/histo_00489.png,1,invasive_ductal_carcinoma,Breast Histopathology Images (IDC Benchmark / Cruz-Roa et al.),40x,50,50,3,train,18e6710de234d76f02af68eb2428912f
histo_00490,histopathology/images/histo_00490.png,1,invasive_ductal_carcinoma,Breast Histopathology Images (IDC Benchmark / Cruz-Roa et al.),40x,50,50,3,test,31a6ef3b7d66353be04573cfc96fbe1f
histo_00491,histopathology/images/histo_00491.png,0,non_idc_or_benign,Breast Histopathology Images (IDC Benchmark / Cruz-Roa et al.),40x,50,50,3,train,5a4269d6b351ec60f8d429ffbae17e5e
histo_00492,histopathology/images/histo_00492.png,1,invasive_ductal_carcinoma,Breast Histopathology Images (IDC Benchmark / Cruz-Roa et al.),40x,50,50,3,test,696fc3dff360837a2f82c3c34f612f6b
histo_00493,histopathology/images/histo_00493.png,1,invasive_ductal_carcinoma,Breast Histopathology Images (IDC Benchmark / Cruz-Roa et al.),40x,50,50,3,train,869b9cc7547a5231ba4b82e8b513cd95
histo_00494,histopathology/images/histo_00494.png,0,non_idc_or_benign,Breast Histopathology Images (IDC Benchmark / Cruz-Roa et al.),40x,50,50,3,train,9898b418a915fb315438dee30d7be9bf
histo_00495,histopathology/images/histo_00495.png,1,invasive_ductal_carcinoma,Breast Histopathology Images (IDC Benchmark / Cruz-Roa et al.),40x,50,50,3,train,bfbc429b6f3ff5047c412419442afef7
histo_00496,histopathology/images/histo_00496.png,0,non_idc_or_benign,Breast Histopathology Images (IDC Benchmark / Cruz-Roa et al.),40x,50,50,3,test,75856c3cac34bd19f3c7c316dad2cd31
histo_00497,histopathology/images/histo_00497.png,1,invasive_ductal_carcinoma,Breast Histopathology Images (IDC Benchmark / Cruz-Roa et al.),40x,50,50,3,train,8cb94442dc5de4d1d5753b3cedfef352
histo_00498,histopathology/images/histo_00498.png,0,non_idc_or_benign,Breast Histopathology Images (IDC Benchmark / Cruz-Roa et al.),40x,50,50,3,train,4f20e3c068439520096de9a47e9aee4d
histo_00499,histopathology/images/histo_00499.png,0,non_idc_or_benign,Breast Histopathology Images (IDC Benchmark / Cruz-Roa et al.),40x,50,50,3,train,66f398de71684df7878bcf6716d99187
histo_00500,histopathology/images/histo_00500.png,0,non_idc_or_benign,Breast Histopathology Images (IDC Benchmark / Cruz-Roa et al.),40x,50,50,3,test,ef48f712cb667f4b6f1a98e82cdf62ce
histo_00501,histopathology/images/histo_00501.png,1,invasive_ductal_carcinoma,Breast Histopathology Images (IDC Benchmark / Cruz-Roa et al.),40x,50,50,3,val,afc1e3d6651d87d5749f154175e59f5d
histo_00502,histopathology/images/histo_00502.png,0,non_idc_or_benign,Breast Histopathology Images (IDC Benchmark / Cruz-Roa et al.),40x,50,50,3,val,56c10f1baf980b10cf4ba46556bf0525
histo_00503,histopathology/images/histo_00503.png,0,non_idc_or_benign,Breast Histopathology Images (IDC Benchmark / Cruz-Roa et al.),40x,50,50,3,val,7c43bab0473eb82718fdfe5b72ee7a50
histo_00504,histopathology/images/histo_00504.png,0,non_idc_or_benign,Breast Histopathology Images (IDC Benchmark / Cruz-Roa et al.),40x,50,50,3,test,e9e0f31c8d63a398a0bf4acb5a41cd02
histo_00505,histopathology/images/histo_00505.png,0,non_idc_or_benign,Breast Histopathology Images (IDC Benchmark / Cruz-Roa et al.),40x,50,50,3,train,a82a93e3d4e20d03925b93301b770a0f
histo_00506,histopathology/images/histo_00506.png,0,non_idc_or_benign,Breast Histopathology Images (IDC Benchmark / Cruz-Roa et al.),40x,50,50,3,train,5c20198da926c107e11c58b1eef46352
histo_00507,histopathology/images/histo_00507.png,0,non_idc_or_benign,Breast Histopathology Images (IDC Benchmark / Cruz-Roa et al.),40x,50,50,3,val,1df31f8d7aa1ce80fe3bb0d2e1a416aa
histo_00508,histopathology/images/histo_00508.png,0,non_idc_or_benign,Breast Histopathology Images (IDC Benchmark / Cruz-Roa et al.),40x,50,50,3,train,592a9f4d8b2d6009384dcf0d6d6b02bf
histo_00509,histopathology/images/histo_00509.png,0,non_idc_or_benign,Breast Histopathology Images (IDC Benchmark / Cruz-Roa et al.),40x,50,50,3,train,965ad6a5b14de90f8e54c0d731830459
histo_00510,histopathology/images/histo_00510.png,1,invasive_ductal_carcinoma,Breast Histopathology Images (IDC Benchmark / Cruz-Roa et al.),40x,50,50,3,train,38f739dc46014474aab3b4e6c9831820
histo_00511,histopathology/images/histo_00511.png,0,non_idc_or_benign,Breast Histopathology Images (IDC Benchmark / Cruz-Roa et al.),40x,50,50,3,train,f48cb252a270c6933a56a892f2fb394d
histo_00512,histopathology/images/histo_00512.png,1,invasive_ductal_carcinoma,Breast Histopathology Images (IDC Benchmark / Cruz-Roa et al.),40x,50,50,3,test,f0470ae8784a038d15874f53ae6878bb
histo_00513,histopathology/images/histo_00513.png,0,non_idc_or_benign,Breast Histopathology Images (IDC Benchmark / Cruz-Roa et al.),40x,50,50,3,train,ee8ca40155983e7055b9b0161c4dfa7b
histo_00514,histopathology/images/histo_00514.png,0,non_idc_or_benign,Breast Histopathology Images (IDC Benchmark / Cruz-Roa et al.),40x,50,50,3,train,34f1e2a6648602a5a05afa36ccde1fd3
histo_00515,histopathology/images/histo_00515.png,1,invasive_ductal_carcinoma,Breast Histopathology Images (IDC Benchmark / Cruz-Roa et al.),40x,50,50,3,train,1519c51bb9964070502608c74b8404dd
histo_00516,histopathology/images/histo_00516.png,0,non_idc_or_benign,Breast Histopathology Images (IDC Benchmark / Cruz-Roa et al.),40x,50,50,3,train,f6023dbb30f1a18b4ddf7f40ff4b6e29
histo_00517,histopathology/images/histo_00517.png,0,non_idc_or_benign,Breast Histopathology Images (IDC Benchmark / Cruz-Roa et al.),40x,50,50,3,train,6ac91c669be95789b2c32365a69b4c0c
histo_00518,histopathology/images/histo_00518.png,0,non_idc_or_benign,Breast Histopathology Images (IDC Benchmark / Cruz-Roa et al.),40x,50,50,3,train,64c34c4e990e3ed5d391452bbd046f28
histo_00519,histopathology/images/histo_00519.png,0,non_idc_or_benign,Breast Histopathology Images (IDC Benchmark / Cruz-Roa et al.),40x,50,50,3,test,0787f001078361870aca04350911e55a
histo_00520,histopathology/images/histo_00520.png,1,invasive_ductal_carcinoma,Breast Histopathology Images (IDC Benchmark / Cruz-Roa et al.),40x,50,50,3,test,3d2b2817897ec1db35cd2a6a3ee337e0
histo_00521,histopathology/images/histo_00521.png,0,non_idc_or_benign,Breast Histopathology Images (IDC Benchmark / Cruz-Roa et al.),40x,50,50,3,train,d01f9b0cf44bbc906dde53f5a85f3a6c
histo_00522,histopathology/images/histo_00522.png,0,non_idc_or_benign,Breast Histopathology Images (IDC Benchmark / Cruz-Roa et al.),40x,50,50,3,train,70c4aae86136ab525575f501602053ad
histo_00523,histopathology/images/histo_00523.png,1,invasive_ductal_carcinoma,Breast Histopathology Images (IDC Benchmark / Cruz-Roa et al.),40x,50,50,3,test,9dccca21431e5f51b20ffa080889bb02
histo_00524,histopathology/images/histo_00524.png,0,non_idc_or_benign,Breast Histopathology Images (IDC Benchmark / Cruz-Roa et al.),40x,50,50,3,train,61439f935caaf0df36bef3c7492b18fb
histo_00525,histopathology/images/histo_00525.png,0,non_idc_or_benign,Breast Histopathology Images (IDC Benchmark / Cruz-Roa et al.),40x,50,50,3,train,9905885853e6a529a051a61dcde1578c
histo_00526,histopathology/images/histo_00526.png,1,invasive_ductal_carcinoma,Breast Histopathology Images (IDC Benchmark / Cruz-Roa et al.),40x,50,50,3,train,4444a4993a88b69f806817369f4e9b63
histo_00527,histopathology/images/histo_00527.png,0,non_idc_or_benign,Breast Histopathology Images (IDC Benchmark / Cruz-Roa et al.),40x,50,50,3,train,43bfafeadbf94fae429cff66d276a708
histo_00528,histopathology/images/histo_00528.png,0,non_idc_or_benign,Breast Histopathology Images (IDC Benchmark / Cruz-Roa et al.),40x,50,50,3,train,5b0f9be72a9b1c6f9615227203032098
histo_00529,histopathology/images/histo_00529.png,0,non_idc_or_benign,Breast Histopathology Images (IDC Benchmark / Cruz-Roa et al.),40x,50,50,3,train,8886420f510d1e3e26344a9abf845b5e
histo_00530,histopathology/images/histo_00530.png,1,invasive_ductal_carcinoma,Breast Histopathology Images (IDC Benchmark / Cruz-Roa et al.),40x,50,50,3,train,bcc316198390e8f901d0b251581f7996
histo_00531,histopathology/images/histo_00531.png,1,invasive_ductal_carcinoma,Breast Histopathology Images (IDC Benchmark / Cruz-Roa et al.),40x,50,50,3,test,085f71f95a8e181ef9a43266d509fccb
histo_00532,histopathology/images/histo_00532.png,0,non_idc_or_benign,Breast Histopathology Images (IDC Benchmark / Cruz-Roa et al.),40x,50,50,3,val,7f8f5a5607ce46946405ebb9908cca31
histo_00533,histopathology/images/histo_00533.png,1,invasive_ductal_carcinoma,Breast Histopathology Images (IDC Benchmark / Cruz-Roa et al.),40x,50,50,3,train,992c6600e334f0373453caa1230ed891
histo_00534,histopathology/images/histo_00534.png,0,non_idc_or_benign,Breast Histopathology Images (IDC Benchmark / Cruz-Roa et al.),40x,50,50,3,val,32990b953a265e7392100c66d4c23f57
histo_00535,histopathology/images/histo_00535.png,0,non_idc_or_benign,Breast Histopathology Images (IDC Benchmark / Cruz-Roa et al.),40x,50,50,3,test,3a3f385f1e071997542ea83d3a0bf505
histo_00536,histopathology/images/histo_00536.png,1,invasive_ductal_carcinoma,Breast Histopathology Images (IDC Benchmark / Cruz-Roa et al.),40x,50,50,3,train,96ec1ad8db729610a75182bea65ee935
histo_00537,histopathology/images/histo_00537.png,1,invasive_ductal_carcinoma,Breast Histopathology Images (IDC Benchmark / Cruz-Roa et al.),40x,50,50,3,train,cda2537151c95d7ed3b4ae1de3aaaecc
histo_00538,histopathology/images/histo_00538.png,0,non_idc_or_benign,Breast Histopathology Images (IDC Benchmark / Cruz-Roa et al.),40x,50,50,3,train,8643a49dc7c2e5c65b431c8e8969b348
histo_00539,histopathology/images/histo_00539.png,0,non_idc_or_benign,Breast Histopathology Images (IDC Benchmark / Cruz-Roa et al.),40x,50,50,3,train,f5d9434cee59f77c39c2a93f392f1574
histo_00540,histopathology/images/histo_00540.png,1,invasive_ductal_carcinoma,Breast Histopathology Images (IDC Benchmark / Cruz-Roa et al.),40x,50,50,3,train,a52d5f50579ff5eef44e7e082f3c29a6
histo_00541,histopathology/images/histo_00541.png,0,non_idc_or_benign,Breast Histopathology Images (IDC Benchmark / Cruz-Roa et al.),40x,50,50,3,train,06c52115b7bf974755b1a5df9b2041f9
histo_00542,histopathology/images/histo_00542.png,1,invasive_ductal_carcinoma,Breast Histopathology Images (IDC Benchmark / Cruz-Roa et al.),40x,50,50,3,train,fabb647ea95ec2c0ecda921735f87e7e
histo_00543,histopathology/images/histo_00543.png,0,non_idc_or_benign,Breast Histopathology Images (IDC Benchmark / Cruz-Roa et al.),40x,50,50,3,test,b54518ac085afee92833133b9a88bd30
histo_00544,histopathology/images/histo_00544.png,0,non_idc_or_benign,Breast Histopathology Images (IDC Benchmark / Cruz-Roa et al.),40x,50,50,3,val,e49aa761387049076b3c2f4ec608fc65
histo_00545,histopathology/images/histo_00545.png,1,invasive_ductal_carcinoma,Breast Histopathology Images (IDC Benchmark / Cruz-Roa et al.),40x,50,50,3,val,7e45deb5d180cbd97ca6008cd0c075da
histo_00546,histopathology/images/histo_00546.png,1,invasive_ductal_carcinoma,Breast Histopathology Images (IDC Benchmark / Cruz-Roa et al.),40x,50,50,3,train,53631f2c340ff959e45b8ca48c3e923f
histo_00547,histopathology/images/histo_00547.png,0,non_idc_or_benign,Breast Histopathology Images (IDC Benchmark / Cruz-Roa et al.),40x,50,50,3,test,152ebc00e681d008594f5f54e76ff7ee
histo_00548,histopathology/images/histo_00548.png,0,non_idc_or_benign,Breast Histopathology Images (IDC Benchmark / Cruz-Roa et al.),40x,50,50,3,train,aa77afdeea9cf571ed649e586ad70b5d
histo_00549,histopathology/images/histo_00549.png,0,non_idc_or_benign,Breast Histopathology Images (IDC Benchmark / Cruz-Roa et al.),40x,50,50,3,test,eb858e5867984bea5e9456812453b35f
histo_00550,histopathology/images/histo_00550.png,0,non_idc_or_benign,Breast Histopathology Images (IDC Benchmark / Cruz-Roa et al.),40x,50,50,3,train,f468bf9f5885533f787e3c0287eba67b
histo_00551,histopathology/images/histo_00551.png,0,non_idc_or_benign,Breast Histopathology Images (IDC Benchmark / Cruz-Roa et al.),40x,50,50,3,train,5b87b6969a66ad48d338c368c6ed38dd
histo_00552,histopathology/images/histo_00552.png,1,invasive_ductal_carcinoma,Breast Histopathology Images (IDC Benchmark / Cruz-Roa et al.),40x,50,50,3,train,21c5d7e8572edf0fdb7f6eafd4c57699
histo_00553,histopathology/images/histo_00553.png,0,non_idc_or_benign,Breast Histopathology Images (IDC Benchmark / Cruz-Roa et al.),40x,50,50,3,train,f057809db8917ac924a25252b8b2d9d8
histo_00554,histopathology/images/histo_00554.png,0,non_idc_or_benign,Breast Histopathology Images (IDC Benchmark / Cruz-Roa et al.),40x,50,50,3,val,9f1af1dc4568176d4b6cd73c5f588818
histo_00555,histopathology/images/histo_00555.png,0,non_idc_or_benign,Breast Histopathology Images (IDC Benchmark / Cruz-Roa et al.),40x,50,50,3,train,88663c556045d1ec5f4243eb761b8e41
histo_00556,histopathology/images/histo_00556.png,0,non_idc_or_benign,Breast Histopathology Images (IDC Benchmark / Cruz-Roa et al.),40x,50,50,3,train,0e90c56e33b2bb5b62f6592d6fcaf6e5
histo_00557,histopathology/images/histo_00557.png,0,non_idc_or_benign,Breast Histopathology Images (IDC Benchmark / Cruz-Roa et al.),40x,50,50,3,train,5109fef47092daba502efce6b70c122d
histo_00558,histopathology/images/histo_00558.png,0,non_idc_or_benign,Breast Histopathology Images (IDC Benchmark / Cruz-Roa et al.),40x,50,50,3,train,f0abb77bd91ff6d83dc4fa0cdd9cfdad
histo_00559,histopathology/images/histo_00559.png,1,invasive_ductal_carcinoma,Breast Histopathology Images (IDC Benchmark / Cruz-Roa et al.),40x,50,50,3,train,dc804938efb178de452121b77b383f93
histo_00560,histopathology/images/histo_00560.png,1,invasive_ductal_carcinoma,Breast Histopathology Images (IDC Benchmark / Cruz-Roa et al.),40x,50,50,3,train,94bf640d96776527759e6c66aaa78af0
histo_00561,histopathology/images/histo_00561.png,0,non_idc_or_benign,Breast Histopathology Images (IDC Benchmark / Cruz-Roa et al.),40x,50,50,3,val,178de2a968cc31a4a544350658654667
histo_00562,histopathology/images/histo_00562.png,0,non_idc_or_benign,Breast Histopathology Images (IDC Benchmark / Cruz-Roa et al.),40x,50,50,3,train,ae1c5dc29f8f73d6c7b68bc93ed174c8
histo_00563,histopathology/images/histo_00563.png,0,non_idc_or_benign,Breast Histopathology Images (IDC Benchmark / Cruz-Roa et al.),40x,50,50,3,train,68446dd9709fcf5274201aeefec77cf0
histo_00564,histopathology/images/histo_00564.png,0,non_idc_or_benign,Breast Histopathology Images (IDC Benchmark / Cruz-Roa et al.),40x,50,50,3,train,618165e94813b83aef97dfd2c528e3aa
histo_00565,histopathology/images/histo_00565.png,0,non_idc_or_benign,Breast Histopathology Images (IDC Benchmark / Cruz-Roa et al.),40x,50,50,3,test,4a0abf3a29a5bf619788d9c0c5f07422
histo_00566,histopathology/images/histo_00566.png,0,non_idc_or_benign,Breast Histopathology Images (IDC Benchmark / Cruz-Roa et al.),40x,50,50,3,train,362f2539fbafc1b5741da0105a340913
histo_00567,histopathology/images/histo_00567.png,1,invasive_ductal_carcinoma,Breast Histopathology Images (IDC Benchmark / Cruz-Roa et al.),40x,50,50,3,train,eddc981f333e752f9cc993429c5503a0
histo_00568,histopathology/images/histo_00568.png,0,non_idc_or_benign,Breast Histopathology Images (IDC Benchmark / Cruz-Roa et al.),40x,50,50,3,train,dff6e086e51d743414833512014e60d7
histo_00569,histopathology/images/histo_00569.png,0,non_idc_or_benign,Breast Histopathology Images (IDC Benchmark / Cruz-Roa et al.),40x,50,50,3,train,316170d67fedbba490c9817150d70cf6
histo_00570,histopathology/images/histo_00570.png,1,invasive_ductal_carcinoma,Breast Histopathology Images (IDC Benchmark / Cruz-Roa et al.),40x,50,50,3,train,faa8e5a7847789ca0079e139a5f37373
histo_00571,histopathology/images/histo_00571.png,0,non_idc_or_benign,Breast Histopathology Images (IDC Benchmark / Cruz-Roa et al.),40x,50,50,3,test,a6c1524d60ed35c434d1870f017c1419
histo_00572,histopathology/images/histo_00572.png,1,invasive_ductal_carcinoma,Breast Histopathology Images (IDC Benchmark / Cruz-Roa et al.),40x,50,50,3,train,6cf970e4891ebc24f0d0f15ddc567f1a
histo_00573,histopathology/images/histo_00573.png,0,non_idc_or_benign,Breast Histopathology Images (IDC Benchmark / Cruz-Roa et al.),40x,50,50,3,train,e1462356ba1c8b7520d59917a9bbb4a3
histo_00574,histopathology/images/histo_00574.png,0,non_idc_or_benign,Breast Histopathology Images (IDC Benchmark / Cruz-Roa et al.),40x,50,50,3,train,030702dcb2c4e72e13c0edacd93e0e36
histo_00575,histopathology/images/histo_00575.png,0,non_idc_or_benign,Breast Histopathology Images (IDC Benchmark / Cruz-Roa et al.),40x,50,50,3,train,fdf2572b197c69e23a2391c06ff8362b
histo_00576,histopathology/images/histo_00576.png,1,invasive_ductal_carcinoma,Breast Histopathology Images (IDC Benchmark / Cruz-Roa et al.),40x,50,50,3,train,d4d046ed76cd5e9b2f9420a9ee430955
histo_00577,histopathology/images/histo_00577.png,0,non_idc_or_benign,Breast Histopathology Images (IDC Benchmark / Cruz-Roa et al.),40x,50,50,3,train,7ff38a3c80e8d3a91eb8553031eedb5f
histo_00578,histopathology/images/histo_00578.png,1,invasive_ductal_carcinoma,Breast Histopathology Images (IDC Benchmark / Cruz-Roa et al.),40x,50,50,3,test,244f14bba81650a4151a4aff8a142d81
histo_00579,histopathology/images/histo_00579.png,0,non_idc_or_benign,Breast Histopathology Images (IDC Benchmark / Cruz-Roa et al.),40x,50,50,3,train,d6ba9d9226f62cb0d3286fc428c33f6a
histo_00580,histopathology/images/histo_00580.png,1,invasive_ductal_carcinoma,Breast Histopathology Images (IDC Benchmark / Cruz-Roa et al.),40x,50,50,3,train,40af210e0f7265e949b5627f2b007a37
histo_00581,histopathology/images/histo_00581.png,0,non_idc_or_benign,Breast Histopathology Images (IDC Benchmark / Cruz-Roa et al.),40x,50,50,3,val,330ae84d1d2695ee274853afb1e3b4e1
histo_00582,histopathology/images/histo_00582.png,1,invasive_ductal_carcinoma,Breast Histopathology Images (IDC Benchmark / Cruz-Roa et al.),40x,50,50,3,test,4e8edba87c848af237df61841449fc89
histo_00583,histopathology/images/histo_00583.png,0,non_idc_or_benign,Breast Histopathology Images (IDC Benchmark / Cruz-Roa et al.),40x,50,50,3,test,a7d4a60dc6947150889f4009aa66029c
histo_00584,histopathology/images/histo_00584.png,1,invasive_ductal_carcinoma,Breast Histopathology Images (IDC Benchmark / Cruz-Roa et al.),40x,50,50,3,train,350da956991f9a784a307cd0e79a4e70
histo_00585,histopathology/images/histo_00585.png,0,non_idc_or_benign,Breast Histopathology Images (IDC Benchmark / Cruz-Roa et al.),40x,50,50,3,train,21175d3bdaeb95284ef7795135590d12
histo_00586,histopathology/images/histo_00586.png,1,invasive_ductal_carcinoma,Breast Histopathology Images (IDC Benchmark / Cruz-Roa et al.),40x,50,50,3,train,6292286fc2fbe26e1c0249f709a99ece
histo_00587,histopathology/images/histo_00587.png,0,non_idc_or_benign,Breast Histopathology Images (IDC Benchmark / Cruz-Roa et al.),40x,50,50,3,train,8475056a57e5043da4ec423cf49c7b8b
histo_00588,histopathology/images/histo_00588.png,0,non_idc_or_benign,Breast Histopathology Images (IDC Benchmark / Cruz-Roa et al.),40x,50,50,3,train,c458a5b177e7d64e05f109b27e07a0ea
histo_00589,histopathology/images/histo_00589.png,0,non_idc_or_benign,Breast Histopathology Images (IDC Benchmark / Cruz-Roa et al.),40x,50,50,3,train,8004e553ff490e5df1da6da236f24fbf
histo_00590,histopathology/images/histo_00590.png,0,non_idc_or_benign,Breast Histopathology Images (IDC Benchmark / Cruz-Roa et al.),40x,50,50,3,test,176a628949a51269da060123c08bbfdd
histo_00591,histopathology/images/histo_00591.png,1,invasive_ductal_carcinoma,Breast Histopathology Images (IDC Benchmark / Cruz-Roa et al.),40x,50,50,3,train,58aba67cd45f2a77d11be408bfb33a84
histo_00592,histopathology/images/histo_00592.png,1,invasive_ductal_carcinoma,Breast Histopathology Images (IDC Benchmark / Cruz-Roa et al.),40x,50,50,3,train,a9e66a19dd0380cf09c78e38904c9c75
histo_00593,histopathology/images/histo_00593.png,1,invasive_ductal_carcinoma,Breast Histopathology Images (IDC Benchmark / Cruz-Roa et al.),40x,50,50,3,train,4f247ec55460b639b5840c73608dd53b
histo_00594,histopathology/images/histo_00594.png,1,invasive_ductal_carcinoma,Breast Histopathology Images (IDC Benchmark / Cruz-Roa et al.),40x,50,50,3,val,e961044800cd353fd4831fdd2ef2f147
histo_00595,histopathology/images/histo_00595.png,0,non_idc_or_benign,Breast Histopathology Images (IDC Benchmark / Cruz-Roa et al.),40x,50,50,3,train,386133d2b69465d5e8eef85b9f18d7f6
histo_00596,histopathology/images/histo_00596.png,1,invasive_ductal_carcinoma,Breast Histopathology Images (IDC Benchmark / Cruz-Roa et al.),40x,50,50,3,train,4f3af3da7279ba72b0c77efa80f840ed
histo_00597,histopathology/images/histo_00597.png,0,non_idc_or_benign,Breast Histopathology Images (IDC Benchmark / Cruz-Roa et al.),40x,50,50,3,train,5958fffdaafe8a1b462ba6ea778d2ca0
histo_00598,histopathology/images/histo_00598.png,0,non_idc_or_benign,Breast Histopathology Images (IDC Benchmark / Cruz-Roa et al.),40x,50,50,3,test,eb85f2883fbff17283810252fd128be8
histo_00599,histopathology/images/histo_00599.png,1,invasive_ductal_carcinoma,Breast Histopathology Images (IDC Benchmark / Cruz-Roa et al.),40x,50,50,3,test,6554b722f3b86daf35d9a76f10b10a17
histo_00600,histopathology/images/histo_00600.png,0,non_idc_or_benign,Breast Histopathology Images (IDC Benchmark / Cruz-Roa et al.),40x,50,50,3,val,aff9c647e775d740a6ee0b3822a4dafb
histo_00601,histopathology/images/histo_00601.png,0,non_idc_or_benign,Breast Histopathology Images (IDC Benchmark / Cruz-Roa et al.),40x,50,50,3,train,73364bd618002aae46cfbb0a38d2fbc4
histo_00602,histopathology/images/histo_00602.png,0,non_idc_or_benign,Breast Histopathology Images (IDC Benchmark / Cruz-Roa et al.),40x,50,50,3,train,36c6df25a23656f25f6b7521c723c98a
histo_00603,histopathology/images/histo_00603.png,0,non_idc_or_benign,Breast Histopathology Images (IDC Benchmark / Cruz-Roa et al.),40x,50,50,3,train,f6a7ab227f112d1325b0d7b7f5079549
histo_00604,histopathology/images/histo_00604.png,1,invasive_ductal_carcinoma,Breast Histopathology Images (IDC Benchmark / Cruz-Roa et al.),40x,50,50,3,train,bd3047f160f54eb5b69fe973cbd4a533
histo_00605,histopathology/images/histo_00605.png,0,non_idc_or_benign,Breast Histopathology Images (IDC Benchmark / Cruz-Roa et al.),40x,50,50,3,train,3f27167c403c7de762efc3de6d6f8639
histo_00606,histopathology/images/histo_00606.png,1,invasive_ductal_carcinoma,Breast Histopathology Images (IDC Benchmark / Cruz-Roa et al.),40x,50,50,3,train,9508f7c6e8707d436d4c86321dc3ae8d
histo_00607,histopathology/images/histo_00607.png,0,non_idc_or_benign,Breast Histopathology Images (IDC Benchmark / Cruz-Roa et al.),40x,50,50,3,test,2a5fbdfff220418ef3c676ac92d8195d
histo_00608,histopathology/images/histo_00608.png,0,non_idc_or_benign,Breast Histopathology Images (IDC Benchmark / Cruz-Roa et al.),40x,50,50,3,val,eda72835bbb393fcfe6c6184a7ce69ea
histo_00609,histopathology/images/histo_00609.png,0,non_idc_or_benign,Breast Histopathology Images (IDC Benchmark / Cruz-Roa et al.),40x,50,50,3,train,1b42a8f3c27b3d7c25762cb597f84621
histo_00610,histopathology/images/histo_00610.png,1,invasive_ductal_carcinoma,Breast Histopathology Images (IDC Benchmark / Cruz-Roa et al.),40x,50,50,3,val,2d2df8519c703f314c78645268690441
histo_00611,histopathology/images/histo_00611.png,0,non_idc_or_benign,Breast Histopathology Images (IDC Benchmark / Cruz-Roa et al.),40x,50,50,3,train,f7826e670d3819509d946f6e50f70868
histo_00612,histopathology/images/histo_00612.png,0,non_idc_or_benign,Breast Histopathology Images (IDC Benchmark / Cruz-Roa et al.),40x,50,50,3,train,e7f9291e5ebf784a0dfaa9f4b2ab4d54
histo_00613,histopathology/images/histo_00613.png,0,non_idc_or_benign,Breast Histopathology Images (IDC Benchmark / Cruz-Roa et al.),40x,50,50,3,train,b76696db3c4852a1ce6379d363f01401
histo_00614,histopathology/images/histo_00614.png,1,invasive_ductal_carcinoma,Breast Histopathology Images (IDC Benchmark / Cruz-Roa et al.),40x,50,50,3,train,9e048cb301b9ff87dab948c753bcdc1b
histo_00615,histopathology/images/histo_00615.png,1,invasive_ductal_carcinoma,Breast Histopathology Images (IDC Benchmark / Cruz-Roa et al.),40x,50,50,3,test,6d3365aff86fee100664d28c542f3433
histo_00616,histopathology/images/histo_00616.png,0,non_idc_or_benign,Breast Histopathology Images (IDC Benchmark / Cruz-Roa et al.),40x,50,50,3,train,adc0383b03e84fece5644522c5fa7926
histo_00617,histopathology/images/histo_00617.png,0,non_idc_or_benign,Breast Histopathology Images (IDC Benchmark / Cruz-Roa et al.),40x,50,50,3,train,52471d50a8b55f1d545d44508ac03498
histo_00618,histopathology/images/histo_00618.png,1,invasive_ductal_carcinoma,Breast Histopathology Images (IDC Benchmark / Cruz-Roa et al.),40x,50,50,3,train,c329cc720e12ecf00dd323f62e7bfaa5
histo_00619,histopathology/images/histo_00619.png,0,non_idc_or_benign,Breast Histopathology Images (IDC Benchmark / Cruz-Roa et al.),40x,50,50,3,train,d68710932d84141b35da03527cc19664
histo_00620,histopathology/images/histo_00620.png,0,non_idc_or_benign,Breast Histopathology Images (IDC Benchmark / Cruz-Roa et al.),40x,50,50,3,train,c6e51a16be2be7aad863096c98205092
histo_00621,histopathology/images/histo_00621.png,0,non_idc_or_benign,Breast Histopathology Images (IDC Benchmark / Cruz-Roa et al.),40x,50,50,3,train,6747a41e6f911829a92ad2d21f46f693
histo_00622,histopathology/images/histo_00622.png,0,non_idc_or_benign,Breast Histopathology Images (IDC Benchmark / Cruz-Roa et al.),40x,50,50,3,val,a4e11b6024931728f4b5079ffe4c856d
histo_00623,histopathology/images/histo_00623.png,1,invasive_ductal_carcinoma,Breast Histopathology Images (IDC Benchmark / Cruz-Roa et al.),40x,50,50,3,train,2f772d7a6ce9071bb70a9275b0494b8c
histo_00624,histopathology/images/histo_00624.png,0,non_idc_or_benign,Breast Histopathology Images (IDC Benchmark / Cruz-Roa et al.),40x,50,50,3,val,75d49d0742abfca21d37df0e688a9606
histo_00625,histopathology/images/histo_00625.png,0,non_idc_or_benign,Breast Histopathology Images (IDC Benchmark / Cruz-Roa et al.),40x,50,50,3,train,52ef6cd311469ce3c64fccbf7ddb0ac0
histo_00626,histopathology/images/histo_00626.png,1,invasive_ductal_carcinoma,Breast Histopathology Images (IDC Benchmark / Cruz-Roa et al.),40x,50,50,3,val,b27eb00eb6438e525469e54173f91b1f
histo_00627,histopathology/images/histo_00627.png,0,non_idc_or_benign,Breast Histopathology Images (IDC Benchmark / Cruz-Roa et al.),40x,50,50,3,train,58dc0dcbca4870d86126e56ae9ceede2
histo_00628,histopathology/images/histo_00628.png,0,non_idc_or_benign,Breast Histopathology Images (IDC Benchmark / Cruz-Roa et al.),40x,50,50,3,train,1545976a1ea40fa6af78f5dfeec55e56
histo_00629,histopathology/images/histo_00629.png,0,non_idc_or_benign,Breast Histopathology Images (IDC Benchmark / Cruz-Roa et al.),40x,50,50,3,train,079fc6b7499aceb447295d71a3aa579b
histo_00630,histopathology/images/histo_00630.png,0,non_idc_or_benign,Breast Histopathology Images (IDC Benchmark / Cruz-Roa et al.),40x,50,50,3,val,1b6f9baa80df736d44faf0c32cd9d89b
histo_00631,histopathology/images/histo_00631.png,0,non_idc_or_benign,Breast Histopathology Images (IDC Benchmark / Cruz-Roa et al.),40x,50,50,3,test,ff02dec2d8ef743d9991c8a25ae3f8cf
histo_00632,histopathology/images/histo_00632.png,1,invasive_ductal_carcinoma,Breast Histopathology Images (IDC Benchmark / Cruz-Roa et al.),40x,50,50,3,train,b05b18c64d8f0fc484226035d5d53835
histo_00633,histopathology/images/histo_00633.png,0,non_idc_or_benign,Breast Histopathology Images (IDC Benchmark / Cruz-Roa et al.),40x,50,50,3,train,b43c9466fdac949202ee56350400db2d
histo_00634,histopathology/images/histo_00634.png,0,non_idc_or_benign,Breast Histopathology Images (IDC Benchmark / Cruz-Roa et al.),40x,50,50,3,train,57bba26b64f9d8aa408dbb3326d55729
histo_00635,histopathology/images/histo_00635.png,1,invasive_ductal_carcinoma,Breast Histopathology Images (IDC Benchmark / Cruz-Roa et al.),40x,50,50,3,train,f813050475bdc9e3d753fc7d73f960cf
histo_00636,histopathology/images/histo_00636.png,1,invasive_ductal_carcinoma,Breast Histopathology Images (IDC Benchmark / Cruz-Roa et al.),40x,50,50,3,train,8881ff1d87e523d37fab4b4b68ddce0a
histo_00637,histopathology/images/histo_00637.png,1,invasive_ductal_carcinoma,Breast Histopathology Images (IDC Benchmark / Cruz-Roa et al.),40x,50,50,3,train,9fa09a6c67a06fa66bf0d80f798acc8f
histo_00638,histopathology/images/histo_00638.png,1,invasive_ductal_carcinoma,Breast Histopathology Images (IDC Benchmark / Cruz-Roa et al.),40x,50,50,3,train,951ba8d76157b3b77a187ba5d293f002
histo_00639,histopathology/images/histo_00639.png,0,non_idc_or_benign,Breast Histopathology Images (IDC Benchmark / Cruz-Roa et al.),40x,50,50,3,train,ac61ef367bf0a704c48d339f4b8d07c8
histo_00640,histopathology/images/histo_00640.png,1,invasive_ductal_carcinoma,Breast Histopathology Images (IDC Benchmark / Cruz-Roa et al.),40x,50,50,3,train,5851dad5f610cb7f3fb28e2f4732dfe8
histo_00641,histopathology/images/histo_00641.png,1,invasive_ductal_carcinoma,Breast Histopathology Images (IDC Benchmark / Cruz-Roa et al.),40x,50,50,3,train,b768df10111fe12fdfcea6274b320eb1
histo_00642,histopathology/images/histo_00642.png,0,non_idc_or_benign,Breast Histopathology Images (IDC Benchmark / Cruz-Roa et al.),40x,50,50,3,train,3123680cab4527098f01231de5791fab
histo_00643,histopathology/images/histo_00643.png,0,non_idc_or_benign,Breast Histopathology Images (IDC Benchmark / Cruz-Roa et al.),40x,50,50,3,train,4444b4635804ac0f0b2558e878658b95
histo_00644,histopathology/images/histo_00644.png,1,invasive_ductal_carcinoma,Breast Histopathology Images (IDC Benchmark / Cruz-Roa et al.),40x,50,50,3,train,759a8d94cc1a621a445f7a214b4ad4ea
histo_00645,histopathology/images/histo_00645.png,0,non_idc_or_benign,Breast Histopathology Images (IDC Benchmark / Cruz-Roa et al.),40x,50,50,3,train,840da97c74f322e0be0595ec36de3626
histo_00646,histopathology/images/histo_00646.png,0,non_idc_or_benign,Breast Histopathology Images (IDC Benchmark / Cruz-Roa et al.),40x,50,50,3,train,7202335cb512eb56e8f77afe74977bd9
histo_00647,histopathology/images/histo_00647.png,0,non_idc_or_benign,Breast Histopathology Images (IDC Benchmark / Cruz-Roa et al.),40x,50,50,3,train,9193e4fcab3d574bc0705037295ea91a
histo_00648,histopathology/images/histo_00648.png,0,non_idc_or_benign,Breast Histopathology Images (IDC Benchmark / Cruz-Roa et al.),40x,50,50,3,train,7bec7eb9c7a74473c5c54fddfb2c9bf0
histo_00649,histopathology/images/histo_00649.png,0,non_idc_or_benign,Breast Histopathology Images (IDC Benchmark / Cruz-Roa et al.),40x,50,50,3,train,9614c1cd24b950d40b956aee00026381
histo_00650,histopathology/images/histo_00650.png,0,non_idc_or_benign,Breast Histopathology Images (IDC Benchmark / Cruz-Roa et al.),40x,50,50,3,test,909b35caae1b682fab7721596ff5b42a
histo_00651,histopathology/images/histo_00651.png,1,invasive_ductal_carcinoma,Breast Histopathology Images (IDC Benchmark / Cruz-Roa et al.),40x,50,50,3,train,6d23d26f1d15be693aa7629fdb666c9e
histo_00652,histopathology/images/histo_00652.png,0,non_idc_or_benign,Breast Histopathology Images (IDC Benchmark / Cruz-Roa et al.),40x,50,50,3,train,4de10927d3541169f1f2cb506ea4f02a
histo_00653,histopathology/images/histo_00653.png,0,non_idc_or_benign,Breast Histopathology Images (IDC Benchmark / Cruz-Roa et al.),40x,50,50,3,train,14994215011e4ed8965a719c6870bfa7
histo_00654,histopathology/images/histo_00654.png,0,non_idc_or_benign,Breast Histopathology Images (IDC Benchmark / Cruz-Roa et al.),40x,50,50,3,val,a90b1db0f0fca4759508c5a7b44a69ab
histo_00655,histopathology/images/histo_00655.png,0,non_idc_or_benign,Breast Histopathology Images (IDC Benchmark / Cruz-Roa et al.),40x,50,50,3,train,052392ece9f58d7fd6b59e74bbcd8ad6
histo_00656,histopathology/images/histo_00656.png,0,non_idc_or_benign,Breast Histopathology Images (IDC Benchmark / Cruz-Roa et al.),40x,50,50,3,train,7879c9466553ff7ed27ff52259a485d7
histo_00657,histopathology/images/histo_00657.png,0,non_idc_or_benign,Breast Histopathology Images (IDC Benchmark / Cruz-Roa et al.),40x,50,50,3,val,3c552af15ab9eebfda00cb49701aa549
histo_00658,histopathology/images/histo_00658.png,1,invasive_ductal_carcinoma,Breast Histopathology Images (IDC Benchmark / Cruz-Roa et al.),40x,50,50,3,train,c965309aad20fdbcf49eb90d14a5dd4a
histo_00659,histopathology/images/histo_00659.png,0,non_idc_or_benign,Breast Histopathology Images (IDC Benchmark / Cruz-Roa et al.),40x,50,50,3,train,134048944243e70c0b9e5bfcbde8ac95
histo_00660,histopathology/images/histo_00660.png,0,non_idc_or_benign,Breast Histopathology Images (IDC Benchmark / Cruz-Roa et al.),40x,50,50,3,val,e051b2d4fab806d3f9c08f30110b58f2
histo_00661,histopathology/images/histo_00661.png,1,invasive_ductal_carcinoma,Breast Histopathology Images (IDC Benchmark / Cruz-Roa et al.),40x,50,50,3,train,44913f34f8aa4f91f8215c81c781cc27
histo_00662,histopathology/images/histo_00662.png,0,non_idc_or_benign,Breast Histopathology Images (IDC Benchmark / Cruz-Roa et al.),40x,50,50,3,train,9fce1e0ac32786d1102f5c7af43dbdbb
histo_00663,histopathology/images/histo_00663.png,0,non_idc_or_benign,Breast Histopathology Images (IDC Benchmark / Cruz-Roa et al.),40x,50,50,3,train,5ed501313bb32bcc7e311edf43bd0a60
histo_00664,histopathology/images/histo_00664.png,0,non_idc_or_benign,Breast Histopathology Images (IDC Benchmark / Cruz-Roa et al.),40x,50,50,3,test,4c0be21a107daeddc4f131f52f6a0410
histo_00665,histopathology/images/histo_00665.png,0,non_idc_or_benign,Breast Histopathology Images (IDC Benchmark / Cruz-Roa et al.),40x,50,50,3,train,c7decfa754331f2240d1661d52d3d7b7
histo_00666,histopathology/images/histo_00666.png,0,non_idc_or_benign,Breast Histopathology Images (IDC Benchmark / Cruz-Roa et al.),40x,50,50,3,val,966ca66e67c81858ab8326fd5fd7f2b7
histo_00667,histopathology/images/histo_00667.png,0,non_idc_or_benign,Breast Histopathology Images (IDC Benchmark / Cruz-Roa et al.),40x,50,50,3,train,0ccbdda424479f9a946c320b38ef9c90
histo_00668,histopathology/images/histo_00668.png,0,non_idc_or_benign,Breast Histopathology Images (IDC Benchmark / Cruz-Roa et al.),40x,50,50,3,val,cbd4a75f3318ad4e9f7209364a483cb4
histo_00669,histopathology/images/histo_00669.png,1,invasive_ductal_carcinoma,Breast Histopathology Images (IDC Benchmark / Cruz-Roa et al.),40x,50,50,3,train,91e45f597da2146ff69ebb5ed4bce943
histo_00670,histopathology/images/histo_00670.png,0,non_idc_or_benign,Breast Histopathology Images (IDC Benchmark / Cruz-Roa et al.),40x,50,50,3,val,ae36ecf2ceb3b835691adf1609e5635c
histo_00671,histopathology/images/histo_00671.png,0,non_idc_or_benign,Breast Histopathology Images (IDC Benchmark / Cruz-Roa et al.),40x,50,50,3,train,9000d60153bf28d91f609d4e8bb33517
histo_00672,histopathology/images/histo_00672.png,0,non_idc_or_benign,Breast Histopathology Images (IDC Benchmark / Cruz-Roa et al.),40x,50,50,3,train,5522b5f4e21d83d11ee117edea9fb904
histo_00673,histopathology/images/histo_00673.png,0,non_idc_or_benign,Breast Histopathology Images (IDC Benchmark / Cruz-Roa et al.),40x,50,50,3,train,555ae2a78b6cc9911fb537be97c49586
histo_00674,histopathology/images/histo_00674.png,1,invasive_ductal_carcinoma,Breast Histopathology Images (IDC Benchmark / Cruz-Roa et al.),40x,50,50,3,train,8df807b70b81308dd7789b03f3a96f24
histo_00675,histopathology/images/histo_00675.png,1,invasive_ductal_carcinoma,Breast Histopathology Images (IDC Benchmark / Cruz-Roa et al.),40x,50,50,3,test,a8136171f4e6fe0ffe0ef8c5017acf56
histo_00676,histopathology/images/histo_00676.png,0,non_idc_or_benign,Breast Histopathology Images (IDC Benchmark / Cruz-Roa et al.),40x,50,50,3,train,6e54f20d129801b9da9f49cdf96de20d
histo_00677,histopathology/images/histo_00677.png,0,non_idc_or_benign,Breast Histopathology Images (IDC Benchmark / Cruz-Roa et al.),40x,50,50,3,train,d462f26d6f5f228d066dc04fa93b0713
histo_00678,histopathology/images/histo_00678.png,0,non_idc_or_benign,Breast Histopathology Images (IDC Benchmark / Cruz-Roa et al.),40x,50,50,3,train,602838049f049a95e99eb3c96047d583
histo_00679,histopathology/images/histo_00679.png,1,invasive_ductal_carcinoma,Breast Histopathology Images (IDC Benchmark / Cruz-Roa et al.),40x,50,50,3,train,dc7690500c6b25f191b3cae980fc20b9
histo_00680,histopathology/images/histo_00680.png,0,non_idc_or_benign,Breast Histopathology Images (IDC Benchmark / Cruz-Roa et al.),40x,50,50,3,train,c606780cec6aed53c006d2807907fed0
histo_00681,histopathology/images/histo_00681.png,0,non_idc_or_benign,Breast Histopathology Images (IDC Benchmark / Cruz-Roa et al.),40x,50,50,3,train,5f75254a1c271e6aba6519fbe136f5ad
histo_00682,histopathology/images/histo_00682.png,0,non_idc_or_benign,Breast Histopathology Images (IDC Benchmark / Cruz-Roa et al.),40x,50,50,3,train,57844f3b9591996b331c2011dd0fc036
histo_00683,histopathology/images/histo_00683.png,0,non_idc_or_benign,Breast Histopathology Images (IDC Benchmark / Cruz-Roa et al.),40x,50,50,3,test,5f81916449fad03c8c0ab96bbab922c6
histo_00684,histopathology/images/histo_00684.png,0,non_idc_or_benign,Breast Histopathology Images (IDC Benchmark / Cruz-Roa et al.),40x,50,50,3,train,02132e58452a62a0a8799f358227a2ba
histo_00685,histopathology/images/histo_00685.png,0,non_idc_or_benign,Breast Histopathology Images (IDC Benchmark / Cruz-Roa et al.),40x,50,50,3,train,c0a38a40003a1e79cdecdc14634f9e20
histo_00686,histopathology/images/histo_00686.png,0,non_idc_or_benign,Breast Histopathology Images (IDC Benchmark / Cruz-Roa et al.),40x,50,50,3,train,29a668c10108252fe06e1f05db415b85
histo_00687,histopathology/images/histo_00687.png,0,non_idc_or_benign,Breast Histopathology Images (IDC Benchmark / Cruz-Roa et al.),40x,50,50,3,train,d2c1e65c8ffbcd2c78bacccb794eb3eb
histo_00688,histopathology/images/histo_00688.png,0,non_idc_or_benign,Breast Histopathology Images (IDC Benchmark / Cruz-Roa et al.),40x,50,50,3,test,2174c83e5a3ac8181519c7b92ff7ef4b
histo_00689,histopathology/images/histo_00689.png,1,invasive_ductal_carcinoma,Breast Histopathology Images (IDC Benchmark / Cruz-Roa et al.),40x,50,50,3,train,0f75626982c364d978145d3059df7d57
histo_00690,histopathology/images/histo_00690.png,0,non_idc_or_benign,Breast Histopathology Images (IDC Benchmark / Cruz-Roa et al.),40x,50,50,3,test,2dc80845606cc15f06b48f1368607e43
histo_00691,histopathology/images/histo_00691.png,1,invasive_ductal_carcinoma,Breast Histopathology Images (IDC Benchmark / Cruz-Roa et al.),40x,50,50,3,test,c390bc7b5bbbd5ec723ef69da36b668b
histo_00692,histopathology/images/histo_00692.png,0,non_idc_or_benign,Breast Histopathology Images (IDC Benchmark / Cruz-Roa et al.),40x,50,50,3,train,8e5b4f3d5d5ec8cf2c2cd85d98da98ef
histo_00693,histopathology/images/histo_00693.png,1,invasive_ductal_carcinoma,Breast Histopathology Images (IDC Benchmark / Cruz-Roa et al.),40x,50,50,3,train,66ad2cb99b19b90e1d10c663c5c6983b
histo_00694,histopathology/images/histo_00694.png,0,non_idc_or_benign,Breast Histopathology Images (IDC Benchmark / Cruz-Roa et al.),40x,50,50,3,train,2e092dbf504eaf045654ebedee5e0a88
histo_00695,histopathology/images/histo_00695.png,0,non_idc_or_benign,Breast Histopathology Images (IDC Benchmark / Cruz-Roa et al.),40x,50,50,3,train,161398a3505ba169cd8eef8e61d33041
histo_00696,histopathology/images/histo_00696.png,0,non_idc_or_benign,Breast Histopathology Images (IDC Benchmark / Cruz-Roa et al.),40x,50,50,3,train,114aecad65a0cd30a5d6641e69d89771
histo_00697,histopathology/images/histo_00697.png,1,invasive_ductal_carcinoma,Breast Histopathology Images (IDC Benchmark / Cruz-Roa et al.),40x,50,50,3,train,0ca685aecda291e8ee929b7ceab72915
histo_00698,histopathology/images/histo_00698.png,0,non_idc_or_benign,Breast Histopathology Images (IDC Benchmark / Cruz-Roa et al.),40x,50,50,3,train,2cf0bc7686e1b3d6f166c4a35edd8407
histo_00699,histopathology/images/histo_00699.png,0,non_idc_or_benign,Breast Histopathology Images (IDC Benchmark / Cruz-Roa et al.),40x,50,50,3,train,573a80e39d84628717ecdccee44955a8
histo_00700,histopathology/images/histo_00700.png,0,non_idc_or_benign,Breast Histopathology Images (IDC Benchmark / Cruz-Roa et al.),40x,50,50,3,train,c4cf86cf4b519d8fbb5a7031f3de2a57
histo_00701,histopathology/images/histo_00701.png,0,non_idc_or_benign,Breast Histopathology Images (IDC Benchmark / Cruz-Roa et al.),40x,50,50,3,train,6699594441fc084158858e062749d84f
histo_00702,histopathology/images/histo_00702.png,0,non_idc_or_benign,Breast Histopathology Images (IDC Benchmark / Cruz-Roa et al.),40x,50,50,3,train,7bc06a2087062a18f5f979bda6fd2444
histo_00703,histopathology/images/histo_00703.png,0,non_idc_or_benign,Breast Histopathology Images (IDC Benchmark / Cruz-Roa et al.),40x,50,50,3,train,18287fb9bddd8fbefa452a9987829646
histo_00704,histopathology/images/histo_00704.png,0,non_idc_or_benign,Breast Histopathology Images (IDC Benchmark / Cruz-Roa et al.),40x,50,50,3,val,ce091f6838df05c6dacd99afc5f875be
histo_00705,histopathology/images/histo_00705.png,0,non_idc_or_benign,Breast Histopathology Images (IDC Benchmark / Cruz-Roa et al.),40x,50,50,3,train,48a0d08c1ae7cfbf7bd46233821ca4c8
histo_00706,histopathology/images/histo_00706.png,1,invasive_ductal_carcinoma,Breast Histopathology Images (IDC Benchmark / Cruz-Roa et al.),40x,50,50,3,train,3878bd86334c59b18ad925074e4d7f73
histo_00707,histopathology/images/histo_00707.png,0,non_idc_or_benign,Breast Histopathology Images (IDC Benchmark / Cruz-Roa et al.),40x,50,50,3,train,d88e26abb9162ccce4d6c91e0e36e769
histo_00708,histopathology/images/histo_00708.png,0,non_idc_or_benign,Breast Histopathology Images (IDC Benchmark / Cruz-Roa et al.),40x,50,50,3,train,7145e794f1bb6389055bfcdc4adefc1b
histo_00709,histopathology/images/histo_00709.png,1,invasive_ductal_carcinoma,Breast Histopathology Images (IDC Benchmark / Cruz-Roa et al.),40x,50,50,3,train,16191eba123a9db92d52706fcca7ad56
histo_00710,histopathology/images/histo_00710.png,0,non_idc_or_benign,Breast Histopathology Images (IDC Benchmark / Cruz-Roa et al.),40x,50,50,3,train,5abfc617e15838ff5497d8d0c80edc75
histo_00711,histopathology/images/histo_00711.png,1,invasive_ductal_carcinoma,Breast Histopathology Images (IDC Benchmark / Cruz-Roa et al.),40x,50,50,3,train,2f9047d0b9d8a2942ca83ec332610de9
histo_00712,histopathology/images/histo_00712.png,0,non_idc_or_benign,Breast Histopathology Images (IDC Benchmark / Cruz-Roa et al.),40x,50,50,3,train,b51e7eefcfec0ae6102d24bc498fda13
histo_00713,histopathology/images/histo_00713.png,1,invasive_ductal_carcinoma,Breast Histopathology Images (IDC Benchmark / Cruz-Roa et al.),40x,50,50,3,train,13f0dc227dcde91c9294698ed850491b
histo_00714,histopathology/images/histo_00714.png,1,invasive_ductal_carcinoma,Breast Histopathology Images (IDC Benchmark / Cruz-Roa et al.),40x,50,50,3,test,cebc7ed9b4adcbe3cc75c7aecfc0bf49
histo_00715,histopathology/images/histo_00715.png,0,non_idc_or_benign,Breast Histopathology Images (IDC Benchmark / Cruz-Roa et al.),40x,50,50,3,train,57c87e846a218b6b1ec157e60ba289fd
histo_00716,histopathology/images/histo_00716.png,0,non_idc_or_benign,Breast Histopathology Images (IDC Benchmark / Cruz-Roa et al.),40x,50,50,3,train,24a4f9d62df3e7f6a76f7ed8336e302f
histo_00717,histopathology/images/histo_00717.png,1,invasive_ductal_carcinoma,Breast Histopathology Images (IDC Benchmark / Cruz-Roa et al.),40x,50,50,3,train,34481adb8f37d3be5ff81cb2ebe4e660
histo_00718,histopathology/images/histo_00718.png,0,non_idc_or_benign,Breast Histopathology Images (IDC Benchmark / Cruz-Roa et al.),40x,50,50,3,train,d8857db92adbaa311dbd137cd64a344f
histo_00719,histopathology/images/histo_00719.png,0,non_idc_or_benign,Breast Histopathology Images (IDC Benchmark / Cruz-Roa et al.),40x,50,50,3,train,7a13b5a2613607f39aac84c4562a8a27
histo_00720,histopathology/images/histo_00720.png,0,non_idc_or_benign,Breast Histopathology Images (IDC Benchmark / Cruz-Roa et al.),40x,50,50,3,train,fab8166bf9919f6eed83136acb5035ba
histo_00721,histopathology/images/histo_00721.png,0,non_idc_or_benign,Breast Histopathology Images (IDC Benchmark / Cruz-Roa et al.),40x,50,50,3,train,2e7bd6f5c538a6e0b933fdf5a544c30d
histo_00722,histopathology/images/histo_00722.png,0,non_idc_or_benign,Breast Histopathology Images (IDC Benchmark / Cruz-Roa et al.),40x,50,50,3,val,8764a0667a1542dff82519c9745dbd6e
histo_00723,histopathology/images/histo_00723.png,1,invasive_ductal_carcinoma,Breast Histopathology Images (IDC Benchmark / Cruz-Roa et al.),40x,50,50,3,train,0ca022ff537d4c4fd0a738880e1666fe
histo_00724,histopathology/images/histo_00724.png,1,invasive_ductal_carcinoma,Breast Histopathology Images (IDC Benchmark / Cruz-Roa et al.),40x,50,50,3,train,d75476c3a7c016d19a68d8c0d878f899
histo_00725,histopathology/images/histo_00725.png,1,invasive_ductal_carcinoma,Breast Histopathology Images (IDC Benchmark / Cruz-Roa et al.),40x,50,50,3,test,8c2aeb880bd4d6b08346d75a5cc3c26f
histo_00726,histopathology/images/histo_00726.png,0,non_idc_or_benign,Breast Histopathology Images (IDC Benchmark / Cruz-Roa et al.),40x,50,50,3,test,77274e99750931a3cc6e3d6339387119
histo_00727,histopathology/images/histo_00727.png,0,non_idc_or_benign,Breast Histopathology Images (IDC Benchmark / Cruz-Roa et al.),40x,50,50,3,train,06f421631faa5a967ed5d9bcef6e5aec
histo_00728,histopathology/images/histo_00728.png,0,non_idc_or_benign,Breast Histopathology Images (IDC Benchmark / Cruz-Roa et al.),40x,50,50,3,train,8a902990d3ac4686ee5068513b404838
histo_00729,histopathology/images/histo_00729.png,1,invasive_ductal_carcinoma,Breast Histopathology Images (IDC Benchmark / Cruz-Roa et al.),40x,50,50,3,train,a8a03f61ecd0d20a55cb9b15f052f304
histo_00730,histopathology/images/histo_00730.png,0,non_idc_or_benign,Breast Histopathology Images (IDC Benchmark / Cruz-Roa et al.),40x,50,50,3,val,45a24a6f02bc67a88ea84e8ad5c4a535
histo_00731,histopathology/images/histo_00731.png,1,invasive_ductal_carcinoma,Breast Histopathology Images (IDC Benchmark / Cruz-Roa et al.),40x,50,50,3,train,24c79270653ab31f168593bdf58f80e6
histo_00732,histopathology/images/histo_00732.png,0,non_idc_or_benign,Breast Histopathology Images (IDC Benchmark / Cruz-Roa et al.),40x,50,50,3,train,a82c0aaf3b83136bead151a7a355790e
histo_00733,histopathology/images/histo_00733.png,0,non_idc_or_benign,Breast Histopathology Images (IDC Benchmark / Cruz-Roa et al.),40x,50,50,3,test,a73666a3e6f7acea166748f3177cb307
histo_00734,histopathology/images/histo_00734.png,0,non_idc_or_benign,Breast Histopathology Images (IDC Benchmark / Cruz-Roa et al.),40x,50,50,3,train,0c495635de849dc9baafedd5148674a7
histo_00735,histopathology/images/histo_00735.png,1,invasive_ductal_carcinoma,Breast Histopathology Images (IDC Benchmark / Cruz-Roa et al.),40x,50,50,3,train,e080094de50628c31ac459243ed10ae5
histo_00736,histopathology/images/histo_00736.png,0,non_idc_or_benign,Breast Histopathology Images (IDC Benchmark / Cruz-Roa et al.),40x,50,50,3,test,8fef90f9b9039efce6c146e673e9716f
histo_00737,histopathology/images/histo_00737.png,0,non_idc_or_benign,Breast Histopathology Images (IDC Benchmark / Cruz-Roa et al.),40x,50,50,3,val,276185b3c219f1627cc1f2fd18aa7ec9
histo_00738,histopathology/images/histo_00738.png,0,non_idc_or_benign,Breast Histopathology Images (IDC Benchmark / Cruz-Roa et al.),40x,50,50,3,train,e1835528c94cbb7213751f7a1fdab932
histo_00739,histopathology/images/histo_00739.png,0,non_idc_or_benign,Breast Histopathology Images (IDC Benchmark / Cruz-Roa et al.),40x,50,50,3,train,bf98bcf5280e4c650033b32fa45a0d57
histo_00740,histopathology/images/histo_00740.png,0,non_idc_or_benign,Breast Histopathology Images (IDC Benchmark / Cruz-Roa et al.),40x,50,50,3,train,26119ffda6c9eec0f938a7a38ff8db16
histo_00741,histopathology/images/histo_00741.png,0,non_idc_or_benign,Breast Histopathology Images (IDC Benchmark / Cruz-Roa et al.),40x,50,50,3,train,16d4bb9a77f89365f076e88e4713ed87
histo_00742,histopathology/images/histo_00742.png,0,non_idc_or_benign,Breast Histopathology Images (IDC Benchmark / Cruz-Roa et al.),40x,50,50,3,train,94fde78b7392e810412484f9c5b24a49
histo_00743,histopathology/images/histo_00743.png,1,invasive_ductal_carcinoma,Breast Histopathology Images (IDC Benchmark / Cruz-Roa et al.),40x,50,50,3,val,79355141033fa85b142937c32b8e427a
histo_00744,histopathology/images/histo_00744.png,0,non_idc_or_benign,Breast Histopathology Images (IDC Benchmark / Cruz-Roa et al.),40x,50,50,3,train,1e6f2402e270645c25e76b56e7b1e22b
histo_00745,histopathology/images/histo_00745.png,0,non_idc_or_benign,Breast Histopathology Images (IDC Benchmark / Cruz-Roa et al.),40x,50,50,3,train,70b2e8f939c1a3935f7fd1f5f42b66bb
histo_00746,histopathology/images/histo_00746.png,0,non_idc_or_benign,Breast Histopathology Images (IDC Benchmark / Cruz-Roa et al.),40x,50,50,3,train,009609d170950df0899d9521f54426db
histo_00747,histopathology/images/histo_00747.png,0,non_idc_or_benign,Breast Histopathology Images (IDC Benchmark / Cruz-Roa et al.),40x,50,50,3,train,cee71b6ba648b2d757a1c7a914756197
histo_00748,histopathology/images/histo_00748.png,1,invasive_ductal_carcinoma,Breast Histopathology Images (IDC Benchmark / Cruz-Roa et al.),40x,50,50,3,val,53bb2782c2b607947c49e712bdc24ff9
histo_00749,histopathology/images/histo_00749.png,0,non_idc_or_benign,Breast Histopathology Images (IDC Benchmark / Cruz-Roa et al.),40x,50,50,3,train,b21526dd7c3c2d652d9c251c261c4d53
histo_00750,histopathology/images/histo_00750.png,0,non_idc_or_benign,Breast Histopathology Images (IDC Benchmark / Cruz-Roa et al.),40x,50,50,3,train,e646090d82afd83f2f79537f123bf3d8
histo_00751,histopathology/images/histo_00751.png,1,invasive_ductal_carcinoma,Breast Histopathology Images (IDC Benchmark / Cruz-Roa et al.),40x,50,50,3,train,1f521b4ffdc03e2db99a726c10ddb8f0
histo_00752,histopathology/images/histo_00752.png,0,non_idc_or_benign,Breast Histopathology Images (IDC Benchmark / Cruz-Roa et al.),40x,50,50,3,test,fbe756c5770fe2d209a1e0228d6eb4d3
histo_00753,histopathology/images/histo_00753.png,1,invasive_ductal_carcinoma,Breast Histopathology Images (IDC Benchmark / Cruz-Roa et al.),40x,50,50,3,train,52568d551d3b9184085c4ddbd94e4414
histo_00754,histopathology/images/histo_00754.png,0,non_idc_or_benign,Breast Histopathology Images (IDC Benchmark / Cruz-Roa et al.),40x,50,50,3,val,224f809e2565d5b9e9c3c47e99d481b6
histo_00755,histopathology/images/histo_00755.png,0,non_idc_or_benign,Breast Histopathology Images (IDC Benchmark / Cruz-Roa et al.),40x,50,50,3,test,a68c7f10912eae7f17fd1fc0ac5e1c25
histo_00756,histopathology/images/histo_00756.png,0,non_idc_or_benign,Breast Histopathology Images (IDC Benchmark / Cruz-Roa et al.),40x,50,50,3,train,8e6ff1d3009cbfdf9c71dd28734f740b
histo_00757,histopathology/images/histo_00757.png,1,invasive_ductal_carcinoma,Breast Histopathology Images (IDC Benchmark / Cruz-Roa et al.),40x,50,50,3,train,1b7e7c87de0cb39643b49fd39b0b5bf1
histo_00758,histopathology/images/histo_00758.png,0,non_idc_or_benign,Breast Histopathology Images (IDC Benchmark / Cruz-Roa et al.),40x,50,50,3,train,aa1f3d426a66882cf1f28aeb254645b0
histo_00759,histopathology/images/histo_00759.png,1,invasive_ductal_carcinoma,Breast Histopathology Images (IDC Benchmark / Cruz-Roa et al.),40x,50,50,3,train,01ac6ae09ef74283f9b8a1bcabf9d4ab
histo_00760,histopathology/images/histo_00760.png,0,non_idc_or_benign,Breast Histopathology Images (IDC Benchmark / Cruz-Roa et al.),40x,50,50,3,test,13e075c687fe4483f16dfc52bd60f9bc
histo_00761,histopathology/images/histo_00761.png,0,non_idc_or_benign,Breast Histopathology Images (IDC Benchmark / Cruz-Roa et al.),40x,50,50,3,train,962ce3f23533a6811d3a19549937f84d
histo_00762,histopathology/images/histo_00762.png,1,invasive_ductal_carcinoma,Breast Histopathology Images (IDC Benchmark / Cruz-Roa et al.),40x,50,50,3,train,8e174eb6aec285bb824d8f80103ee382
histo_00763,histopathology/images/histo_00763.png,0,non_idc_or_benign,Breast Histopathology Images (IDC Benchmark / Cruz-Roa et al.),40x,50,50,3,train,71546c037dba9762656a59a756639e50
histo_00764,histopathology/images/histo_00764.png,0,non_idc_or_benign,Breast Histopathology Images (IDC Benchmark / Cruz-Roa et al.),40x,50,50,3,test,f7c932b500ce4a95bac680f13fee840d
histo_00765,histopathology/images/histo_00765.png,1,invasive_ductal_carcinoma,Breast Histopathology Images (IDC Benchmark / Cruz-Roa et al.),40x,50,50,3,val,7a9ef7ee73fe50249e5d99c86c820f1a
histo_00766,histopathology/images/histo_00766.png,1,invasive_ductal_carcinoma,Breast Histopathology Images (IDC Benchmark / Cruz-Roa et al.),40x,50,50,3,train,e15b4c4d4d5ab8913099b489d5fd4995
histo_00767,histopathology/images/histo_00767.png,0,non_idc_or_benign,Breast Histopathology Images (IDC Benchmark / Cruz-Roa et al.),40x,50,50,3,train,cb36feeb0f3619c71c06894df56d9206
histo_00768,histopathology/images/histo_00768.png,0,non_idc_or_benign,Breast Histopathology Images (IDC Benchmark / Cruz-Roa et al.),40x,50,50,3,train,d0222c69f04c49efbbc614bc3c68ae35
histo_00769,histopathology/images/histo_00769.png,0,non_idc_or_benign,Breast Histopathology Images (IDC Benchmark / Cruz-Roa et al.),40x,50,50,3,train,24c331daa901eb41ce7cfc6abb0a2268
histo_00770,histopathology/images/histo_00770.png,0,non_idc_or_benign,Breast Histopathology Images (IDC Benchmark / Cruz-Roa et al.),40x,50,50,3,val,de253ec3684b06f03f7235bd02dcf49a
histo_00771,histopathology/images/histo_00771.png,0,non_idc_or_benign,Breast Histopathology Images (IDC Benchmark / Cruz-Roa et al.),40x,50,50,3,train,11c299adcb1b7b2ad786fee5c4c349cb
histo_00772,histopathology/images/histo_00772.png,1,invasive_ductal_carcinoma,Breast Histopathology Images (IDC Benchmark / Cruz-Roa et al.),40x,50,50,3,train,331cecfbdc35695baf1da99f7531a855
histo_00773,histopathology/images/histo_00773.png,0,non_idc_or_benign,Breast Histopathology Images (IDC Benchmark / Cruz-Roa et al.),40x,50,50,3,test,f50700cd7d1bf0a0fd709756a0ca1a53
histo_00774,histopathology/images/histo_00774.png,0,non_idc_or_benign,Breast Histopathology Images (IDC Benchmark / Cruz-Roa et al.),40x,50,50,3,train,c62d46cd1a79cf2f61fc621f751c7a4e
histo_00775,histopathology/images/histo_00775.png,0,non_idc_or_benign,Breast Histopathology Images (IDC Benchmark / Cruz-Roa et al.),40x,50,50,3,train,a3f87122d111cec3371f1dc3ec904095
histo_00776,histopathology/images/histo_00776.png,0,non_idc_or_benign,Breast Histopathology Images (IDC Benchmark / Cruz-Roa et al.),40x,50,50,3,train,f62ca757d9d0089b922affcd22acbede
histo_00777,histopathology/images/histo_00777.png,1,invasive_ductal_carcinoma,Breast Histopathology Images (IDC Benchmark / Cruz-Roa et al.),40x,50,50,3,train,2fe37a2a1da890c17362e0f77f30aec5
histo_00778,histopathology/images/histo_00778.png,1,invasive_ductal_carcinoma,Breast Histopathology Images (IDC Benchmark / Cruz-Roa et al.),40x,50,50,3,test,56ed776acdc2eb7b6095b1df8d452814
histo_00779,histopathology/images/histo_00779.png,1,invasive_ductal_carcinoma,Breast Histopathology Images (IDC Benchmark / Cruz-Roa et al.),40x,50,50,3,train,4e0b8eb7328b3c3e376f14516a6aef58
histo_00780,histopathology/images/histo_00780.png,0,non_idc_or_benign,Breast Histopathology Images (IDC Benchmark / Cruz-Roa et al.),40x,50,50,3,train,126ea2d76f9f58ad53cfc7d558be0fa8
histo_00781,histopathology/images/histo_00781.png,1,invasive_ductal_carcinoma,Breast Histopathology Images (IDC Benchmark / Cruz-Roa et al.),40x,50,50,3,test,94911da8ea49bbe556c6ebb98656a857
histo_00782,histopathology/images/histo_00782.png,1,invasive_ductal_carcinoma,Breast Histopathology Images (IDC Benchmark / Cruz-Roa et al.),40x,50,50,3,train,f7687812b6544630d748a071cc7e78c1
histo_00783,histopathology/images/histo_00783.png,0,non_idc_or_benign,Breast Histopathology Images (IDC Benchmark / Cruz-Roa et al.),40x,50,50,3,test,6228d37675de1d6aacc78e0387ce1702
histo_00784,histopathology/images/histo_00784.png,0,non_idc_or_benign,Breast Histopathology Images (IDC Benchmark / Cruz-Roa et al.),40x,50,50,3,train,e68061b113b4685c1c0d6a39926f62fd
histo_00785,histopathology/images/histo_00785.png,0,non_idc_or_benign,Breast Histopathology Images (IDC Benchmark / Cruz-Roa et al.),40x,50,50,3,val,3954b0e5acb9452f120d8f814903aee7
histo_00786,histopathology/images/histo_00786.png,0,non_idc_or_benign,Breast Histopathology Images (IDC Benchmark / Cruz-Roa et al.),40x,50,50,3,test,0c1a813c9df7dc735c707d8341b87334
histo_00787,histopathology/images/histo_00787.png,0,non_idc_or_benign,Breast Histopathology Images (IDC Benchmark / Cruz-Roa et al.),40x,50,50,3,train,dc0f02306675291b6abe696cbd0c82b0
histo_00788,histopathology/images/histo_00788.png,0,non_idc_or_benign,Breast Histopathology Images (IDC Benchmark / Cruz-Roa et al.),40x,50,50,3,train,3fde61ea0577266b094ec9f60d5405d4
histo_00789,histopathology/images/histo_00789.png,0,non_idc_or_benign,Breast Histopathology Images (IDC Benchmark / Cruz-Roa et al.),40x,50,50,3,test,fb5a4477e3e623dae7ec4b0739ec49ae
histo_00790,histopathology/images/histo_00790.png,1,invasive_ductal_carcinoma,Breast Histopathology Images (IDC Benchmark / Cruz-Roa et al.),40x,50,50,3,train,47b93240fa8585122a0cd529b6ec627f
histo_00791,histopathology/images/histo_00791.png,0,non_idc_or_benign,Breast Histopathology Images (IDC Benchmark / Cruz-Roa et al.),40x,50,50,3,train,d58e759545d01d13d57f44beb1ca5998
histo_00792,histopathology/images/histo_00792.png,0,non_idc_or_benign,Breast Histopathology Images (IDC Benchmark / Cruz-Roa et al.),40x,50,50,3,train,e9ec8c27d6299a61eacc4490b377d916
histo_00793,histopathology/images/histo_00793.png,0,non_idc_or_benign,Breast Histopathology Images (IDC Benchmark / Cruz-Roa et al.),40x,50,50,3,train,50f2cbc50a0dd53f8d9e5f85dcfb769f
histo_00794,histopathology/images/histo_00794.png,1,invasive_ductal_carcinoma,Breast Histopathology Images (IDC Benchmark / Cruz-Roa et al.),40x,50,50,3,train,0d54d7e4b65e4037139f2e7a6ca9d42b
histo_00795,histopathology/images/histo_00795.png,0,non_idc_or_benign,Breast Histopathology Images (IDC Benchmark / Cruz-Roa et al.),40x,50,50,3,val,9560424e65970f5b66c69825fa174856
histo_00796,histopathology/images/histo_00796.png,0,non_idc_or_benign,Breast Histopathology Images (IDC Benchmark / Cruz-Roa et al.),40x,50,50,3,train,dc184b7b53730a75dd826d7cfdb14c41
histo_00797,histopathology/images/histo_00797.png,0,non_idc_or_benign,Breast Histopathology Images (IDC Benchmark / Cruz-Roa et al.),40x,50,50,3,train,623a8e8b08857f41a5f6d869b7fd771d
histo_00798,histopathology/images/histo_00798.png,0,non_idc_or_benign,Breast Histopathology Images (IDC Benchmark / Cruz-Roa et al.),40x,50,50,3,train,3144c9695fdf8d3400822a8b0eddaf76
histo_00799,histopathology/images/histo_00799.png,0,non_idc_or_benign,Breast Histopathology Images (IDC Benchmark / Cruz-Roa et al.),40x,50,50,3,train,18a3f3afafdc6d3aee12005ced753246
histo_00800,histopathology/images/histo_00800.png,1,invasive_ductal_carcinoma,Breast Histopathology Images (IDC Benchmark / Cruz-Roa et al.),40x,50,50,3,train,152a3043444bc3ddd51f0c61ed3dddde
histo_00801,histopathology/images/histo_00801.png,1,invasive_ductal_carcinoma,Breast Histopathology Images (IDC Benchmark / Cruz-Roa et al.),40x,50,50,3,train,6065716ce781a303b4e6cd6ab5cf7776
histo_00802,histopathology/images/histo_00802.png,0,non_idc_or_benign,Breast Histopathology Images (IDC Benchmark / Cruz-Roa et al.),40x,50,50,3,train,676f0355a61b804a5d27f415e72b57a7
histo_00803,histopathology/images/histo_00803.png,1,invasive_ductal_carcinoma,Breast Histopathology Images (IDC Benchmark / Cruz-Roa et al.),40x,50,50,3,train,841b54e07d626a25d2acb8bd0fec4a77
histo_00804,histopathology/images/histo_00804.png,0,non_idc_or_benign,Breast Histopathology Images (IDC Benchmark / Cruz-Roa et al.),40x,50,50,3,train,ded63ed7feaebe2e61da8b5f054dc55a
histo_00805,histopathology/images/histo_00805.png,0,non_idc_or_benign,Breast Histopathology Images (IDC Benchmark / Cruz-Roa et al.),40x,50,50,3,train,443bdc4fb0b54791a4677866e9fb2787
histo_00806,histopathology/images/histo_00806.png,0,non_idc_or_benign,Breast Histopathology Images (IDC Benchmark / Cruz-Roa et al.),40x,50,50,3,val,aed45131258888bb7df5174d18572a83
histo_00807,histopathology/images/histo_00807.png,1,invasive_ductal_carcinoma,Breast Histopathology Images (IDC Benchmark / Cruz-Roa et al.),40x,50,50,3,test,f829cdb77ff1ead5b6746aeef3753b7d
histo_00808,histopathology/images/histo_00808.png,0,non_idc_or_benign,Breast Histopathology Images (IDC Benchmark / Cruz-Roa et al.),40x,50,50,3,train,8d5f53b12a1910d5b9bc528e1f5d01fb
histo_00809,histopathology/images/histo_00809.png,1,invasive_ductal_carcinoma,Breast Histopathology Images (IDC Benchmark / Cruz-Roa et al.),40x,50,50,3,test,881811aa30d2b8271ae35baacba83fbc
histo_00810,histopathology/images/histo_00810.png,0,non_idc_or_benign,Breast Histopathology Images (IDC Benchmark / Cruz-Roa et al.),40x,50,50,3,train,67142e21883eeb4a857ecda725307d55
histo_00811,histopathology/images/histo_00811.png,0,non_idc_or_benign,Breast Histopathology Images (IDC Benchmark / Cruz-Roa et al.),40x,50,50,3,train,a9fa32abe3334c8776e265696c396820
histo_00812,histopathology/images/histo_00812.png,0,non_idc_or_benign,Breast Histopathology Images (IDC Benchmark / Cruz-Roa et al.),40x,50,50,3,train,dcc1a962cf75bf5894e25d5d77017de1
histo_00813,histopathology/images/histo_00813.png,0,non_idc_or_benign,Breast Histopathology Images (IDC Benchmark / Cruz-Roa et al.),40x,50,50,3,test,de6ec0d88f3dd7a01443fa784b273087
histo_00814,histopathology/images/histo_00814.png,0,non_idc_or_benign,Breast Histopathology Images (IDC Benchmark / Cruz-Roa et al.),40x,50,50,3,train,c66d86dcc9d6e49ba58be0ba184dca5c
histo_00815,histopathology/images/histo_00815.png,0,non_idc_or_benign,Breast Histopathology Images (IDC Benchmark / Cruz-Roa et al.),40x,50,50,3,train,9cf864d8ef1211ac1c668be73c26a664
histo_00816,histopathology/images/histo_00816.png,0,non_idc_or_benign,Breast Histopathology Images (IDC Benchmark / Cruz-Roa et al.),40x,50,50,3,train,81b85cea32d9008a55acd2f1439056f8
histo_00817,histopathology/images/histo_00817.png,0,non_idc_or_benign,Breast Histopathology Images (IDC Benchmark / Cruz-Roa et al.),40x,50,50,3,train,773e89a6b0fb72eebe5bae30c281f06d
histo_00818,histopathology/images/histo_00818.png,0,non_idc_or_benign,Breast Histopathology Images (IDC Benchmark / Cruz-Roa et al.),40x,50,50,3,train,61d8825afe4a941f8765c832aa1e5933
histo_00819,histopathology/images/histo_00819.png,0,non_idc_or_benign,Breast Histopathology Images (IDC Benchmark / Cruz-Roa et al.),40x,50,50,3,val,27cecda23e175bb8d1392959a9fede16
histo_00820,histopathology/images/histo_00820.png,0,non_idc_or_benign,Breast Histopathology Images (IDC Benchmark / Cruz-Roa et al.),40x,50,50,3,train,582077136feb9d1511f5418253c322e3
histo_00821,histopathology/images/histo_00821.png,0,non_idc_or_benign,Breast Histopathology Images (IDC Benchmark / Cruz-Roa et al.),40x,50,50,3,train,d02a1e84849a9bb51fc2139df6b1dfd7
histo_00822,histopathology/images/histo_00822.png,0,non_idc_or_benign,Breast Histopathology Images (IDC Benchmark / Cruz-Roa et al.),40x,50,50,3,train,713f8f47a1fc515cfcece806d48e604a
histo_00823,histopathology/images/histo_00823.png,0,non_idc_or_benign,Breast Histopathology Images (IDC Benchmark / Cruz-Roa et al.),40x,50,50,3,train,aec0caa25d08275fa3be2ca17fc726bd
histo_00824,histopathology/images/histo_00824.png,0,non_idc_or_benign,Breast Histopathology Images (IDC Benchmark / Cruz-Roa et al.),40x,50,50,3,train,c004444f1dfd7121f5845ba0c4f3bc8d
histo_00825,histopathology/images/histo_00825.png,0,non_idc_or_benign,Breast Histopathology Images (IDC Benchmark / Cruz-Roa et al.),40x,50,50,3,train,64fa24d28da4b42a02f94c72a0f62274
histo_00826,histopathology/images/histo_00826.png,0,non_idc_or_benign,Breast Histopathology Images (IDC Benchmark / Cruz-Roa et al.),40x,50,50,3,train,cd1ce9a173b3a7848bb87dd66164abe6
histo_00827,histopathology/images/histo_00827.png,0,non_idc_or_benign,Breast Histopathology Images (IDC Benchmark / Cruz-Roa et al.),40x,50,50,3,train,a1355c47b41b80808b61b0be5412e4fe
histo_00828,histopathology/images/histo_00828.png,0,non_idc_or_benign,Breast Histopathology Images (IDC Benchmark / Cruz-Roa et al.),40x,50,50,3,test,24764808801e67e9cee7984696999597
histo_00829,histopathology/images/histo_00829.png,0,non_idc_or_benign,Breast Histopathology Images (IDC Benchmark / Cruz-Roa et al.),40x,50,50,3,test,2c0be6108ad9bb21fa42b621be5d749a
histo_00830,histopathology/images/histo_00830.png,0,non_idc_or_benign,Breast Histopathology Images (IDC Benchmark / Cruz-Roa et al.),40x,50,50,3,train,ef42f746fe36667f3881d96e6761e4b1
histo_00831,histopathology/images/histo_00831.png,0,non_idc_or_benign,Breast Histopathology Images (IDC Benchmark / Cruz-Roa et al.),40x,50,50,3,train,1ab1f6774b452020f349fd1c55db8c2e
histo_00832,histopathology/images/histo_00832.png,0,non_idc_or_benign,Breast Histopathology Images (IDC Benchmark / Cruz-Roa et al.),40x,50,50,3,train,d3a948797e116842c29fd909cc4fc7d3
histo_00833,histopathology/images/histo_00833.png,0,non_idc_or_benign,Breast Histopathology Images (IDC Benchmark / Cruz-Roa et al.),40x,50,50,3,train,492598250386e0372b6250c78f4e5a4d
histo_00834,histopathology/images/histo_00834.png,1,invasive_ductal_carcinoma,Breast Histopathology Images (IDC Benchmark / Cruz-Roa et al.),40x,50,50,3,val,07e52f80f1f308a78b050943d4e6fc1a
histo_00835,histopathology/images/histo_00835.png,0,non_idc_or_benign,Breast Histopathology Images (IDC Benchmark / Cruz-Roa et al.),40x,50,50,3,train,9771f58441f35a7af307faaea1956eef
histo_00836,histopathology/images/histo_00836.png,0,non_idc_or_benign,Breast Histopathology Images (IDC Benchmark / Cruz-Roa et al.),40x,50,50,3,train,271bc5cc0f194eddfe7e52ad88777018
histo_00837,histopathology/images/histo_00837.png,0,non_idc_or_benign,Breast Histopathology Images (IDC Benchmark / Cruz-Roa et al.),40x,50,50,3,train,59c1fe87b772633650a6bd56b7a01759
histo_00838,histopathology/images/histo_00838.png,1,invasive_ductal_carcinoma,Breast Histopathology Images (IDC Benchmark / Cruz-Roa et al.),40x,50,50,3,test,76e756709fd53d1a8596aa1dc2f5dd1b
histo_00839,histopathology/images/histo_00839.png,0,non_idc_or_benign,Breast Histopathology Images (IDC Benchmark / Cruz-Roa et al.),40x,50,50,3,train,3d1e30336caf3c264053a1d6db3b1974
histo_00840,histopathology/images/histo_00840.png,0,non_idc_or_benign,Breast Histopathology Images (IDC Benchmark / Cruz-Roa et al.),40x,50,50,3,train,2d0e171138788b750a1b4151becf30ff
histo_00841,histopathology/images/histo_00841.png,0,non_idc_or_benign,Breast Histopathology Images (IDC Benchmark / Cruz-Roa et al.),40x,50,50,3,train,6ec5205a9c2a3920df1207fd83cfa77d
histo_00842,histopathology/images/histo_00842.png,1,invasive_ductal_carcinoma,Breast Histopathology Images (IDC Benchmark / Cruz-Roa et al.),40x,50,50,3,train,dad68f3ab9a0b37df963540cb6f363ac
histo_00843,histopathology/images/histo_00843.png,0,non_idc_or_benign,Breast Histopathology Images (IDC Benchmark / Cruz-Roa et al.),40x,50,50,3,train,10c7b742b7f5d1701a28fab752a8ffb7
histo_00844,histopathology/images/histo_00844.png,1,invasive_ductal_carcinoma,Breast Histopathology Images (IDC Benchmark / Cruz-Roa et al.),40x,50,50,3,train,ab787eac9077a6e840c2cf76b6cfe9f0
histo_00845,histopathology/images/histo_00845.png,0,non_idc_or_benign,Breast Histopathology Images (IDC Benchmark / Cruz-Roa et al.),40x,50,50,3,train,0b015a73cee2e99634157c8343467721
histo_00846,histopathology/images/histo_00846.png,0,non_idc_or_benign,Breast Histopathology Images (IDC Benchmark / Cruz-Roa et al.),40x,50,50,3,train,80524b8631f96d0ac34cd21c2ccac536
histo_00847,histopathology/images/histo_00847.png,0,non_idc_or_benign,Breast Histopathology Images (IDC Benchmark / Cruz-Roa et al.),40x,50,50,3,val,72d8c65ec3996113e7a8678852d2f0e8
histo_00848,histopathology/images/histo_00848.png,1,invasive_ductal_carcinoma,Breast Histopathology Images (IDC Benchmark / Cruz-Roa et al.),40x,50,50,3,val,49c70e482c431c98c43e9caf3cd4926d
histo_00849,histopathology/images/histo_00849.png,0,non_idc_or_benign,Breast Histopathology Images (IDC Benchmark / Cruz-Roa et al.),40x,50,50,3,test,4372640675537bb33abfd8ef982610aa
histo_00850,histopathology/images/histo_00850.png,0,non_idc_or_benign,Breast Histopathology Images (IDC Benchmark / Cruz-Roa et al.),40x,50,50,3,test,f862471788cf9561ea4c2ace7e98a2b3
histo_00851,histopathology/images/histo_00851.png,0,non_idc_or_benign,Breast Histopathology Images (IDC Benchmark / Cruz-Roa et al.),40x,50,50,3,train,bb796459d02e2d126b55545ef5bb5f74
histo_00852,histopathology/images/histo_00852.png,1,invasive_ductal_carcinoma,Breast Histopathology Images (IDC Benchmark / Cruz-Roa et al.),40x,50,50,3,train,05babd91628211e116d47882bf7a5fa8
histo_00853,histopathology/images/histo_00853.png,0,non_idc_or_benign,Breast Histopathology Images (IDC Benchmark / Cruz-Roa et al.),40x,50,50,3,train,2284be0fdf389a855a4c8cef76f6dada
histo_00854,histopathology/images/histo_00854.png,1,invasive_ductal_carcinoma,Breast Histopathology Images (IDC Benchmark / Cruz-Roa et al.),40x,50,50,3,train,d9682b393065e2aa0ef04ce8fa131290
histo_00855,histopathology/images/histo_00855.png,0,non_idc_or_benign,Breast Histopathology Images (IDC Benchmark / Cruz-Roa et al.),40x,50,50,3,train,ad5e6e01c819ec395dc54147fc456b18
histo_00856,histopathology/images/histo_00856.png,0,non_idc_or_benign,Breast Histopathology Images (IDC Benchmark / Cruz-Roa et al.),40x,50,50,3,train,d8d6f6023ab04938bcb9edb7cefb2c96
histo_00857,histopathology/images/histo_00857.png,0,non_idc_or_benign,Breast Histopathology Images (IDC Benchmark / Cruz-Roa et al.),40x,50,50,3,train,bfb747fff3a6b2720f033fe10a0d25f5
histo_00858,histopathology/images/histo_00858.png,1,invasive_ductal_carcinoma,Breast Histopathology Images (IDC Benchmark / Cruz-Roa et al.),40x,50,50,3,val,fffa63a1afdd12b53a6631e04eaf4ad2
histo_00859,histopathology/images/histo_00859.png,1,invasive_ductal_carcinoma,Breast Histopathology Images (IDC Benchmark / Cruz-Roa et al.),40x,50,50,3,train,a68876b748053e128e14bae9fdcd1aad
histo_00860,histopathology/images/histo_00860.png,0,non_idc_or_benign,Breast Histopathology Images (IDC Benchmark / Cruz-Roa et al.),40x,50,50,3,train,0f6ae20111b1c5c2e4443aad92f07dea
histo_00861,histopathology/images/histo_00861.png,0,non_idc_or_benign,Breast Histopathology Images (IDC Benchmark / Cruz-Roa et al.),40x,50,50,3,train,78aa9cdd171cba5f408e8236a3d40a30
histo_00862,histopathology/images/histo_00862.png,0,non_idc_or_benign,Breast Histopathology Images (IDC Benchmark / Cruz-Roa et al.),40x,50,50,3,train,501594a106b9518f1237328a36b81496
histo_00863,histopathology/images/histo_00863.png,0,non_idc_or_benign,Breast Histopathology Images (IDC Benchmark / Cruz-Roa et al.),40x,50,50,3,train,ee7746c10f4c69a1fdd30473085b08a7
histo_00864,histopathology/images/histo_00864.png,1,invasive_ductal_carcinoma,Breast Histopathology Images (IDC Benchmark / Cruz-Roa et al.),40x,50,50,3,val,5781e6c1a7c9b6a740a05ddec1f3cc20
histo_00865,histopathology/images/histo_00865.png,0,non_idc_or_benign,Breast Histopathology Images (IDC Benchmark / Cruz-Roa et al.),40x,50,50,3,train,53231f018b9f94ae581e3eec85998787
histo_00866,histopathology/images/histo_00866.png,1,invasive_ductal_carcinoma,Breast Histopathology Images (IDC Benchmark / Cruz-Roa et al.),40x,50,50,3,train,69d7543fb4573aea82bb7f85ef51e4d6
histo_00867,histopathology/images/histo_00867.png,1,invasive_ductal_carcinoma,Breast Histopathology Images (IDC Benchmark / Cruz-Roa et al.),40x,50,50,3,train,f617af206c182bb873ee4d81a4bd2be1
histo_00868,histopathology/images/histo_00868.png,0,non_idc_or_benign,Breast Histopathology Images (IDC Benchmark / Cruz-Roa et al.),40x,50,50,3,test,70d56e99e9bff6629a45d853254192cc
histo_00869,histopathology/images/histo_00869.png,1,invasive_ductal_carcinoma,Breast Histopathology Images (IDC Benchmark / Cruz-Roa et al.),40x,50,50,3,train,0e4303617fb3bc7e07fa9ea83172620a
histo_00870,histopathology/images/histo_00870.png,0,non_idc_or_benign,Breast Histopathology Images (IDC Benchmark / Cruz-Roa et al.),40x,50,50,3,train,e010b1c82b2006991e630a9499d68bbd
histo_00871,histopathology/images/histo_00871.png,1,invasive_ductal_carcinoma,Breast Histopathology Images (IDC Benchmark / Cruz-Roa et al.),40x,50,50,3,train,14a083b8b31646bf3f2a158f562d8a77
histo_00872,histopathology/images/histo_00872.png,1,invasive_ductal_carcinoma,Breast Histopathology Images (IDC Benchmark / Cruz-Roa et al.),40x,50,50,3,train,a9b440a98bbadb7e994f0f56aa5b2e0d
histo_00873,histopathology/images/histo_00873.png,1,invasive_ductal_carcinoma,Breast Histopathology Images (IDC Benchmark / Cruz-Roa et al.),40x,50,50,3,val,655d890beffcef5e1d25f09ddd9faf09
histo_00874,histopathology/images/histo_00874.png,0,non_idc_or_benign,Breast Histopathology Images (IDC Benchmark / Cruz-Roa et al.),40x,50,50,3,test,6db266c071f88c0e91f83d960d62620f
histo_00875,histopathology/images/histo_00875.png,1,invasive_ductal_carcinoma,Breast Histopathology Images (IDC Benchmark / Cruz-Roa et al.),40x,50,50,3,train,d274606abf68e47acf61985b6a9402b7
histo_00876,histopathology/images/histo_00876.png,0,non_idc_or_benign,Breast Histopathology Images (IDC Benchmark / Cruz-Roa et al.),40x,50,50,3,val,12411d5ce915ce58b9298c5f55aa631e
histo_00877,histopathology/images/histo_00877.png,0,non_idc_or_benign,Breast Histopathology Images (IDC Benchmark / Cruz-Roa et al.),40x,50,50,3,train,36a0e9fa4d8543b8ec3bd9939b5cea39
histo_00878,histopathology/images/histo_00878.png,0,non_idc_or_benign,Breast Histopathology Images (IDC Benchmark / Cruz-Roa et al.),40x,50,50,3,train,fb29020ac422e6c7125d9a20b95c48c8
histo_00879,histopathology/images/histo_00879.png,0,non_idc_or_benign,Breast Histopathology Images (IDC Benchmark / Cruz-Roa et al.),40x,50,50,3,val,0c6cec19907dbceea30af78c4665520a
histo_00880,histopathology/images/histo_00880.png,0,non_idc_or_benign,Breast Histopathology Images (IDC Benchmark / Cruz-Roa et al.),40x,50,50,3,test,ee8fcf1c9cfa5f90a140ecb550f535b2
histo_00881,histopathology/images/histo_00881.png,0,non_idc_or_benign,Breast Histopathology Images (IDC Benchmark / Cruz-Roa et al.),40x,50,50,3,test,f0726945c1129b8cc3e530abd92a792d
histo_00882,histopathology/images/histo_00882.png,0,non_idc_or_benign,Breast Histopathology Images (IDC Benchmark / Cruz-Roa et al.),40x,50,50,3,train,62f8f143f7233dacbe4475b237c173de
histo_00883,histopathology/images/histo_00883.png,0,non_idc_or_benign,Breast Histopathology Images (IDC Benchmark / Cruz-Roa et al.),40x,50,50,3,train,5c68139011f96615a74e5e244a415273
histo_00884,histopathology/images/histo_00884.png,1,invasive_ductal_carcinoma,Breast Histopathology Images (IDC Benchmark / Cruz-Roa et al.),40x,50,50,3,test,eb6934724a1192b710d52ad255f8204a
histo_00885,histopathology/images/histo_00885.png,0,non_idc_or_benign,Breast Histopathology Images (IDC Benchmark / Cruz-Roa et al.),40x,50,50,3,test,39c2e969ba6c4d2fdaa0f6b7fd9b399e
histo_00886,histopathology/images/histo_00886.png,0,non_idc_or_benign,Breast Histopathology Images (IDC Benchmark / Cruz-Roa et al.),40x,50,50,3,train,920b5e807167f21239e833348cb4fd4d
histo_00887,histopathology/images/histo_00887.png,1,invasive_ductal_carcinoma,Breast Histopathology Images (IDC Benchmark / Cruz-Roa et al.),40x,50,50,3,val,14e76f7f015751cd725351a271ad16ef
histo_00888,histopathology/images/histo_00888.png,1,invasive_ductal_carcinoma,Breast Histopathology Images (IDC Benchmark / Cruz-Roa et al.),40x,50,50,3,train,064424784a99e37a257159cc5c6d5868
histo_00889,histopathology/images/histo_00889.png,0,non_idc_or_benign,Breast Histopathology Images (IDC Benchmark / Cruz-Roa et al.),40x,50,50,3,test,3dd8c7da3c6e228d6e1e12abbc0a1df8
histo_00890,histopathology/images/histo_00890.png,0,non_idc_or_benign,Breast Histopathology Images (IDC Benchmark / Cruz-Roa et al.),40x,50,50,3,train,b7586e5433888cbc1cbd5fd14ad59392
histo_00891,histopathology/images/histo_00891.png,0,non_idc_or_benign,Breast Histopathology Images (IDC Benchmark / Cruz-Roa et al.),40x,50,50,3,train,c8ee6e09df12df23392ab94bacad0712
histo_00892,histopathology/images/histo_00892.png,0,non_idc_or_benign,Breast Histopathology Images (IDC Benchmark / Cruz-Roa et al.),40x,50,50,3,val,c5410ce0d9160651400049a87f7082e7
histo_00893,histopathology/images/histo_00893.png,0,non_idc_or_benign,Breast Histopathology Images (IDC Benchmark / Cruz-Roa et al.),40x,50,50,3,train,ca0591132ab6162459865cdadb9883f2
histo_00894,histopathology/images/histo_00894.png,0,non_idc_or_benign,Breast Histopathology Images (IDC Benchmark / Cruz-Roa et al.),40x,50,50,3,train,bd22b22703c33eeda3c29dca8f7c159c
histo_00895,histopathology/images/histo_00895.png,0,non_idc_or_benign,Breast Histopathology Images (IDC Benchmark / Cruz-Roa et al.),40x,50,50,3,val,561f1511c35126dcb01422eebd4e23bc
histo_00896,histopathology/images/histo_00896.png,0,non_idc_or_benign,Breast Histopathology Images (IDC Benchmark / Cruz-Roa et al.),40x,50,50,3,train,24b96284b02aab4e5becde847c1a7e82
histo_00897,histopathology/images/histo_00897.png,0,non_idc_or_benign,Breast Histopathology Images (IDC Benchmark / Cruz-Roa et al.),40x,50,50,3,test,5e0c8138c4d601b12a080ff17b4333a0
histo_00898,histopathology/images/histo_00898.png,1,invasive_ductal_carcinoma,Breast Histopathology Images (IDC Benchmark / Cruz-Roa et al.),40x,50,50,3,test,ce9d9dc0c366babba97b8941bbeb6f0d
histo_00899,histopathology/images/histo_00899.png,0,non_idc_or_benign,Breast Histopathology Images (IDC Benchmark / Cruz-Roa et al.),40x,50,50,3,train,14eb7a2c37781c9ccdf2349c42f1f6ad
histo_00900,histopathology/images/histo_00900.png,0,non_idc_or_benign,Breast Histopathology Images (IDC Benchmark / Cruz-Roa et al.),40x,50,50,3,train,11a62fd674c47c27bbbb39383214de51
histo_00901,histopathology/images/histo_00901.png,0,non_idc_or_benign,Breast Histopathology Images (IDC Benchmark / Cruz-Roa et al.),40x,50,50,3,test,d39ade39de8c2255fcb663495531a821
histo_00902,histopathology/images/histo_00902.png,1,invasive_ductal_carcinoma,Breast Histopathology Images (IDC Benchmark / Cruz-Roa et al.),40x,50,50,3,train,0e69fb07af661323607129e5dd0b025f
histo_00903,histopathology/images/histo_00903.png,1,invasive_ductal_carcinoma,Breast Histopathology Images (IDC Benchmark / Cruz-Roa et al.),40x,50,50,3,test,bfb0fdd5809bf673f1e228fee6f8b4c4
histo_00904,histopathology/images/histo_00904.png,0,non_idc_or_benign,Breast Histopathology Images (IDC Benchmark / Cruz-Roa et al.),40x,50,50,3,train,8d46d62f92fa60bd775571ffbd79df29
histo_00905,histopathology/images/histo_00905.png,0,non_idc_or_benign,Breast Histopathology Images (IDC Benchmark / Cruz-Roa et al.),40x,50,50,3,val,28fb63ce93e9b28977643a977cbbf905
histo_00906,histopathology/images/histo_00906.png,0,non_idc_or_benign,Breast Histopathology Images (IDC Benchmark / Cruz-Roa et al.),40x,50,50,3,train,3d9436596598cdb293823c7ac2ea44c6
histo_00907,histopathology/images/histo_00907.png,0,non_idc_or_benign,Breast Histopathology Images (IDC Benchmark / Cruz-Roa et al.),40x,50,50,3,val,1539a449d92d6df234a18176e7a3ade2
histo_00908,histopathology/images/histo_00908.png,0,non_idc_or_benign,Breast Histopathology Images (IDC Benchmark / Cruz-Roa et al.),40x,50,50,3,train,b28572e2bc4808e9ed3670ff09927061
histo_00909,histopathology/images/histo_00909.png,0,non_idc_or_benign,Breast Histopathology Images (IDC Benchmark / Cruz-Roa et al.),40x,50,50,3,train,9f36e833b0e5aba59187ed53145c3f75
histo_00910,histopathology/images/histo_00910.png,0,non_idc_or_benign,Breast Histopathology Images (IDC Benchmark / Cruz-Roa et al.),40x,50,50,3,train,ecef49b93f735bd522d91f65130fde73
histo_00911,histopathology/images/histo_00911.png,0,non_idc_or_benign,Breast Histopathology Images (IDC Benchmark / Cruz-Roa et al.),40x,50,50,3,train,df0a357abffb32799c6555f358508490
histo_00912,histopathology/images/histo_00912.png,1,invasive_ductal_carcinoma,Breast Histopathology Images (IDC Benchmark / Cruz-Roa et al.),40x,50,50,3,test,28723893344fad620b2436ee5d2a6542
histo_00913,histopathology/images/histo_00913.png,0,non_idc_or_benign,Breast Histopathology Images (IDC Benchmark / Cruz-Roa et al.),40x,50,50,3,train,71d80c27793a827b0c18819ba15f8112
histo_00914,histopathology/images/histo_00914.png,0,non_idc_or_benign,Breast Histopathology Images (IDC Benchmark / Cruz-Roa et al.),40x,50,50,3,test,f0ac7ae60dbdf57a51e3dc9741ea9fbb
histo_00915,histopathology/images/histo_00915.png,1,invasive_ductal_carcinoma,Breast Histopathology Images (IDC Benchmark / Cruz-Roa et al.),40x,50,50,3,train,636d2f6578287ee2f4da061f38ed406d
histo_00916,histopathology/images/histo_00916.png,0,non_idc_or_benign,Breast Histopathology Images (IDC Benchmark / Cruz-Roa et al.),40x,50,50,3,train,ddb367bfecb13e3cefc41079bfaae3c3
histo_00917,histopathology/images/histo_00917.png,1,invasive_ductal_carcinoma,Breast Histopathology Images (IDC Benchmark / Cruz-Roa et al.),40x,50,50,3,train,64e33d3aaaadb054a87ff7307adffb44
histo_00918,histopathology/images/histo_00918.png,0,non_idc_or_benign,Breast Histopathology Images (IDC Benchmark / Cruz-Roa et al.),40x,50,50,3,train,38293f91427d9ad66853d7d4682eb42c
histo_00919,histopathology/images/histo_00919.png,1,invasive_ductal_carcinoma,Breast Histopathology Images (IDC Benchmark / Cruz-Roa et al.),40x,50,50,3,train,aaa8a43bd000fc8c3f47d984af4fc6f5
histo_00920,histopathology/images/histo_00920.png,0,non_idc_or_benign,Breast Histopathology Images (IDC Benchmark / Cruz-Roa et al.),40x,50,50,3,train,6ed23ec4efb1534de2f16541d91b48b1
histo_00921,histopathology/images/histo_00921.png,0,non_idc_or_benign,Breast Histopathology Images (IDC Benchmark / Cruz-Roa et al.),40x,50,50,3,train,c2127e1a2f1ae090360fed8d66c86abb
histo_00922,histopathology/images/histo_00922.png,1,invasive_ductal_carcinoma,Breast Histopathology Images (IDC Benchmark / Cruz-Roa et al.),40x,50,50,3,train,bae26bb0e61e701ae28bf09eadada44a
histo_00923,histopathology/images/histo_00923.png,1,invasive_ductal_carcinoma,Breast Histopathology Images (IDC Benchmark / Cruz-Roa et al.),40x,50,50,3,train,e9d92a0ee6ab30c16dee7462a208f25c
histo_00924,histopathology/images/histo_00924.png,0,non_idc_or_benign,Breast Histopathology Images (IDC Benchmark / Cruz-Roa et al.),40x,50,50,3,test,fed89bc6a7aa0bdb612c7cf724a04f88
histo_00925,histopathology/images/histo_00925.png,0,non_idc_or_benign,Breast Histopathology Images (IDC Benchmark / Cruz-Roa et al.),40x,50,50,3,train,e3a648ac54e8c282f3b83cb010093b61
histo_00926,histopathology/images/histo_00926.png,1,invasive_ductal_carcinoma,Breast Histopathology Images (IDC Benchmark / Cruz-Roa et al.),40x,50,50,3,train,a6c9018e3bf085075eb96a726d72c8f7
histo_00927,histopathology/images/histo_00927.png,1,invasive_ductal_carcinoma,Breast Histopathology Images (IDC Benchmark / Cruz-Roa et al.),40x,50,50,3,val,f815d2db17d2c7905485f82c26cbc621
histo_00928,histopathology/images/histo_00928.png,1,invasive_ductal_carcinoma,Breast Histopathology Images (IDC Benchmark / Cruz-Roa et al.),40x,50,50,3,test,a20c2a5f217365d7aec561d484bf712c
histo_00929,histopathology/images/histo_00929.png,1,invasive_ductal_carcinoma,Breast Histopathology Images (IDC Benchmark / Cruz-Roa et al.),40x,50,50,3,train,cfb72110a2e6b4ef83b2e472ee15c7ed
histo_00930,histopathology/images/histo_00930.png,0,non_idc_or_benign,Breast Histopathology Images (IDC Benchmark / Cruz-Roa et al.),40x,50,50,3,train,21b4083ee4f20ab0695687684fa6a055
histo_00931,histopathology/images/histo_00931.png,0,non_idc_or_benign,Breast Histopathology Images (IDC Benchmark / Cruz-Roa et al.),40x,50,50,3,train,80b3b4ba7c132e28635fefc55870c977
histo_00932,histopathology/images/histo_00932.png,0,non_idc_or_benign,Breast Histopathology Images (IDC Benchmark / Cruz-Roa et al.),40x,50,50,3,train,83fde4cb659f85734a50a745547b9197
histo_00933,histopathology/images/histo_00933.png,0,non_idc_or_benign,Breast Histopathology Images (IDC Benchmark / Cruz-Roa et al.),40x,50,50,3,train,6a9ef2ed7a47bdbae6007019a6184f4d
histo_00934,histopathology/images/histo_00934.png,0,non_idc_or_benign,Breast Histopathology Images (IDC Benchmark / Cruz-Roa et al.),40x,50,50,3,val,48400b2ea6a76f2f4d9b038a03f2d606
histo_00935,histopathology/images/histo_00935.png,1,invasive_ductal_carcinoma,Breast Histopathology Images (IDC Benchmark / Cruz-Roa et al.),40x,50,50,3,train,a83bb55fda3de2375d0eb2ef16fb1940
histo_00936,histopathology/images/histo_00936.png,0,non_idc_or_benign,Breast Histopathology Images (IDC Benchmark / Cruz-Roa et al.),40x,50,50,3,train,7d87d3b7415a1f71c0848aa600ed5897
histo_00937,histopathology/images/histo_00937.png,1,invasive_ductal_carcinoma,Breast Histopathology Images (IDC Benchmark / Cruz-Roa et al.),40x,50,50,3,train,7dca780ca3f02b6b51a555a725b8ddd9
histo_00938,histopathology/images/histo_00938.png,0,non_idc_or_benign,Breast Histopathology Images (IDC Benchmark / Cruz-Roa et al.),40x,50,50,3,test,bba7a57de8f1e052bbd9b0a1afb103c5
histo_00939,histopathology/images/histo_00939.png,1,invasive_ductal_carcinoma,Breast Histopathology Images (IDC Benchmark / Cruz-Roa et al.),40x,50,50,3,train,b8a5e7794039ab4361517ce7cdba1ab9
histo_00940,histopathology/images/histo_00940.png,1,invasive_ductal_carcinoma,Breast Histopathology Images (IDC Benchmark / Cruz-Roa et al.),40x,50,50,3,train,e8ab1a918e8e03c7622c56fa194c2048
histo_00941,histopathology/images/histo_00941.png,0,non_idc_or_benign,Breast Histopathology Images (IDC Benchmark / Cruz-Roa et al.),40x,50,50,3,train,d6e3b31eed9f7aacb1fe5c44643ad6de
histo_00942,histopathology/images/histo_00942.png,0,non_idc_or_benign,Breast Histopathology Images (IDC Benchmark / Cruz-Roa et al.),40x,50,50,3,train,8823169003b4e5b71cbd58589f200730
histo_00943,histopathology/images/histo_00943.png,0,non_idc_or_benign,Breast Histopathology Images (IDC Benchmark / Cruz-Roa et al.),40x,50,50,3,test,e0d61a57ca797b43a141cf056f8acc2c
histo_00944,histopathology/images/histo_00944.png,0,non_idc_or_benign,Breast Histopathology Images (IDC Benchmark / Cruz-Roa et al.),40x,50,50,3,test,ec617a5558ea60c28cf3ba360910efb5
histo_00945,histopathology/images/histo_00945.png,0,non_idc_or_benign,Breast Histopathology Images (IDC Benchmark / Cruz-Roa et al.),40x,50,50,3,train,adaeea44dc602aeb0c97946e3457c5af
histo_00946,histopathology/images/histo_00946.png,0,non_idc_or_benign,Breast Histopathology Images (IDC Benchmark / Cruz-Roa et al.),40x,50,50,3,train,445593c1a3f7bf2cd95e65048ae9578e
histo_00947,histopathology/images/histo_00947.png,0,non_idc_or_benign,Breast Histopathology Images (IDC Benchmark / Cruz-Roa et al.),40x,50,50,3,train,7b1ace14888b3a2b958e073b4fda8589
histo_00948,histopathology/images/histo_00948.png,1,invasive_ductal_carcinoma,Breast Histopathology Images (IDC Benchmark / Cruz-Roa et al.),40x,50,50,3,val,fc99c3436b38fb09f214966b772508d0
histo_00949,histopathology/images/histo_00949.png,0,non_idc_or_benign,Breast Histopathology Images (IDC Benchmark / Cruz-Roa et al.),40x,50,50,3,train,d25fea2f75d5bc0478da0432507936f0
histo_00950,histopathology/images/histo_00950.png,1,invasive_ductal_carcinoma,Breast Histopathology Images (IDC Benchmark / Cruz-Roa et al.),40x,50,50,3,val,5d9e3e4aef97ebc7856132e0d9451c60
histo_00951,histopathology/images/histo_00951.png,1,invasive_ductal_carcinoma,Breast Histopathology Images (IDC Benchmark / Cruz-Roa et al.),40x,50,50,3,test,4ee95faa7834d5d39f46d8f331839d0b
histo_00952,histopathology/images/histo_00952.png,0,non_idc_or_benign,Breast Histopathology Images (IDC Benchmark / Cruz-Roa et al.),40x,50,50,3,train,7af8df0fca72160d1d8a259a822e3e43
histo_00953,histopathology/images/histo_00953.png,1,invasive_ductal_carcinoma,Breast Histopathology Images (IDC Benchmark / Cruz-Roa et al.),40x,50,50,3,val,088014998c3ecbea5d1da9f32f2f49d8
histo_00954,histopathology/images/histo_00954.png,0,non_idc_or_benign,Breast Histopathology Images (IDC Benchmark / Cruz-Roa et al.),40x,50,50,3,test,7ba0e61e0d39ae4bf65a2b6197659fb9
histo_00955,histopathology/images/histo_00955.png,0,non_idc_or_benign,Breast Histopathology Images (IDC Benchmark / Cruz-Roa et al.),40x,50,50,3,train,9607c171f7f49c4a8371905c2bf6865e
histo_00956,histopathology/images/histo_00956.png,0,non_idc_or_benign,Breast Histopathology Images (IDC Benchmark / Cruz-Roa et al.),40x,50,50,3,train,2194dc9873d720ab7926b67195fa5948
histo_00957,histopathology/images/histo_00957.png,1,invasive_ductal_carcinoma,Breast Histopathology Images (IDC Benchmark / Cruz-Roa et al.),40x,50,50,3,val,e4f45e5b39a35e58f29e6f893ac399c3
histo_00958,histopathology/images/histo_00958.png,0,non_idc_or_benign,Breast Histopathology Images (IDC Benchmark / Cruz-Roa et al.),40x,50,50,3,train,61229e425437c876a78ecad6ff1b825c
histo_00959,histopathology/images/histo_00959.png,0,non_idc_or_benign,Breast Histopathology Images (IDC Benchmark / Cruz-Roa et al.),40x,50,50,3,train,b04d7219a94282174d58b610f5f5a4c7
histo_00960,histopathology/images/histo_00960.png,0,non_idc_or_benign,Breast Histopathology Images (IDC Benchmark / Cruz-Roa et al.),40x,50,50,3,train,502d2bbc30acbebfb63dc9c90d2130d5
histo_00961,histopathology/images/histo_00961.png,0,non_idc_or_benign,Breast Histopathology Images (IDC Benchmark / Cruz-Roa et al.),40x,50,50,3,train,54fcc490f40d753e9bfdc8764bb062c3
histo_00962,histopathology/images/histo_00962.png,1,invasive_ductal_carcinoma,Breast Histopathology Images (IDC Benchmark / Cruz-Roa et al.),40x,50,50,3,train,391f0138c614569053bb274646679c49
histo_00963,histopathology/images/histo_00963.png,1,invasive_ductal_carcinoma,Breast Histopathology Images (IDC Benchmark / Cruz-Roa et al.),40x,50,50,3,val,9a6008df3986cc9ad7ce6bbadf223b4a
histo_00964,histopathology/images/histo_00964.png,0,non_idc_or_benign,Breast Histopathology Images (IDC Benchmark / Cruz-Roa et al.),40x,50,50,3,train,23cdee9e7a8242733436be8e10547c67
histo_00965,histopathology/images/histo_00965.png,0,non_idc_or_benign,Breast Histopathology Images (IDC Benchmark / Cruz-Roa et al.),40x,50,50,3,train,d2578867cf6314dc161dd571bb770869
histo_00966,histopathology/images/histo_00966.png,0,non_idc_or_benign,Breast Histopathology Images (IDC Benchmark / Cruz-Roa et al.),40x,50,50,3,val,2bc3c53767ef2eed4f77859e46fb713d
histo_00967,histopathology/images/histo_00967.png,0,non_idc_or_benign,Breast Histopathology Images (IDC Benchmark / Cruz-Roa et al.),40x,50,50,3,val,e304217c077f9076e82766ee339f0a1d
histo_00968,histopathology/images/histo_00968.png,1,invasive_ductal_carcinoma,Breast Histopathology Images (IDC Benchmark / Cruz-Roa et al.),40x,50,50,3,train,d770253668e04573096ef5f621250e0a
histo_00969,histopathology/images/histo_00969.png,0,non_idc_or_benign,Breast Histopathology Images (IDC Benchmark / Cruz-Roa et al.),40x,50,50,3,test,dbb97b1540cd457296aeb7e346c1760e
histo_00970,histopathology/images/histo_00970.png,1,invasive_ductal_carcinoma,Breast Histopathology Images (IDC Benchmark / Cruz-Roa et al.),40x,50,50,3,train,adfbe2c87fca816c77c01ff10de6ad0f
histo_00971,histopathology/images/histo_00971.png,0,non_idc_or_benign,Breast Histopathology Images (IDC Benchmark / Cruz-Roa et al.),40x,50,50,3,test,68c596ff5fbe3009d5bf6488f18f2fa3
histo_00972,histopathology/images/histo_00972.png,1,invasive_ductal_carcinoma,Breast Histopathology Images (IDC Benchmark / Cruz-Roa et al.),40x,50,50,3,train,31230d3c39ee42e9173c28bcbe138d5a
histo_00973,histopathology/images/histo_00973.png,1,invasive_ductal_carcinoma,Breast Histopathology Images (IDC Benchmark / Cruz-Roa et al.),40x,50,50,3,train,f2203dcfa59e1fc68132b9c9c3003e0f
histo_00974,histopathology/images/histo_00974.png,1,invasive_ductal_carcinoma,Breast Histopathology Images (IDC Benchmark / Cruz-Roa et al.),40x,50,50,3,val,da4f173b56d98774f5e9d8cf111d4438
histo_00975,histopathology/images/histo_00975.png,0,non_idc_or_benign,Breast Histopathology Images (IDC Benchmark / Cruz-Roa et al.),40x,50,50,3,train,743c673a7b39e578a68e12250495b84d
histo_00976,histopathology/images/histo_00976.png,0,non_idc_or_benign,Breast Histopathology Images (IDC Benchmark / Cruz-Roa et al.),40x,50,50,3,train,c969bb58bd5fbea8741c167450cc8304
histo_00977,histopathology/images/histo_00977.png,1,invasive_ductal_carcinoma,Breast Histopathology Images (IDC Benchmark / Cruz-Roa et al.),40x,50,50,3,train,c98c653934947356cb93ca10a56837f1
histo_00978,histopathology/images/histo_00978.png,0,non_idc_or_benign,Breast Histopathology Images (IDC Benchmark / Cruz-Roa et al.),40x,50,50,3,train,3f35070d356a23032e094e39c96cb208
histo_00979,histopathology/images/histo_00979.png,0,non_idc_or_benign,Breast Histopathology Images (IDC Benchmark / Cruz-Roa et al.),40x,50,50,3,train,590e2ece46ed17bb5891ca6401ea4c20
histo_00980,histopathology/images/histo_00980.png,0,non_idc_or_benign,Breast Histopathology Images (IDC Benchmark / Cruz-Roa et al.),40x,50,50,3,test,c501f24dbd66135edacb36b0594956e6
histo_00981,histopathology/images/histo_00981.png,0,non_idc_or_benign,Breast Histopathology Images (IDC Benchmark / Cruz-Roa et al.),40x,50,50,3,train,3c2a7c02f33f2342134bebe499fcc8d3
histo_00982,histopathology/images/histo_00982.png,0,non_idc_or_benign,Breast Histopathology Images (IDC Benchmark / Cruz-Roa et al.),40x,50,50,3,train,1fe22203d63237c3a32e78aed75ee645
histo_00983,histopathology/images/histo_00983.png,0,non_idc_or_benign,Breast Histopathology Images (IDC Benchmark / Cruz-Roa et al.),40x,50,50,3,train,dc0ccd4db91dc9a4958019b5fe24cb43
histo_00984,histopathology/images/histo_00984.png,0,non_idc_or_benign,Breast Histopathology Images (IDC Benchmark / Cruz-Roa et al.),40x,50,50,3,train,1f0ce5258244e2bb9032123d301f01b9
histo_00985,histopathology/images/histo_00985.png,0,non_idc_or_benign,Breast Histopathology Images (IDC Benchmark / Cruz-Roa et al.),40x,50,50,3,train,2b73496c1f60d5b2d9f6712fe8d117db
histo_00986,histopathology/images/histo_00986.png,1,invasive_ductal_carcinoma,Breast Histopathology Images (IDC Benchmark / Cruz-Roa et al.),40x,50,50,3,val,84410c1c4b1f339cf6a0866a590ac54e
histo_00987,histopathology/images/histo_00987.png,1,invasive_ductal_carcinoma,Breast Histopathology Images (IDC Benchmark / Cruz-Roa et al.),40x,50,50,3,train,919e1a86383d846d42994d72b075e7bd
histo_00988,histopathology/images/histo_00988.png,0,non_idc_or_benign,Breast Histopathology Images (IDC Benchmark / Cruz-Roa et al.),40x,50,50,3,test,1f33db9ee34a53bafebf5b205d116b7e
histo_00989,histopathology/images/histo_00989.png,0,non_idc_or_benign,Breast Histopathology Images (IDC Benchmark / Cruz-Roa et al.),40x,50,50,3,train,805a6d1bdf4d179369b05da746d54df2
histo_00990,histopathology/images/histo_00990.png,1,invasive_ductal_carcinoma,Breast Histopathology Images (IDC Benchmark / Cruz-Roa et al.),40x,50,50,3,train,9ea2e11029398336c7e6b40c5369cc74
histo_00991,histopathology/images/histo_00991.png,0,non_idc_or_benign,Breast Histopathology Images (IDC Benchmark / Cruz-Roa et al.),40x,50,50,3,train,139e7b71e6342b7e6cac7f86d1d314cd
histo_00992,histopathology/images/histo_00992.png,1,invasive_ductal_carcinoma,Breast Histopathology Images (IDC Benchmark / Cruz-Roa et al.),40x,50,50,3,train,9cf0aabb8185fe171826e54f53925b8d
histo_00993,histopathology/images/histo_00993.png,0,non_idc_or_benign,Breast Histopathology Images (IDC Benchmark / Cruz-Roa et al.),40x,50,50,3,val,d0838fafbee04a4779c8a29d460f3567
histo_00994,histopathology/images/histo_00994.png,1,invasive_ductal_carcinoma,Breast Histopathology Images (IDC Benchmark / Cruz-Roa et al.),40x,50,50,3,test,627a0ae2aec615c7a768846e1f5cd370
histo_00995,histopathology/images/histo_00995.png,1,invasive_ductal_carcinoma,Breast Histopathology Images (IDC Benchmark / Cruz-Roa et al.),40x,50,50,3,train,2675403a48e40f7a230f07cdb8f82a72
histo_00996,histopathology/images/histo_00996.png,0,non_idc_or_benign,Breast Histopathology Images (IDC Benchmark / Cruz-Roa et al.),40x,50,50,3,train,e75ccd7f2aa5899872294818b51a060d
histo_00997,histopathology/images/histo_00997.png,0,non_idc_or_benign,Breast Histopathology Images (IDC Benchmark / Cruz-Roa et al.),40x,50,50,3,train,2d1e2280d4ba85ace8abd1af48f08d8b
histo_00998,histopathology/images/histo_00998.png,0,non_idc_or_benign,Breast Histopathology Images (IDC Benchmark / Cruz-Roa et al.),40x,50,50,3,train,b737ce046ac76b11a28a9e031a74e058
histo_00999,histopathology/images/histo_00999.png,0,non_idc_or_benign,Breast Histopathology Images (IDC Benchmark / Cruz-Roa et al.),40x,50,50,3,val,9a93023c1637d10eb4d43404ee1f9aa3
histo_01000,histopathology/images/histo_01000.png,1,invasive_ductal_carcinoma,Breast Histopathology Images (IDC Benchmark / Cruz-Roa et al.),40x,50,50,3,val,f1225b63a5013c014197facffa39b1a2
histo_01001,histopathology/images/histo_01001.png,0,non_idc_or_benign,Breast Histopathology Images (IDC Benchmark / Cruz-Roa et al.),40x,50,50,3,train,21884ac72418d19b5aa4de2638207bfa
histo_01002,histopathology/images/histo_01002.png,0,non_idc_or_benign,Breast Histopathology Images (IDC Benchmark / Cruz-Roa et al.),40x,50,50,3,train,5ca54af96100111c38670c643b20e25f
histo_01003,histopathology/images/histo_01003.png,0,non_idc_or_benign,Breast Histopathology Images (IDC Benchmark / Cruz-Roa et al.),40x,50,50,3,val,6a7098ac39a743a31b9a3cf378e36d92
histo_01004,histopathology/images/histo_01004.png,0,non_idc_or_benign,Breast Histopathology Images (IDC Benchmark / Cruz-Roa et al.),40x,50,50,3,train,1d1002d23d54fb1bf81026f5342f6a53
histo_01005,histopathology/images/histo_01005.png,1,invasive_ductal_carcinoma,Breast Histopathology Images (IDC Benchmark / Cruz-Roa et al.),40x,50,50,3,train,8aef0daab231ef5ce9b915c527aeebda
histo_01006,histopathology/images/histo_01006.png,1,invasive_ductal_carcinoma,Breast Histopathology Images (IDC Benchmark / Cruz-Roa et al.),40x,50,50,3,train,8ff50eb90a1cb0857dde492e5fc54f96
histo_01007,histopathology/images/histo_01007.png,1,invasive_ductal_carcinoma,Breast Histopathology Images (IDC Benchmark / Cruz-Roa et al.),40x,50,50,3,val,79e114d92ea390c0a46675072770b0d2
histo_01008,histopathology/images/histo_01008.png,0,non_idc_or_benign,Breast Histopathology Images (IDC Benchmark / Cruz-Roa et al.),40x,50,50,3,train,c94ddc2f3b48a757d31d0e1048d3547c
histo_01009,histopathology/images/histo_01009.png,0,non_idc_or_benign,Breast Histopathology Images (IDC Benchmark / Cruz-Roa et al.),40x,50,50,3,train,35bff9f8f30c4f79f4381bf271ec8bbc
histo_01010,histopathology/images/histo_01010.png,0,non_idc_or_benign,Breast Histopathology Images (IDC Benchmark / Cruz-Roa et al.),40x,50,50,3,test,a03954670e1dd80fc93dc51d4b445b21
histo_01011,histopathology/images/histo_01011.png,0,non_idc_or_benign,Breast Histopathology Images (IDC Benchmark / Cruz-Roa et al.),40x,50,50,3,test,628fb13c7447f6a35e80878a6c9fa344
histo_01012,histopathology/images/histo_01012.png,0,non_idc_or_benign,Breast Histopathology Images (IDC Benchmark / Cruz-Roa et al.),40x,50,50,3,train,97ec844ad45426c155b60dde8525c62d
histo_01013,histopathology/images/histo_01013.png,0,non_idc_or_benign,Breast Histopathology Images (IDC Benchmark / Cruz-Roa et al.),40x,50,50,3,train,3cae3e9e78992a6ceda91a6c2184dc17
histo_01014,histopathology/images/histo_01014.png,1,invasive_ductal_carcinoma,Breast Histopathology Images (IDC Benchmark / Cruz-Roa et al.),40x,50,50,3,val,5ec3141bab0f12978aae836861720df3
histo_01015,histopathology/images/histo_01015.png,0,non_idc_or_benign,Breast Histopathology Images (IDC Benchmark / Cruz-Roa et al.),40x,50,50,3,train,2c510bdc796dc90e3dfe9b7eafee55bb
histo_01016,histopathology/images/histo_01016.png,0,non_idc_or_benign,Breast Histopathology Images (IDC Benchmark / Cruz-Roa et al.),40x,50,50,3,train,36ca7dd729c0faff81d4260ff04f833d
histo_01017,histopathology/images/histo_01017.png,0,non_idc_or_benign,Breast Histopathology Images (IDC Benchmark / Cruz-Roa et al.),40x,50,50,3,train,e29236341d9ea296fad7155ea4719407
histo_01018,histopathology/images/histo_01018.png,0,non_idc_or_benign,Breast Histopathology Images (IDC Benchmark / Cruz-Roa et al.),40x,50,50,3,train,e9abd8eae65b7e702a6eb5cd5d5e7390
histo_01019,histopathology/images/histo_01019.png,0,non_idc_or_benign,Breast Histopathology Images (IDC Benchmark / Cruz-Roa et al.),40x,50,50,3,train,95f9f948eefd903d75cee4200f0e0d5f
histo_01020,histopathology/images/histo_01020.png,0,non_idc_or_benign,Breast Histopathology Images (IDC Benchmark / Cruz-Roa et al.),40x,50,50,3,test,33ce6acd99f1d69550e3fb97fa08fa4c
histo_01021,histopathology/images/histo_01021.png,1,invasive_ductal_carcinoma,Breast Histopathology Images (IDC Benchmark / Cruz-Roa et al.),40x,50,50,3,train,dbd9fd16c457a00a08eafba71ed4a9ca
histo_01022,histopathology/images/histo_01022.png,0,non_idc_or_benign,Breast Histopathology Images (IDC Benchmark / Cruz-Roa et al.),40x,50,50,3,train,4461163a384c2a5054adaae4372c7a1c
histo_01023,histopathology/images/histo_01023.png,0,non_idc_or_benign,Breast Histopathology Images (IDC Benchmark / Cruz-Roa et al.),40x,50,50,3,train,ad1271b8f1e075d35a7ffaa91f2a33e2
histo_01024,histopathology/images/histo_01024.png,0,non_idc_or_benign,Breast Histopathology Images (IDC Benchmark / Cruz-Roa et al.),40x,50,50,3,train,ca0fd42b9cf7d3a8454686f4f89e84ba
histo_01025,histopathology/images/histo_01025.png,1,invasive_ductal_carcinoma,Breast Histopathology Images (IDC Benchmark / Cruz-Roa et al.),40x,50,50,3,train,48bca7c321dea20308c547a1736fb6c0
histo_01026,histopathology/images/histo_01026.png,1,invasive_ductal_carcinoma,Breast Histopathology Images (IDC Benchmark / Cruz-Roa et al.),40x,50,50,3,test,1055583eb47fc2e0cacfccf11490d62e
histo_01027,histopathology/images/histo_01027.png,0,non_idc_or_benign,Breast Histopathology Images (IDC Benchmark / Cruz-Roa et al.),40x,50,50,3,train,77d232638692f52d31e6242f3b53d708
histo_01028,histopathology/images/histo_01028.png,1,invasive_ductal_carcinoma,Breast Histopathology Images (IDC Benchmark / Cruz-Roa et al.),40x,50,50,3,test,05b0cd1c960ec07e6e5d3b5578da1d00
histo_01029,histopathology/images/histo_01029.png,0,non_idc_or_benign,Breast Histopathology Images (IDC Benchmark / Cruz-Roa et al.),40x,50,50,3,val,fcf76799890fcb9e2abcfb1ace757bd9
histo_01030,histopathology/images/histo_01030.png,0,non_idc_or_benign,Breast Histopathology Images (IDC Benchmark / Cruz-Roa et al.),40x,50,50,3,val,7bb605ab5c97a96c709183c2266a4427
histo_01031,histopathology/images/histo_01031.png,0,non_idc_or_benign,Breast Histopathology Images (IDC Benchmark / Cruz-Roa et al.),40x,50,50,3,val,fdfba93e00541bbf5db774ebc59e6843
histo_01032,histopathology/images/histo_01032.png,1,invasive_ductal_carcinoma,Breast Histopathology Images (IDC Benchmark / Cruz-Roa et al.),40x,50,50,3,train,f33b6ee1a6b35bbde68115a4e35f2ff3
histo_01033,histopathology/images/histo_01033.png,0,non_idc_or_benign,Breast Histopathology Images (IDC Benchmark / Cruz-Roa et al.),40x,50,50,3,train,17f380c53d9f498c891f6a272da8dda3
histo_01034,histopathology/images/histo_01034.png,0,non_idc_or_benign,Breast Histopathology Images (IDC Benchmark / Cruz-Roa et al.),40x,50,50,3,val,e7bb37799b3bdfe6ab20e17debccf6f9
histo_01035,histopathology/images/histo_01035.png,0,non_idc_or_benign,Breast Histopathology Images (IDC Benchmark / Cruz-Roa et al.),40x,50,50,3,train,789aacfcd1a1f2efa30b3261e78751ec
histo_01036,histopathology/images/histo_01036.png,1,invasive_ductal_carcinoma,Breast Histopathology Images (IDC Benchmark / Cruz-Roa et al.),40x,50,50,3,train,6303fcc4fd30603688ce9e1dc4a46c5a
histo_01037,histopathology/images/histo_01037.png,0,non_idc_or_benign,Breast Histopathology Images (IDC Benchmark / Cruz-Roa et al.),40x,50,50,3,train,a7f4086710780808daa66c1c9044d69a
histo_01038,histopathology/images/histo_01038.png,0,non_idc_or_benign,Breast Histopathology Images (IDC Benchmark / Cruz-Roa et al.),40x,50,50,3,train,26f1adf1def4f31635f5502dff0fd5da
histo_01039,histopathology/images/histo_01039.png,0,non_idc_or_benign,Breast Histopathology Images (IDC Benchmark / Cruz-Roa et al.),40x,50,50,3,train,4359f27a3c381985c19a26303290300e
histo_01040,histopathology/images/histo_01040.png,1,invasive_ductal_carcinoma,Breast Histopathology Images (IDC Benchmark / Cruz-Roa et al.),40x,50,50,3,train,5964257cf3a044d3d6678aba1fafd989
histo_01041,histopathology/images/histo_01041.png,0,non_idc_or_benign,Breast Histopathology Images (IDC Benchmark / Cruz-Roa et al.),40x,50,50,3,train,63b350507d6faeb6efb7057e85c1ba28
histo_01042,histopathology/images/histo_01042.png,0,non_idc_or_benign,Breast Histopathology Images (IDC Benchmark / Cruz-Roa et al.),40x,50,50,3,train,fcbad15624ba061a9d8f27e7b1c5de79
histo_01043,histopathology/images/histo_01043.png,0,non_idc_or_benign,Breast Histopathology Images (IDC Benchmark / Cruz-Roa et al.),40x,50,50,3,train,c60c4ba730de846924c51b6cb7b68c62
histo_01044,histopathology/images/histo_01044.png,1,invasive_ductal_carcinoma,Breast Histopathology Images (IDC Benchmark / Cruz-Roa et al.),40x,50,50,3,train,69abadd34145aef17f89b087d1eb483d
histo_01045,histopathology/images/histo_01045.png,1,invasive_ductal_carcinoma,Breast Histopathology Images (IDC Benchmark / Cruz-Roa et al.),40x,50,50,3,test,52ab2796ad1abe77cb5315a3ed6cf4de
histo_01046,histopathology/images/histo_01046.png,0,non_idc_or_benign,Breast Histopathology Images (IDC Benchmark / Cruz-Roa et al.),40x,50,50,3,train,331f96c40b048db94e5ab93ccbaaf229
histo_01047,histopathology/images/histo_01047.png,0,non_idc_or_benign,Breast Histopathology Images (IDC Benchmark / Cruz-Roa et al.),40x,50,50,3,test,f6d02e6653d8198559f7522dc63900f9
histo_01048,histopathology/images/histo_01048.png,0,non_idc_or_benign,Breast Histopathology Images (IDC Benchmark / Cruz-Roa et al.),40x,50,50,3,test,ea4da4f3cb32a001b59b93ec57872179
histo_01049,histopathology/images/histo_01049.png,0,non_idc_or_benign,Breast Histopathology Images (IDC Benchmark / Cruz-Roa et al.),40x,50,50,3,train,f5bf1a4042950d74a87dadbc88f6b390
histo_01050,histopathology/images/histo_01050.png,1,invasive_ductal_carcinoma,Breast Histopathology Images (IDC Benchmark / Cruz-Roa et al.),40x,50,50,3,train,3f6efea2aaf1f645deff3451498f8fd4
histo_01051,histopathology/images/histo_01051.png,0,non_idc_or_benign,Breast Histopathology Images (IDC Benchmark / Cruz-Roa et al.),40x,50,50,3,train,0bf0693644f72727da4826c6bbb087f1
histo_01052,histopathology/images/histo_01052.png,0,non_idc_or_benign,Breast Histopathology Images (IDC Benchmark / Cruz-Roa et al.),40x,50,50,3,train,e5ef8b7401ae1a9fc0b6d10e3e9cf463
histo_01053,histopathology/images/histo_01053.png,1,invasive_ductal_carcinoma,Breast Histopathology Images (IDC Benchmark / Cruz-Roa et al.),40x,50,50,3,train,7911eb354df58fba1b0fb80a6cbe080a
histo_01054,histopathology/images/histo_01054.png,1,invasive_ductal_carcinoma,Breast Histopathology Images (IDC Benchmark / Cruz-Roa et al.),40x,50,50,3,train,d20274b88ab86012c04bf2858d602f93
histo_01055,histopathology/images/histo_01055.png,1,invasive_ductal_carcinoma,Breast Histopathology Images (IDC Benchmark / Cruz-Roa et al.),40x,50,50,3,train,320c3763c92f8ab6aaa7db3d06b0c64c
histo_01056,histopathology/images/histo_01056.png,0,non_idc_or_benign,Breast Histopathology Images (IDC Benchmark / Cruz-Roa et al.),40x,50,50,3,test,e5c79ed087f091bd5325d1595431218b
histo_01057,histopathology/images/histo_01057.png,0,non_idc_or_benign,Breast Histopathology Images (IDC Benchmark / Cruz-Roa et al.),40x,50,50,3,test,c556049eef97b86a2a41b7b03f7de0f1
histo_01058,histopathology/images/histo_01058.png,0,non_idc_or_benign,Breast Histopathology Images (IDC Benchmark / Cruz-Roa et al.),40x,50,50,3,train,2e5c90e02f9e633429f22542686e260d
histo_01059,histopathology/images/histo_01059.png,0,non_idc_or_benign,Breast Histopathology Images (IDC Benchmark / Cruz-Roa et al.),40x,50,50,3,test,4c17575b8bcb911e0240c6904dda6dc1
histo_01060,histopathology/images/histo_01060.png,0,non_idc_or_benign,Breast Histopathology Images (IDC Benchmark / Cruz-Roa et al.),40x,50,50,3,test,3d2739cceb038343c62aea391fd281eb
histo_01061,histopathology/images/histo_01061.png,0,non_idc_or_benign,Breast Histopathology Images (IDC Benchmark / Cruz-Roa et al.),40x,50,50,3,train,e906dcd93eae12caa4dc5396600960a1
histo_01062,histopathology/images/histo_01062.png,0,non_idc_or_benign,Breast Histopathology Images (IDC Benchmark / Cruz-Roa et al.),40x,50,50,3,train,cd9aa4441d44f1f39893dd2d6212ef57
histo_01063,histopathology/images/histo_01063.png,0,non_idc_or_benign,Breast Histopathology Images (IDC Benchmark / Cruz-Roa et al.),40x,50,50,3,val,79642acfe75466aa5632be201c7449ad
histo_01064,histopathology/images/histo_01064.png,0,non_idc_or_benign,Breast Histopathology Images (IDC Benchmark / Cruz-Roa et al.),40x,50,50,3,val,dd24620eee1446e36bdca69d64022377
histo_01065,histopathology/images/histo_01065.png,0,non_idc_or_benign,Breast Histopathology Images (IDC Benchmark / Cruz-Roa et al.),40x,50,50,3,val,9026c05d785f6dce5557adec737ac473
histo_01066,histopathology/images/histo_01066.png,0,non_idc_or_benign,Breast Histopathology Images (IDC Benchmark / Cruz-Roa et al.),40x,50,50,3,train,d79643ea88b70308f394053322b42f2c
histo_01067,histopathology/images/histo_01067.png,0,non_idc_or_benign,Breast Histopathology Images (IDC Benchmark / Cruz-Roa et al.),40x,50,50,3,train,0416bdd358e187dc5ec174057986bc3d
histo_01068,histopathology/images/histo_01068.png,1,invasive_ductal_carcinoma,Breast Histopathology Images (IDC Benchmark / Cruz-Roa et al.),40x,50,50,3,train,67d3e710ae7408c756d4c04e794b0b90
histo_01069,histopathology/images/histo_01069.png,0,non_idc_or_benign,Breast Histopathology Images (IDC Benchmark / Cruz-Roa et al.),40x,50,50,3,train,ebb3836fa88cbd4f065fb7013159864c
histo_01070,histopathology/images/histo_01070.png,0,non_idc_or_benign,Breast Histopathology Images (IDC Benchmark / Cruz-Roa et al.),40x,50,50,3,train,2766c0acffa220a664cb2a02b4872898
histo_01071,histopathology/images/histo_01071.png,0,non_idc_or_benign,Breast Histopathology Images (IDC Benchmark / Cruz-Roa et al.),40x,50,50,3,train,a26b100198e68a0f6aaaf8a01c076fe3
histo_01072,histopathology/images/histo_01072.png,0,non_idc_or_benign,Breast Histopathology Images (IDC Benchmark / Cruz-Roa et al.),40x,50,50,3,train,67fad4d4319293ac9197cd13a840cdd8
histo_01073,histopathology/images/histo_01073.png,0,non_idc_or_benign,Breast Histopathology Images (IDC Benchmark / Cruz-Roa et al.),40x,50,50,3,train,aba8e4c39cb45dde53df0e197969588a
histo_01074,histopathology/images/histo_01074.png,0,non_idc_or_benign,Breast Histopathology Images (IDC Benchmark / Cruz-Roa et al.),40x,50,50,3,train,1685fa807770868f65c0ac8ce6bba7f0
histo_01075,histopathology/images/histo_01075.png,0,non_idc_or_benign,Breast Histopathology Images (IDC Benchmark / Cruz-Roa et al.),40x,50,50,3,val,172576564198c293ad8efc830f3eea67
histo_01076,histopathology/images/histo_01076.png,1,invasive_ductal_carcinoma,Breast Histopathology Images (IDC Benchmark / Cruz-Roa et al.),40x,50,50,3,train,2bf35eb5615b9e63c994a9a3d48e386b
histo_01077,histopathology/images/histo_01077.png,1,invasive_ductal_carcinoma,Breast Histopathology Images (IDC Benchmark / Cruz-Roa et al.),40x,50,50,3,train,bae4bc0b2cccb966bd4160547a998787
histo_01078,histopathology/images/histo_01078.png,0,non_idc_or_benign,Breast Histopathology Images (IDC Benchmark / Cruz-Roa et al.),40x,50,50,3,train,decb2f7905f774820fce44834a342dc0
histo_01079,histopathology/images/histo_01079.png,0,non_idc_or_benign,Breast Histopathology Images (IDC Benchmark / Cruz-Roa et al.),40x,50,50,3,train,a27351572e8786f9f22a07d0b064a619
histo_01080,histopathology/images/histo_01080.png,0,non_idc_or_benign,Breast Histopathology Images (IDC Benchmark / Cruz-Roa et al.),40x,50,50,3,val,40a71a4799250debe80a3f612c9db029
histo_01081,histopathology/images/histo_01081.png,0,non_idc_or_benign,Breast Histopathology Images (IDC Benchmark / Cruz-Roa et al.),40x,50,50,3,train,37e6f0cbf3cbb39db5b447e5cf9b2561
histo_01082,histopathology/images/histo_01082.png,0,non_idc_or_benign,Breast Histopathology Images (IDC Benchmark / Cruz-Roa et al.),40x,50,50,3,train,894d2a2496bdab85abd755ab82056c8a
histo_01083,histopathology/images/histo_01083.png,0,non_idc_or_benign,Breast Histopathology Images (IDC Benchmark / Cruz-Roa et al.),40x,50,50,3,train,8659f1c11ea4bae0109fcf82d46db0b5
histo_01084,histopathology/images/histo_01084.png,0,non_idc_or_benign,Breast Histopathology Images (IDC Benchmark / Cruz-Roa et al.),40x,50,50,3,train,f4ca97c8c4a4b0a846b94bcce7dcbb78
histo_01085,histopathology/images/histo_01085.png,0,non_idc_or_benign,Breast Histopathology Images (IDC Benchmark / Cruz-Roa et al.),40x,50,50,3,train,459329f2acc6c180bfa0a5dfcdcc0bc7
histo_01086,histopathology/images/histo_01086.png,0,non_idc_or_benign,Breast Histopathology Images (IDC Benchmark / Cruz-Roa et al.),40x,50,50,3,train,78ffeea89950c9d6c71a7d8fe34e2d27
histo_01087,histopathology/images/histo_01087.png,0,non_idc_or_benign,Breast Histopathology Images (IDC Benchmark / Cruz-Roa et al.),40x,50,50,3,train,dbc1b1f7ad011883946fd3dcedfee2aa
histo_01088,histopathology/images/histo_01088.png,1,invasive_ductal_carcinoma,Breast Histopathology Images (IDC Benchmark / Cruz-Roa et al.),40x,50,50,3,train,f3de08acd4ddd23d48a216969ddd979c
histo_01089,histopathology/images/histo_01089.png,0,non_idc_or_benign,Breast Histopathology Images (IDC Benchmark / Cruz-Roa et al.),40x,50,50,3,train,c82860f299cd2b30f9168872d42b447a
histo_01090,histopathology/images/histo_01090.png,1,invasive_ductal_carcinoma,Breast Histopathology Images (IDC Benchmark / Cruz-Roa et al.),40x,50,50,3,train,1a1e38ffedc753531f2a63f88be88111
histo_01091,histopathology/images/histo_01091.png,0,non_idc_or_benign,Breast Histopathology Images (IDC Benchmark / Cruz-Roa et al.),40x,50,50,3,train,3c25b7a7709a21ea3c9efe761ee60225
histo_01092,histopathology/images/histo_01092.png,0,non_idc_or_benign,Breast Histopathology Images (IDC Benchmark / Cruz-Roa et al.),40x,50,50,3,train,f1e9eabda4ff03149fa3704c9adba53c
histo_01093,histopathology/images/histo_01093.png,0,non_idc_or_benign,Breast Histopathology Images (IDC Benchmark / Cruz-Roa et al.),40x,50,50,3,train,e2f75affa8eb9d522dc0ae2ab36a818f
histo_01094,histopathology/images/histo_01094.png,1,invasive_ductal_carcinoma,Breast Histopathology Images (IDC Benchmark / Cruz-Roa et al.),40x,50,50,3,train,e87fe8aa6d24caa3a30337bb23c9f4db
histo_01095,histopathology/images/histo_01095.png,0,non_idc_or_benign,Breast Histopathology Images (IDC Benchmark / Cruz-Roa et al.),40x,50,50,3,train,0a23bc7edf91ec01de18e17ae342fec0
histo_01096,histopathology/images/histo_01096.png,0,non_idc_or_benign,Breast Histopathology Images (IDC Benchmark / Cruz-Roa et al.),40x,50,50,3,test,e261248720b33e7aa5672bcff82d87ac
histo_01097,histopathology/images/histo_01097.png,0,non_idc_or_benign,Breast Histopathology Images (IDC Benchmark / Cruz-Roa et al.),40x,50,50,3,train,d79322f0ffc5df28fad4d74ea5319f27
histo_01098,histopathology/images/histo_01098.png,0,non_idc_or_benign,Breast Histopathology Images (IDC Benchmark / Cruz-Roa et al.),40x,50,50,3,train,b07aa020aa300a400fa9f08f5a852d93
histo_01099,histopathology/images/histo_01099.png,1,invasive_ductal_carcinoma,Breast Histopathology Images (IDC Benchmark / Cruz-Roa et al.),40x,50,50,3,test,e43abd338b75319860fbd63b5af47126
histo_01100,histopathology/images/histo_01100.png,1,invasive_ductal_carcinoma,Breast Histopathology Images (IDC Benchmark / Cruz-Roa et al.),40x,50,50,3,val,efaafca66322a57bb2e612139efef8a2
histo_01101,histopathology/images/histo_01101.png,0,non_idc_or_benign,Breast Histopathology Images (IDC Benchmark / Cruz-Roa et al.),40x,50,50,3,train,abc9a3de930947cc65e53439fea913b4
histo_01102,histopathology/images/histo_01102.png,0,non_idc_or_benign,Breast Histopathology Images (IDC Benchmark / Cruz-Roa et al.),40x,50,50,3,train,70e47f96b707e156260af2730f08b0ce
histo_01103,histopathology/images/histo_01103.png,1,invasive_ductal_carcinoma,Breast Histopathology Images (IDC Benchmark / Cruz-Roa et al.),40x,50,50,3,test,517b7f4d8fdcb97f7b232447823bd03b
histo_01104,histopathology/images/histo_01104.png,0,non_idc_or_benign,Breast Histopathology Images (IDC Benchmark / Cruz-Roa et al.),40x,50,50,3,train,3ca12f4b22f9d06c8a9cfda73033ca44
histo_01105,histopathology/images/histo_01105.png,0,non_idc_or_benign,Breast Histopathology Images (IDC Benchmark / Cruz-Roa et al.),40x,50,50,3,train,8ba1de20ef59edcdc487736104fe12f8
histo_01106,histopathology/images/histo_01106.png,0,non_idc_or_benign,Breast Histopathology Images (IDC Benchmark / Cruz-Roa et al.),40x,50,50,3,test,9f03dee9d5669f3428c810faa9e415aa
histo_01107,histopathology/images/histo_01107.png,0,non_idc_or_benign,Breast Histopathology Images (IDC Benchmark / Cruz-Roa et al.),40x,50,50,3,train,981426b476db31557d307b3fa4ab4c8f
histo_01108,histopathology/images/histo_01108.png,1,invasive_ductal_carcinoma,Breast Histopathology Images (IDC Benchmark / Cruz-Roa et al.),40x,50,50,3,val,0eaaa2f3820dfe43a157604f0491764e
histo_01109,histopathology/images/histo_01109.png,0,non_idc_or_benign,Breast Histopathology Images (IDC Benchmark / Cruz-Roa et al.),40x,50,50,3,val,a9409e1d9f2330b4946e367f2c435cd9
histo_01110,histopathology/images/histo_01110.png,0,non_idc_or_benign,Breast Histopathology Images (IDC Benchmark / Cruz-Roa et al.),40x,50,50,3,train,2874d0136994588d78bb51b76f8fdacd
histo_01111,histopathology/images/histo_01111.png,1,invasive_ductal_carcinoma,Breast Histopathology Images (IDC Benchmark / Cruz-Roa et al.),40x,50,50,3,train,f1640e79b5644922435fef7946abcf41
histo_01112,histopathology/images/histo_01112.png,0,non_idc_or_benign,Breast Histopathology Images (IDC Benchmark / Cruz-Roa et al.),40x,50,50,3,train,58e60e1ca7603d3bbb236c6c86d05484
histo_01113,histopathology/images/histo_01113.png,0,non_idc_or_benign,Breast Histopathology Images (IDC Benchmark / Cruz-Roa et al.),40x,50,50,3,train,b3ab740fac6f87366303718bfbc595a9
histo_01114,histopathology/images/histo_01114.png,1,invasive_ductal_carcinoma,Breast Histopathology Images (IDC Benchmark / Cruz-Roa et al.),40x,50,50,3,train,685359f4cc4108497e5a6e3670666301
histo_01115,histopathology/images/histo_01115.png,1,invasive_ductal_carcinoma,Breast Histopathology Images (IDC Benchmark / Cruz-Roa et al.),40x,50,50,3,val,9f6d1b03cf0454bd99533d5e76710867
histo_01116,histopathology/images/histo_01116.png,1,invasive_ductal_carcinoma,Breast Histopathology Images (IDC Benchmark / Cruz-Roa et al.),40x,50,50,3,val,85a50a126f3afec36c0fb38f3c837a8f
histo_01117,histopathology/images/histo_01117.png,0,non_idc_or_benign,Breast Histopathology Images (IDC Benchmark / Cruz-Roa et al.),40x,50,50,3,train,d7224f160d7812e0e267e2dc9fadb146
histo_01118,histopathology/images/histo_01118.png,0,non_idc_or_benign,Breast Histopathology Images (IDC Benchmark / Cruz-Roa et al.),40x,50,50,3,train,8d8dbefefa00d083c5b1442970ed7441
histo_01119,histopathology/images/histo_01119.png,0,non_idc_or_benign,Breast Histopathology Images (IDC Benchmark / Cruz-Roa et al.),40x,50,50,3,train,e28fb0b9b2f96d6e7285369ae9e9812f
histo_01120,histopathology/images/histo_01120.png,0,non_idc_or_benign,Breast Histopathology Images (IDC Benchmark / Cruz-Roa et al.),40x,50,50,3,train,2d4f8e51b1d5501ff0263c4ed4ded1df
histo_01121,histopathology/images/histo_01121.png,0,non_idc_or_benign,Breast Histopathology Images (IDC Benchmark / Cruz-Roa et al.),40x,50,50,3,test,3c6b0cbcadafb1b18671f0d8e7f226bc
histo_01122,histopathology/images/histo_01122.png,0,non_idc_or_benign,Breast Histopathology Images (IDC Benchmark / Cruz-Roa et al.),40x,50,50,3,train,f1d32537e0329bc744763e188ba45a64
histo_01123,histopathology/images/histo_01123.png,1,invasive_ductal_carcinoma,Breast Histopathology Images (IDC Benchmark / Cruz-Roa et al.),40x,50,50,3,val,b1791b4347684d508fc24dd35f4f2125
histo_01124,histopathology/images/histo_01124.png,0,non_idc_or_benign,Breast Histopathology Images (IDC Benchmark / Cruz-Roa et al.),40x,50,50,3,train,78d4069e69a60ec2b0b8ea9e0326a390
histo_01125,histopathology/images/histo_01125.png,1,invasive_ductal_carcinoma,Breast Histopathology Images (IDC Benchmark / Cruz-Roa et al.),40x,50,50,3,train,d9adfd39119c5579017f44fcec7254f6
histo_01126,histopathology/images/histo_01126.png,0,non_idc_or_benign,Breast Histopathology Images (IDC Benchmark / Cruz-Roa et al.),40x,50,50,3,train,79f274e9a15fa3cec39d0e9107c5ba2b
histo_01127,histopathology/images/histo_01127.png,0,non_idc_or_benign,Breast Histopathology Images (IDC Benchmark / Cruz-Roa et al.),40x,50,50,3,train,d68ef624d67277f46ec5628df715ab9d
histo_01128,histopathology/images/histo_01128.png,0,non_idc_or_benign,Breast Histopathology Images (IDC Benchmark / Cruz-Roa et al.),40x,50,50,3,val,15e8ce9cbebb9b4ebb26f400f38cd45f
histo_01129,histopathology/images/histo_01129.png,0,non_idc_or_benign,Breast Histopathology Images (IDC Benchmark / Cruz-Roa et al.),40x,50,50,3,train,80a129d9a1dfc13f5796f4ddfea4e4b0
histo_01130,histopathology/images/histo_01130.png,1,invasive_ductal_carcinoma,Breast Histopathology Images (IDC Benchmark / Cruz-Roa et al.),40x,50,50,3,train,bc00b38922b0f03b41f4f05c56328688
histo_01131,histopathology/images/histo_01131.png,0,non_idc_or_benign,Breast Histopathology Images (IDC Benchmark / Cruz-Roa et al.),40x,50,50,3,train,c4a4548f85cea99d0e3d44767b705915
histo_01132,histopathology/images/histo_01132.png,0,non_idc_or_benign,Breast Histopathology Images (IDC Benchmark / Cruz-Roa et al.),40x,50,50,3,train,79c9e41a20fa24270b125d296f8ee3ac
histo_01133,histopathology/images/histo_01133.png,0,non_idc_or_benign,Breast Histopathology Images (IDC Benchmark / Cruz-Roa et al.),40x,50,50,3,train,7f958c1510e019ea9411cc9d0fbf02cb
histo_01134,histopathology/images/histo_01134.png,1,invasive_ductal_carcinoma,Breast Histopathology Images (IDC Benchmark / Cruz-Roa et al.),40x,50,50,3,train,b8e50492ec69ddff251e71ec3bd9c35d
histo_01135,histopathology/images/histo_01135.png,0,non_idc_or_benign,Breast Histopathology Images (IDC Benchmark / Cruz-Roa et al.),40x,50,50,3,test,3c187e441dc5fe0911b356d55a63db21
histo_01136,histopathology/images/histo_01136.png,0,non_idc_or_benign,Breast Histopathology Images (IDC Benchmark / Cruz-Roa et al.),40x,50,50,3,train,83855405af6a5d110b2a683f7bad9289
histo_01137,histopathology/images/histo_01137.png,1,invasive_ductal_carcinoma,Breast Histopathology Images (IDC Benchmark / Cruz-Roa et al.),40x,50,50,3,train,220f39bc8b66be398c25ec97bc4e7c15
histo_01138,histopathology/images/histo_01138.png,0,non_idc_or_benign,Breast Histopathology Images (IDC Benchmark / Cruz-Roa et al.),40x,50,50,3,val,435d76a884928093e37f4846ba7d0e28
histo_01139,histopathology/images/histo_01139.png,0,non_idc_or_benign,Breast Histopathology Images (IDC Benchmark / Cruz-Roa et al.),40x,50,50,3,train,885e14d948823818a2f8b296c8c8f334
histo_01140,histopathology/images/histo_01140.png,0,non_idc_or_benign,Breast Histopathology Images (IDC Benchmark / Cruz-Roa et al.),40x,50,50,3,train,72047c87f70b98b99054550ef2407779
histo_01141,histopathology/images/histo_01141.png,1,invasive_ductal_carcinoma,Breast Histopathology Images (IDC Benchmark / Cruz-Roa et al.),40x,50,50,3,train,f582cfbfc5c0b963e19779affc5f7e51
histo_01142,histopathology/images/histo_01142.png,0,non_idc_or_benign,Breast Histopathology Images (IDC Benchmark / Cruz-Roa et al.),40x,50,50,3,val,79702beb934db0aeac9721dd6c9cd044
histo_01143,histopathology/images/histo_01143.png,0,non_idc_or_benign,Breast Histopathology Images (IDC Benchmark / Cruz-Roa et al.),40x,50,50,3,test,e753fcd31c8e4725a9e3e1f8d980fe93
histo_01144,histopathology/images/histo_01144.png,0,non_idc_or_benign,Breast Histopathology Images (IDC Benchmark / Cruz-Roa et al.),40x,50,50,3,train,701acfed39fcb66777f6ce0ff51ae9a3
histo_01145,histopathology/images/histo_01145.png,0,non_idc_or_benign,Breast Histopathology Images (IDC Benchmark / Cruz-Roa et al.),40x,50,50,3,train,738f9ce850a7d92feb87d1e72576c84f
histo_01146,histopathology/images/histo_01146.png,1,invasive_ductal_carcinoma,Breast Histopathology Images (IDC Benchmark / Cruz-Roa et al.),40x,50,50,3,train,424abf961c8f81b58d1673bdc91cd2c8
histo_01147,histopathology/images/histo_01147.png,1,invasive_ductal_carcinoma,Breast Histopathology Images (IDC Benchmark / Cruz-Roa et al.),40x,50,50,3,test,269b014a3f024f1ec27a178bcb5d68fb
histo_01148,histopathology/images/histo_01148.png,0,non_idc_or_benign,Breast Histopathology Images (IDC Benchmark / Cruz-Roa et al.),40x,50,50,3,test,0c188403a3a9dfdd44ca762fbb8ee704
histo_01149,histopathology/images/histo_01149.png,0,non_idc_or_benign,Breast Histopathology Images (IDC Benchmark / Cruz-Roa et al.),40x,50,50,3,train,c5df9adbdd776f78bf4f7cadfd0ad4f3
histo_01150,histopathology/images/histo_01150.png,1,invasive_ductal_carcinoma,Breast Histopathology Images (IDC Benchmark / Cruz-Roa et al.),40x,50,50,3,train,4e2f3faacf001d9a4efc9ca9d864c4f8
histo_01151,histopathology/images/histo_01151.png,0,non_idc_or_benign,Breast Histopathology Images (IDC Benchmark / Cruz-Roa et al.),40x,50,50,3,val,85c160208ee77a0357079725c3c5c776
histo_01152,histopathology/images/histo_01152.png,1,invasive_ductal_carcinoma,Breast Histopathology Images (IDC Benchmark / Cruz-Roa et al.),40x,50,50,3,train,05d109477dccadfe2f2c60f9382d23ff
histo_01153,histopathology/images/histo_01153.png,1,invasive_ductal_carcinoma,Breast Histopathology Images (IDC Benchmark / Cruz-Roa et al.),40x,50,50,3,val,67cc579583bc9f7edea8f782c1719f88
histo_01154,histopathology/images/histo_01154.png,0,non_idc_or_benign,Breast Histopathology Images (IDC Benchmark / Cruz-Roa et al.),40x,50,50,3,val,439e7ffe0e6497854262f83eceec1387
histo_01155,histopathology/images/histo_01155.png,0,non_idc_or_benign,Breast Histopathology Images (IDC Benchmark / Cruz-Roa et al.),40x,50,50,3,train,e200c2117361e3b988f5446857678dc2
histo_01156,histopathology/images/histo_01156.png,1,invasive_ductal_carcinoma,Breast Histopathology Images (IDC Benchmark / Cruz-Roa et al.),40x,50,50,3,val,ec416fdb49cfe4d938a2d3104b01e414
histo_01157,histopathology/images/histo_01157.png,0,non_idc_or_benign,Breast Histopathology Images (IDC Benchmark / Cruz-Roa et al.),40x,50,50,3,train,a2788d0689aa66400652fcd0da94d380
histo_01158,histopathology/images/histo_01158.png,0,non_idc_or_benign,Breast Histopathology Images (IDC Benchmark / Cruz-Roa et al.),40x,50,50,3,train,8912b843fc8d920f49ee9fc709dcea2d
histo_01159,histopathology/images/histo_01159.png,0,non_idc_or_benign,Breast Histopathology Images (IDC Benchmark / Cruz-Roa et al.),40x,50,50,3,train,f59524a3b144e7fb28466d480a89629d
histo_01160,histopathology/images/histo_01160.png,1,invasive_ductal_carcinoma,Breast Histopathology Images (IDC Benchmark / Cruz-Roa et al.),40x,50,50,3,train,9865cd54386ce1f43913c94a20fbc292
histo_01161,histopathology/images/histo_01161.png,0,non_idc_or_benign,Breast Histopathology Images (IDC Benchmark / Cruz-Roa et al.),40x,50,50,3,train,471bfbf6eb179302609ec3c4403f3d72
histo_01162,histopathology/images/histo_01162.png,0,non_idc_or_benign,Breast Histopathology Images (IDC Benchmark / Cruz-Roa et al.),40x,50,50,3,train,0857f1ff3b6b832e4460dc967dd303ee
histo_01163,histopathology/images/histo_01163.png,1,invasive_ductal_carcinoma,Breast Histopathology Images (IDC Benchmark / Cruz-Roa et al.),40x,50,50,3,train,c49c5c8948b58840320c95f685603e07
histo_01164,histopathology/images/histo_01164.png,0,non_idc_or_benign,Breast Histopathology Images (IDC Benchmark / Cruz-Roa et al.),40x,50,50,3,train,f0005ef1dd1b4d52c42c8833ee542478
histo_01165,histopathology/images/histo_01165.png,1,invasive_ductal_carcinoma,Breast Histopathology Images (IDC Benchmark / Cruz-Roa et al.),40x,50,50,3,test,3a02d5b65339841047427b53b6077a06
histo_01166,histopathology/images/histo_01166.png,1,invasive_ductal_carcinoma,Breast Histopathology Images (IDC Benchmark / Cruz-Roa et al.),40x,50,50,3,train,8ff7108eedb09151e81d3cb6d7fd5ff3
histo_01167,histopathology/images/histo_01167.png,1,invasive_ductal_carcinoma,Breast Histopathology Images (IDC Benchmark / Cruz-Roa et al.),40x,50,50,3,train,1fe5c3a3e50ea89f683ba6b76230b8ed
histo_01168,histopathology/images/histo_01168.png,0,non_idc_or_benign,Breast Histopathology Images (IDC Benchmark / Cruz-Roa et al.),40x,50,50,3,train,a4c0b409e5de37719c53fd5ace867049
histo_01169,histopathology/images/histo_01169.png,1,invasive_ductal_carcinoma,Breast Histopathology Images (IDC Benchmark / Cruz-Roa et al.),40x,50,50,3,train,313f520876fc08b02fb57f7f8bba0cd4
histo_01170,histopathology/images/histo_01170.png,0,non_idc_or_benign,Breast Histopathology Images (IDC Benchmark / Cruz-Roa et al.),40x,50,50,3,test,33556cc1a91c880151ee8edd594e7bb3
histo_01171,histopathology/images/histo_01171.png,0,non_idc_or_benign,Breast Histopathology Images (IDC Benchmark / Cruz-Roa et al.),40x,50,50,3,test,82d5f5fec185a87eb9139dceb72e696a
histo_01172,histopathology/images/histo_01172.png,1,invasive_ductal_carcinoma,Breast Histopathology Images (IDC Benchmark / Cruz-Roa et al.),40x,50,50,3,train,4ed422afd180d13bdd130bf0480a71be
histo_01173,histopathology/images/histo_01173.png,0,non_idc_or_benign,Breast Histopathology Images (IDC Benchmark / Cruz-Roa et al.),40x,50,50,3,train,fdcee1bbaebcec80a7ee8186f35ea974
histo_01174,histopathology/images/histo_01174.png,0,non_idc_or_benign,Breast Histopathology Images (IDC Benchmark / Cruz-Roa et al.),40x,50,50,3,train,dcf2593d44c3ceaeafbbe1633c075202
histo_01175,histopathology/images/histo_01175.png,0,non_idc_or_benign,Breast Histopathology Images (IDC Benchmark / Cruz-Roa et al.),40x,50,50,3,val,22fa9da276ccc90b9bc25ef67bc46a8c
histo_01176,histopathology/images/histo_01176.png,1,invasive_ductal_carcinoma,Breast Histopathology Images (IDC Benchmark / Cruz-Roa et al.),40x,50,50,3,test,e0f42feb8bbe696c916d132861a461b7
histo_01177,histopathology/images/histo_01177.png,0,non_idc_or_benign,Breast Histopathology Images (IDC Benchmark / Cruz-Roa et al.),40x,50,50,3,train,62e28a2a1ef0b522c89b16c62e5c82ed
histo_01178,histopathology/images/histo_01178.png,1,invasive_ductal_carcinoma,Breast Histopathology Images (IDC Benchmark / Cruz-Roa et al.),40x,50,50,3,train,47ae1c0de2726631d9a859b7c124c0d2
histo_01179,histopathology/images/histo_01179.png,1,invasive_ductal_carcinoma,Breast Histopathology Images (IDC Benchmark / Cruz-Roa et al.),40x,50,50,3,train,7da5464a2a4c52d9817ab68798d14c18
histo_01180,histopathology/images/histo_01180.png,0,non_idc_or_benign,Breast Histopathology Images (IDC Benchmark / Cruz-Roa et al.),40x,50,50,3,train,a25bb6509dc888f7d0755feb35adcfbe
histo_01181,histopathology/images/histo_01181.png,1,invasive_ductal_carcinoma,Breast Histopathology Images (IDC Benchmark / Cruz-Roa et al.),40x,50,50,3,val,632bead7726ff2e39fbb02e32e90b038
histo_01182,histopathology/images/histo_01182.png,1,invasive_ductal_carcinoma,Breast Histopathology Images (IDC Benchmark / Cruz-Roa et al.),40x,50,50,3,train,be4a0dfac3495a12e6bffa5dd4adb00e
histo_01183,histopathology/images/histo_01183.png,0,non_idc_or_benign,Breast Histopathology Images (IDC Benchmark / Cruz-Roa et al.),40x,50,50,3,train,3a6918c2b79c4a1182d5969f299d6055
histo_01184,histopathology/images/histo_01184.png,0,non_idc_or_benign,Breast Histopathology Images (IDC Benchmark / Cruz-Roa et al.),40x,50,50,3,train,e493709b4b61717bfe8cfe02b58a7042
histo_01185,histopathology/images/histo_01185.png,1,invasive_ductal_carcinoma,Breast Histopathology Images (IDC Benchmark / Cruz-Roa et al.),40x,50,50,3,train,30dd77892766be3c52f3d3fa582984fa
histo_01186,histopathology/images/histo_01186.png,1,invasive_ductal_carcinoma,Breast Histopathology Images (IDC Benchmark / Cruz-Roa et al.),40x,50,50,3,train,0d6e72b579377566fe9c55cc10485794
histo_01187,histopathology/images/histo_01187.png,1,invasive_ductal_carcinoma,Breast Histopathology Images (IDC Benchmark / Cruz-Roa et al.),40x,50,50,3,train,275b47f704047139fb4d4780694fc6e9
histo_01188,histopathology/images/histo_01188.png,0,non_idc_or_benign,Breast Histopathology Images (IDC Benchmark / Cruz-Roa et al.),40x,50,50,3,test,b409107e0c3fcd531610b2bc0c7b3b69
histo_01189,histopathology/images/histo_01189.png,0,non_idc_or_benign,Breast Histopathology Images (IDC Benchmark / Cruz-Roa et al.),40x,50,50,3,train,93236c63a3066ee94b6b12c8b3b1d85b
histo_01190,histopathology/images/histo_01190.png,0,non_idc_or_benign,Breast Histopathology Images (IDC Benchmark / Cruz-Roa et al.),40x,50,50,3,train,36bfe7630da25229ff51a1b5c3a19a77
histo_01191,histopathology/images/histo_01191.png,0,non_idc_or_benign,Breast Histopathology Images (IDC Benchmark / Cruz-Roa et al.),40x,50,50,3,test,bcd98956e3fae97024087da723f59461
histo_01192,histopathology/images/histo_01192.png,1,invasive_ductal_carcinoma,Breast Histopathology Images (IDC Benchmark / Cruz-Roa et al.),40x,50,50,3,train,199a0313fc46d812ea13ab44181daba6
histo_01193,histopathology/images/histo_01193.png,0,non_idc_or_benign,Breast Histopathology Images (IDC Benchmark / Cruz-Roa et al.),40x,50,50,3,val,daf7a89afae95a2fd90bdb49220e2a38
histo_01194,histopathology/images/histo_01194.png,1,invasive_ductal_carcinoma,Breast Histopathology Images (IDC Benchmark / Cruz-Roa et al.),40x,50,50,3,train,84538a24e0f1b031d0cdb29c7af0e189
histo_01195,histopathology/images/histo_01195.png,0,non_idc_or_benign,Breast Histopathology Images (IDC Benchmark / Cruz-Roa et al.),40x,50,50,3,train,d7ddc1cf22647b3cbd579da2d0a80fd8
histo_01196,histopathology/images/histo_01196.png,1,invasive_ductal_carcinoma,Breast Histopathology Images (IDC Benchmark / Cruz-Roa et al.),40x,50,50,3,val,1163a4643659bb81b63ecea6835b9de5
histo_01197,histopathology/images/histo_01197.png,1,invasive_ductal_carcinoma,Breast Histopathology Images (IDC Benchmark / Cruz-Roa et al.),40x,50,50,3,train,1233f9496ea6044c1f3e4cc7a2cfc426
histo_01198,histopathology/images/histo_01198.png,0,non_idc_or_benign,Breast Histopathology Images (IDC Benchmark / Cruz-Roa et al.),40x,50,50,3,train,12e6476f905945b8c5bbc9c0931f4a99
histo_01199,histopathology/images/histo_01199.png,0,non_idc_or_benign,Breast Histopathology Images (IDC Benchmark / Cruz-Roa et al.),40x,50,50,3,train,65fd6517576fe2740af6684738e00bd0
histo_01200,histopathology/images/histo_01200.png,0,non_idc_or_benign,Breast Histopathology Images (IDC Benchmark / Cruz-Roa et al.),40x,50,50,3,val,056320b7f6c2f7823fa7a4d5bc8d3f88
histo_01201,histopathology/images/histo_01201.png,1,invasive_ductal_carcinoma,Breast Histopathology Images (IDC Benchmark / Cruz-Roa et al.),40x,50,50,3,train,44b24b4e5904557db5b2230ce217a041
histo_01202,histopathology/images/histo_01202.png,1,invasive_ductal_carcinoma,Breast Histopathology Images (IDC Benchmark / Cruz-Roa et al.),40x,50,50,3,train,60a9faa3d2814a386f7947a1517be86b
histo_01203,histopathology/images/histo_01203.png,0,non_idc_or_benign,Breast Histopathology Images (IDC Benchmark / Cruz-Roa et al.),40x,50,50,3,train,0c6a1251bb3e5a37668e6feb4bfaf7dd
histo_01204,histopathology/images/histo_01204.png,0,non_idc_or_benign,Breast Histopathology Images (IDC Benchmark / Cruz-Roa et al.),40x,50,50,3,test,5e345b8b9580522564d783f4a9577be1
histo_01205,histopathology/images/histo_01205.png,0,non_idc_or_benign,Breast Histopathology Images (IDC Benchmark / Cruz-Roa et al.),40x,50,50,3,train,a2e5bd6c35b2c23a19596afa04f5d8b5
histo_01206,histopathology/images/histo_01206.png,0,non_idc_or_benign,Breast Histopathology Images (IDC Benchmark / Cruz-Roa et al.),40x,50,50,3,train,c195ead444389240f7c53442c33ca3e7
histo_01207,histopathology/images/histo_01207.png,0,non_idc_or_benign,Breast Histopathology Images (IDC Benchmark / Cruz-Roa et al.),40x,50,50,3,train,7a8b7525cc9727e6763f5a8a4e27cfef
histo_01208,histopathology/images/histo_01208.png,1,invasive_ductal_carcinoma,Breast Histopathology Images (IDC Benchmark / Cruz-Roa et al.),40x,50,50,3,test,053852b8ea74042cb4ad3cfa9ac19bfe
histo_01209,histopathology/images/histo_01209.png,0,non_idc_or_benign,Breast Histopathology Images (IDC Benchmark / Cruz-Roa et al.),40x,50,50,3,val,67ae4eaa224532105cda5e3d87dbb2fd
histo_01210,histopathology/images/histo_01210.png,1,invasive_ductal_carcinoma,Breast Histopathology Images (IDC Benchmark / Cruz-Roa et al.),40x,50,50,3,train,6b48fce2778919a4ecb944efe8589088
histo_01211,histopathology/images/histo_01211.png,0,non_idc_or_benign,Breast Histopathology Images (IDC Benchmark / Cruz-Roa et al.),40x,50,50,3,train,922a34ea7073960f6823298fd64aa4b6
histo_01212,histopathology/images/histo_01212.png,0,non_idc_or_benign,Breast Histopathology Images (IDC Benchmark / Cruz-Roa et al.),40x,50,50,3,train,d3fc71aa70408e39a83098e521443569
histo_01213,histopathology/images/histo_01213.png,1,invasive_ductal_carcinoma,Breast Histopathology Images (IDC Benchmark / Cruz-Roa et al.),40x,50,50,3,train,4928dd93243a9eddc5acbcd79108ef6a
histo_01214,histopathology/images/histo_01214.png,0,non_idc_or_benign,Breast Histopathology Images (IDC Benchmark / Cruz-Roa et al.),40x,50,50,3,train,975c353291c76e32fbd76b8d3ca5ba7e
histo_01215,histopathology/images/histo_01215.png,1,invasive_ductal_carcinoma,Breast Histopathology Images (IDC Benchmark / Cruz-Roa et al.),40x,50,50,3,train,2f9ded4e639ebe6e99296ac539af64ff
histo_01216,histopathology/images/histo_01216.png,1,invasive_ductal_carcinoma,Breast Histopathology Images (IDC Benchmark / Cruz-Roa et al.),40x,50,50,3,train,43d32292932d9173f87f1e0b09568f40
histo_01217,histopathology/images/histo_01217.png,0,non_idc_or_benign,Breast Histopathology Images (IDC Benchmark / Cruz-Roa et al.),40x,50,50,3,train,07acb0d1f7a17421150ce6ff4fea1a2c
histo_01218,histopathology/images/histo_01218.png,0,non_idc_or_benign,Breast Histopathology Images (IDC Benchmark / Cruz-Roa et al.),40x,50,50,3,train,3c7179fd60ad01a889f1078c82a23171
histo_01219,histopathology/images/histo_01219.png,0,non_idc_or_benign,Breast Histopathology Images (IDC Benchmark / Cruz-Roa et al.),40x,50,50,3,train,ba259b4a7a572adeb382249b303f4253
histo_01220,histopathology/images/histo_01220.png,1,invasive_ductal_carcinoma,Breast Histopathology Images (IDC Benchmark / Cruz-Roa et al.),40x,50,50,3,train,3127f5a710536b26d263bbfcb3c704e4
histo_01221,histopathology/images/histo_01221.png,1,invasive_ductal_carcinoma,Breast Histopathology Images (IDC Benchmark / Cruz-Roa et al.),40x,50,50,3,train,80726ef25950156925b9e4470e70c740
histo_01222,histopathology/images/histo_01222.png,0,non_idc_or_benign,Breast Histopathology Images (IDC Benchmark / Cruz-Roa et al.),40x,50,50,3,val,a94f4a7983e43835815e4aea1f40c35a
histo_01223,histopathology/images/histo_01223.png,0,non_idc_or_benign,Breast Histopathology Images (IDC Benchmark / Cruz-Roa et al.),40x,50,50,3,train,611988c70ecd2adc8adff492066169a8
histo_01224,histopathology/images/histo_01224.png,1,invasive_ductal_carcinoma,Breast Histopathology Images (IDC Benchmark / Cruz-Roa et al.),40x,50,50,3,train,8afb4cfb65c22becb90fa04f31f1724b
histo_01225,histopathology/images/histo_01225.png,1,invasive_ductal_carcinoma,Breast Histopathology Images (IDC Benchmark / Cruz-Roa et al.),40x,50,50,3,train,c6a683b4ef508e0e5e67d0f5082dee3e
histo_01226,histopathology/images/histo_01226.png,0,non_idc_or_benign,Breast Histopathology Images (IDC Benchmark / Cruz-Roa et al.),40x,50,50,3,test,62b2a573bc3e908a46df1e3cff587e39
histo_01227,histopathology/images/histo_01227.png,1,invasive_ductal_carcinoma,Breast Histopathology Images (IDC Benchmark / Cruz-Roa et al.),40x,50,50,3,train,c90ac77d5b8afaf738478c440c6d3e12
histo_01228,histopathology/images/histo_01228.png,0,non_idc_or_benign,Breast Histopathology Images (IDC Benchmark / Cruz-Roa et al.),40x,50,50,3,val,638a6c0f2e8a6da94308482203873497
histo_01229,histopathology/images/histo_01229.png,0,non_idc_or_benign,Breast Histopathology Images (IDC Benchmark / Cruz-Roa et al.),40x,50,50,3,train,47f22ae73ab0b3226f4a566f6b4ee327
histo_01230,histopathology/images/histo_01230.png,0,non_idc_or_benign,Breast Histopathology Images (IDC Benchmark / Cruz-Roa et al.),40x,50,50,3,train,37083dfd14d2391721a8ebdc9dcd6601
histo_01231,histopathology/images/histo_01231.png,0,non_idc_or_benign,Breast Histopathology Images (IDC Benchmark / Cruz-Roa et al.),40x,50,50,3,val,f1fb302c6c8fb2a326e88a012c1117e1
histo_01232,histopathology/images/histo_01232.png,0,non_idc_or_benign,Breast Histopathology Images (IDC Benchmark / Cruz-Roa et al.),40x,50,50,3,train,178f264624375fc773e973e61d6d8bb4
histo_01233,histopathology/images/histo_01233.png,1,invasive_ductal_carcinoma,Breast Histopathology Images (IDC Benchmark / Cruz-Roa et al.),40x,50,50,3,train,246a7d7f04326889f1536bc3eb565778
histo_01234,histopathology/images/histo_01234.png,0,non_idc_or_benign,Breast Histopathology Images (IDC Benchmark / Cruz-Roa et al.),40x,50,50,3,val,ba7dbd2be04d4e5fb2b8e18c4f4e3084
histo_01235,histopathology/images/histo_01235.png,0,non_idc_or_benign,Breast Histopathology Images (IDC Benchmark / Cruz-Roa et al.),40x,50,50,3,train,c59c991035eb9ebfcefe341ca843d62f
histo_01236,histopathology/images/histo_01236.png,0,non_idc_or_benign,Breast Histopathology Images (IDC Benchmark / Cruz-Roa et al.),40x,50,50,3,val,2beec4d4efb78bb579d23272d91fb954
histo_01237,histopathology/images/histo_01237.png,0,non_idc_or_benign,Breast Histopathology Images (IDC Benchmark / Cruz-Roa et al.),40x,50,50,3,train,35001663e2f068057f5fc2c8ba8f9ee7
histo_01238,histopathology/images/histo_01238.png,0,non_idc_or_benign,Breast Histopathology Images (IDC Benchmark / Cruz-Roa et al.),40x,50,50,3,train,e8a7da366be6bdc00812276bf734ebd5
histo_01239,histopathology/images/histo_01239.png,0,non_idc_or_benign,Breast Histopathology Images (IDC Benchmark / Cruz-Roa et al.),40x,50,50,3,train,1421e9c35f443e94bbb4880307dceb35
histo_01240,histopathology/images/histo_01240.png,0,non_idc_or_benign,Breast Histopathology Images (IDC Benchmark / Cruz-Roa et al.),40x,50,50,3,test,005c18d02f2e575a6fe6d57606d362c5
histo_01241,histopathology/images/histo_01241.png,1,invasive_ductal_carcinoma,Breast Histopathology Images (IDC Benchmark / Cruz-Roa et al.),40x,50,50,3,train,04c5a1aeb09690da4501ac8af0a80b6b
histo_01242,histopathology/images/histo_01242.png,0,non_idc_or_benign,Breast Histopathology Images (IDC Benchmark / Cruz-Roa et al.),40x,50,50,3,train,191d8439bb19551cba8a785ea401c418
histo_01243,histopathology/images/histo_01243.png,0,non_idc_or_benign,Breast Histopathology Images (IDC Benchmark / Cruz-Roa et al.),40x,50,50,3,train,c553f2cd50a7d711cf4751e5e0cc5aaf
histo_01244,histopathology/images/histo_01244.png,0,non_idc_or_benign,Breast Histopathology Images (IDC Benchmark / Cruz-Roa et al.),40x,50,50,3,val,f80cd27ba063d677107d3ea4bc69455e
histo_01245,histopathology/images/histo_01245.png,0,non_idc_or_benign,Breast Histopathology Images (IDC Benchmark / Cruz-Roa et al.),40x,50,50,3,test,c1b98d60e58dc51c76709bd10b5fcc9a
histo_01246,histopathology/images/histo_01246.png,0,non_idc_or_benign,Breast Histopathology Images (IDC Benchmark / Cruz-Roa et al.),40x,50,50,3,train,21a96d1dc1af236306eec489eab116b4
histo_01247,histopathology/images/histo_01247.png,0,non_idc_or_benign,Breast Histopathology Images (IDC Benchmark / Cruz-Roa et al.),40x,50,50,3,train,eb46dc38688d8e450b9713a92a50c516
histo_01248,histopathology/images/histo_01248.png,0,non_idc_or_benign,Breast Histopathology Images (IDC Benchmark / Cruz-Roa et al.),40x,50,50,3,train,c510eac7ecc53db3080018765b295c4f
histo_01249,histopathology/images/histo_01249.png,1,invasive_ductal_carcinoma,Breast Histopathology Images (IDC Benchmark / Cruz-Roa et al.),40x,50,50,3,train,081018209db6bd50f8d7745ed971d1b5
histo_01250,histopathology/images/histo_01250.png,0,non_idc_or_benign,Breast Histopathology Images (IDC Benchmark / Cruz-Roa et al.),40x,50,50,3,train,e5bdebea5f50632177a9c612846bb70e
histo_01251,histopathology/images/histo_01251.png,0,non_idc_or_benign,Breast Histopathology Images (IDC Benchmark / Cruz-Roa et al.),40x,50,50,3,test,bbc34d43a2e381ac4573533aa5461182
histo_01252,histopathology/images/histo_01252.png,0,non_idc_or_benign,Breast Histopathology Images (IDC Benchmark / Cruz-Roa et al.),40x,50,50,3,train,e208a45edda2386a5a62367f958ad06a
histo_01253,histopathology/images/histo_01253.png,0,non_idc_or_benign,Breast Histopathology Images (IDC Benchmark / Cruz-Roa et al.),40x,50,50,3,test,df5c7d2010b7d1a43faf745dd3299cb6
histo_01254,histopathology/images/histo_01254.png,1,invasive_ductal_carcinoma,Breast Histopathology Images (IDC Benchmark / Cruz-Roa et al.),40x,50,50,3,train,87861d7efc0f45a8a0d3264e0b80345b
histo_01255,histopathology/images/histo_01255.png,0,non_idc_or_benign,Breast Histopathology Images (IDC Benchmark / Cruz-Roa et al.),40x,50,50,3,train,09114b854c6e9cefad2e1c7a9d6cb331
histo_01256,histopathology/images/histo_01256.png,0,non_idc_or_benign,Breast Histopathology Images (IDC Benchmark / Cruz-Roa et al.),40x,50,50,3,val,3df99408b440778c11c806ad92d89060
histo_01257,histopathology/images/histo_01257.png,1,invasive_ductal_carcinoma,Breast Histopathology Images (IDC Benchmark / Cruz-Roa et al.),40x,50,50,3,test,75d53a5c7eea3ff94ac7a919473ed8ab
histo_01258,histopathology/images/histo_01258.png,1,invasive_ductal_carcinoma,Breast Histopathology Images (IDC Benchmark / Cruz-Roa et al.),40x,50,50,3,val,7b4b321a156c396f64ad2f75b8f9c9a9
histo_01259,histopathology/images/histo_01259.png,1,invasive_ductal_carcinoma,Breast Histopathology Images (IDC Benchmark / Cruz-Roa et al.),40x,50,50,3,train,3809f75e418d28a6166e422ae2d4bfae
histo_01260,histopathology/images/histo_01260.png,0,non_idc_or_benign,Breast Histopathology Images (IDC Benchmark / Cruz-Roa et al.),40x,50,50,3,val,43c32f39082f801fae32173031a76589
histo_01261,histopathology/images/histo_01261.png,0,non_idc_or_benign,Breast Histopathology Images (IDC Benchmark / Cruz-Roa et al.),40x,50,50,3,val,e52526f16f4ef44d2efe3a7e26c63220
histo_01262,histopathology/images/histo_01262.png,0,non_idc_or_benign,Breast Histopathology Images (IDC Benchmark / Cruz-Roa et al.),40x,50,50,3,train,b7b81ac378ed09fd0487708043135ced
histo_01263,histopathology/images/histo_01263.png,0,non_idc_or_benign,Breast Histopathology Images (IDC Benchmark / Cruz-Roa et al.),40x,50,50,3,train,c6157981bd5e1a73cce5582c96b24bee
histo_01264,histopathology/images/histo_01264.png,0,non_idc_or_benign,Breast Histopathology Images (IDC Benchmark / Cruz-Roa et al.),40x,50,50,3,train,7d8c857e98d07651153cf061bebc55dd
histo_01265,histopathology/images/histo_01265.png,0,non_idc_or_benign,Breast Histopathology Images (IDC Benchmark / Cruz-Roa et al.),40x,50,50,3,val,d216f148764887a1d9d97290b7851dfa
histo_01266,histopathology/images/histo_01266.png,1,invasive_ductal_carcinoma,Breast Histopathology Images (IDC Benchmark / Cruz-Roa et al.),40x,50,50,3,train,cc18561fe1e8ee682726345858d8fa9a
histo_01267,histopathology/images/histo_01267.png,0,non_idc_or_benign,Breast Histopathology Images (IDC Benchmark / Cruz-Roa et al.),40x,50,50,3,train,3079e3e9d8697691e4e14bc72b7cdb6b
histo_01268,histopathology/images/histo_01268.png,0,non_idc_or_benign,Breast Histopathology Images (IDC Benchmark / Cruz-Roa et al.),40x,50,50,3,train,b4fba4565e805fbab51702eaddc9bcf0
histo_01269,histopathology/images/histo_01269.png,0,non_idc_or_benign,Breast Histopathology Images (IDC Benchmark / Cruz-Roa et al.),40x,50,50,3,test,5ffb745a6b2247ad9bd9b5acf46f330a
histo_01270,histopathology/images/histo_01270.png,0,non_idc_or_benign,Breast Histopathology Images (IDC Benchmark / Cruz-Roa et al.),40x,50,50,3,train,dfaa6556c8f19a1502de5eddc265b4bf
histo_01271,histopathology/images/histo_01271.png,0,non_idc_or_benign,Breast Histopathology Images (IDC Benchmark / Cruz-Roa et al.),40x,50,50,3,test,c7c8f9c193f696734f3cd934d671e701
histo_01272,histopathology/images/histo_01272.png,0,non_idc_or_benign,Breast Histopathology Images (IDC Benchmark / Cruz-Roa et al.),40x,50,50,3,val,acb6fab7ffa8fb84400ced26a88febf3
histo_01273,histopathology/images/histo_01273.png,0,non_idc_or_benign,Breast Histopathology Images (IDC Benchmark / Cruz-Roa et al.),40x,50,50,3,train,b3e11a6c9b833f89ab46e32d44be0db3
histo_01274,histopathology/images/histo_01274.png,0,non_idc_or_benign,Breast Histopathology Images (IDC Benchmark / Cruz-Roa et al.),40x,50,50,3,train,beabcb8e452e68df0a3ebcd96d12d65c
histo_01275,histopathology/images/histo_01275.png,0,non_idc_or_benign,Breast Histopathology Images (IDC Benchmark / Cruz-Roa et al.),40x,50,50,3,train,c783b91b6925780878e4db4501ba0f65
histo_01276,histopathology/images/histo_01276.png,0,non_idc_or_benign,Breast Histopathology Images (IDC Benchmark / Cruz-Roa et al.),40x,50,50,3,train,d4a187d00af22671a93461b8883e6ed5
histo_01277,histopathology/images/histo_01277.png,0,non_idc_or_benign,Breast Histopathology Images (IDC Benchmark / Cruz-Roa et al.),40x,50,50,3,train,fe0b8c237ea07637737392d5c3d95c18
histo_01278,histopathology/images/histo_01278.png,1,invasive_ductal_carcinoma,Breast Histopathology Images (IDC Benchmark / Cruz-Roa et al.),40x,50,50,3,train,10fc303d53c3c20192c47c569873e84a
histo_01279,histopathology/images/histo_01279.png,0,non_idc_or_benign,Breast Histopathology Images (IDC Benchmark / Cruz-Roa et al.),40x,50,50,3,train,576f86623cc1c726765124283b7ee356
histo_01280,histopathology/images/histo_01280.png,0,non_idc_or_benign,Breast Histopathology Images (IDC Benchmark / Cruz-Roa et al.),40x,50,50,3,train,6a365e729fea95b952da7010f8807b7f
histo_01281,histopathology/images/histo_01281.png,0,non_idc_or_benign,Breast Histopathology Images (IDC Benchmark / Cruz-Roa et al.),40x,50,50,3,train,d9501a4a364b5a43699003590b4158bf
histo_01282,histopathology/images/histo_01282.png,0,non_idc_or_benign,Breast Histopathology Images (IDC Benchmark / Cruz-Roa et al.),40x,50,50,3,train,8a7f2c5d2162f92be048acd1c66b8789
histo_01283,histopathology/images/histo_01283.png,0,non_idc_or_benign,Breast Histopathology Images (IDC Benchmark / Cruz-Roa et al.),40x,50,50,3,train,27a436d89dfe49c761d277a9bea8b42c
histo_01284,histopathology/images/histo_01284.png,0,non_idc_or_benign,Breast Histopathology Images (IDC Benchmark / Cruz-Roa et al.),40x,50,50,3,train,8a3b62bbacbec75e1c0584228786d524
histo_01285,histopathology/images/histo_01285.png,0,non_idc_or_benign,Breast Histopathology Images (IDC Benchmark / Cruz-Roa et al.),40x,50,50,3,train,3000501cdea0b7a2208cf52b06d751b8
histo_01286,histopathology/images/histo_01286.png,0,non_idc_or_benign,Breast Histopathology Images (IDC Benchmark / Cruz-Roa et al.),40x,50,50,3,val,0d000c887734ad92ef4a7e0de2cfadbd
histo_01287,histopathology/images/histo_01287.png,0,non_idc_or_benign,Breast Histopathology Images (IDC Benchmark / Cruz-Roa et al.),40x,50,50,3,train,48d198ce73991ff12e6b1afa8e9be60b
histo_01288,histopathology/images/histo_01288.png,1,invasive_ductal_carcinoma,Breast Histopathology Images (IDC Benchmark / Cruz-Roa et al.),40x,50,50,3,train,bf12c4c61aeba601729c8e2295f8a65f
histo_01289,histopathology/images/histo_01289.png,0,non_idc_or_benign,Breast Histopathology Images (IDC Benchmark / Cruz-Roa et al.),40x,50,50,3,train,aa9f97d736073403b93c008a7f16326c
histo_01290,histopathology/images/histo_01290.png,0,non_idc_or_benign,Breast Histopathology Images (IDC Benchmark / Cruz-Roa et al.),40x,50,50,3,test,daf681ccd7626375b36619d49ad87b58
histo_01291,histopathology/images/histo_01291.png,1,invasive_ductal_carcinoma,Breast Histopathology Images (IDC Benchmark / Cruz-Roa et al.),40x,50,50,3,train,cfbdefaef41c79112d78e5ed1d476427
histo_01292,histopathology/images/histo_01292.png,1,invasive_ductal_carcinoma,Breast Histopathology Images (IDC Benchmark / Cruz-Roa et al.),40x,50,50,3,train,077de5fde3c011276340d4e24d850545
histo_01293,histopathology/images/histo_01293.png,1,invasive_ductal_carcinoma,Breast Histopathology Images (IDC Benchmark / Cruz-Roa et al.),40x,50,50,3,train,0a95559489b8f84204f48088944ceca7
histo_01294,histopathology/images/histo_01294.png,0,non_idc_or_benign,Breast Histopathology Images (IDC Benchmark / Cruz-Roa et al.),40x,50,50,3,val,cb0e9b1663152df7affb575617d9ad0b
histo_01295,histopathology/images/histo_01295.png,1,invasive_ductal_carcinoma,Breast Histopathology Images (IDC Benchmark / Cruz-Roa et al.),40x,50,50,3,val,563ce72cd3684d0ba0a9f52be968922a
histo_01296,histopathology/images/histo_01296.png,0,non_idc_or_benign,Breast Histopathology Images (IDC Benchmark / Cruz-Roa et al.),40x,50,50,3,val,b2c16fe71b708aa2b0f657924d1121ab
histo_01297,histopathology/images/histo_01297.png,1,invasive_ductal_carcinoma,Breast Histopathology Images (IDC Benchmark / Cruz-Roa et al.),40x,50,50,3,train,d459645ea834af54a080ad993f711453
histo_01298,histopathology/images/histo_01298.png,0,non_idc_or_benign,Breast Histopathology Images (IDC Benchmark / Cruz-Roa et al.),40x,50,50,3,val,2428c300a5709a33c9175e4b0158985b
histo_01299,histopathology/images/histo_01299.png,0,non_idc_or_benign,Breast Histopathology Images (IDC Benchmark / Cruz-Roa et al.),40x,50,50,3,train,3aa63decf876ead894bcaab4d9c1fd64
histo_01300,histopathology/images/histo_01300.png,0,non_idc_or_benign,Breast Histopathology Images (IDC Benchmark / Cruz-Roa et al.),40x,50,50,3,train,fa2089d7a3ca38ea085c77b5f2700340
histo_01301,histopathology/images/histo_01301.png,1,invasive_ductal_carcinoma,Breast Histopathology Images (IDC Benchmark / Cruz-Roa et al.),40x,50,50,3,train,fe3f0d3481021c46459cdd1a22eaf17f
histo_01302,histopathology/images/histo_01302.png,1,invasive_ductal_carcinoma,Breast Histopathology Images (IDC Benchmark / Cruz-Roa et al.),40x,50,50,3,train,754e156295db21f5cad2077f2acdff40
histo_01303,histopathology/images/histo_01303.png,0,non_idc_or_benign,Breast Histopathology Images (IDC Benchmark / Cruz-Roa et al.),40x,50,50,3,train,868de8e8f97f8b4e5190d560de218fe2
histo_01304,histopathology/images/histo_01304.png,1,invasive_ductal_carcinoma,Breast Histopathology Images (IDC Benchmark / Cruz-Roa et al.),40x,50,50,3,test,d8cac14bc6d2ff4ad415378da8225f30
histo_01305,histopathology/images/histo_01305.png,0,non_idc_or_benign,Breast Histopathology Images (IDC Benchmark / Cruz-Roa et al.),40x,50,50,3,val,11fc67dad377090d12ae86c229f9337e
histo_01306,histopathology/images/histo_01306.png,1,invasive_ductal_carcinoma,Breast Histopathology Images (IDC Benchmark / Cruz-Roa et al.),40x,50,50,3,train,775406e9267fdee92e558d456354d0b9
histo_01307,histopathology/images/histo_01307.png,0,non_idc_or_benign,Breast Histopathology Images (IDC Benchmark / Cruz-Roa et al.),40x,50,50,3,train,1f79c79f5cfdc5f4d3d8e1a874c0ecb4
histo_01308,histopathology/images/histo_01308.png,1,invasive_ductal_carcinoma,Breast Histopathology Images (IDC Benchmark / Cruz-Roa et al.),40x,50,50,3,test,d8b66275d86cb31fd283919cba3a99fd
histo_01309,histopathology/images/histo_01309.png,0,non_idc_or_benign,Breast Histopathology Images (IDC Benchmark / Cruz-Roa et al.),40x,50,50,3,train,a48934245e57f8c5fb211824a4053290
histo_01310,histopathology/images/histo_01310.png,1,invasive_ductal_carcinoma,Breast Histopathology Images (IDC Benchmark / Cruz-Roa et al.),40x,50,50,3,test,b7e8f460ddbff6996b62657d25f426cf
histo_01311,histopathology/images/histo_01311.png,0,non_idc_or_benign,Breast Histopathology Images (IDC Benchmark / Cruz-Roa et al.),40x,50,50,3,train,bcbd24a37c743a09982c1af194646a24
histo_01312,histopathology/images/histo_01312.png,0,non_idc_or_benign,Breast Histopathology Images (IDC Benchmark / Cruz-Roa et al.),40x,50,50,3,val,b630d7d6afd014971feb57479cada9eb
histo_01313,histopathology/images/histo_01313.png,1,invasive_ductal_carcinoma,Breast Histopathology Images (IDC Benchmark / Cruz-Roa et al.),40x,50,50,3,train,a9a1a8a0239dcd203b76a49a9d63758f
histo_01314,histopathology/images/histo_01314.png,1,invasive_ductal_carcinoma,Breast Histopathology Images (IDC Benchmark / Cruz-Roa et al.),40x,50,50,3,train,e10afea811d70a831c89a978e65d389a
histo_01315,histopathology/images/histo_01315.png,0,non_idc_or_benign,Breast Histopathology Images (IDC Benchmark / Cruz-Roa et al.),40x,50,50,3,val,d8bb37d01606b476dbdcc9aa248321d9
histo_01316,histopathology/images/histo_01316.png,1,invasive_ductal_carcinoma,Breast Histopathology Images (IDC Benchmark / Cruz-Roa et al.),40x,50,50,3,train,bc8d820a7aa144a5b623ed93bde80f66
histo_01317,histopathology/images/histo_01317.png,0,non_idc_or_benign,Breast Histopathology Images (IDC Benchmark / Cruz-Roa et al.),40x,50,50,3,train,ff4d4c6066cea782132521d29b3f642b
histo_01318,histopathology/images/histo_01318.png,0,non_idc_or_benign,Breast Histopathology Images (IDC Benchmark / Cruz-Roa et al.),40x,50,50,3,test,d59d9213fa8f114f7304b68a57d0e0a0
histo_01319,histopathology/images/histo_01319.png,0,non_idc_or_benign,Breast Histopathology Images (IDC Benchmark / Cruz-Roa et al.),40x,50,50,3,train,bd36a6f61f64f259f01d3bc75abea13c
histo_01320,histopathology/images/histo_01320.png,0,non_idc_or_benign,Breast Histopathology Images (IDC Benchmark / Cruz-Roa et al.),40x,50,50,3,test,ce68f6b86c38aee1e3450b8a0092ca89
histo_01321,histopathology/images/histo_01321.png,1,invasive_ductal_carcinoma,Breast Histopathology Images (IDC Benchmark / Cruz-Roa et al.),40x,50,50,3,val,3b1c5364266059e73aec1e79f19d5cb6
histo_01322,histopathology/images/histo_01322.png,0,non_idc_or_benign,Breast Histopathology Images (IDC Benchmark / Cruz-Roa et al.),40x,50,50,3,train,e215dbcebde6977f4f183840081e961c
histo_01323,histopathology/images/histo_01323.png,0,non_idc_or_benign,Breast Histopathology Images (IDC Benchmark / Cruz-Roa et al.),40x,50,50,3,train,f11ba227357fda41d932a34ffa4ea175
histo_01324,histopathology/images/histo_01324.png,0,non_idc_or_benign,Breast Histopathology Images (IDC Benchmark / Cruz-Roa et al.),40x,50,50,3,train,d1eda45b17e30fabc6083340dc69517f
histo_01325,histopathology/images/histo_01325.png,0,non_idc_or_benign,Breast Histopathology Images (IDC Benchmark / Cruz-Roa et al.),40x,50,50,3,train,597d4ac859ee84ee4adc49ca7eca1ad6
histo_01326,histopathology/images/histo_01326.png,0,non_idc_or_benign,Breast Histopathology Images (IDC Benchmark / Cruz-Roa et al.),40x,50,50,3,train,f0c24d728639fe42f723cdac6b0f1cb3
histo_01327,histopathology/images/histo_01327.png,0,non_idc_or_benign,Breast Histopathology Images (IDC Benchmark / Cruz-Roa et al.),40x,50,50,3,train,a2b4fcc953490d4a05abcfa0c21290ab
histo_01328,histopathology/images/histo_01328.png,1,invasive_ductal_carcinoma,Breast Histopathology Images (IDC Benchmark / Cruz-Roa et al.),40x,50,50,3,val,7300a8e6242094261e72c75e1ac4f762
histo_01329,histopathology/images/histo_01329.png,0,non_idc_or_benign,Breast Histopathology Images (IDC Benchmark / Cruz-Roa et al.),40x,50,50,3,train,e9ec2746f9e8b8f8cbe564354d4c9dc9
histo_01330,histopathology/images/histo_01330.png,0,non_idc_or_benign,Breast Histopathology Images (IDC Benchmark / Cruz-Roa et al.),40x,50,50,3,train,454e1b16da83c7aba31d2030e4d2eb98
histo_01331,histopathology/images/histo_01331.png,0,non_idc_or_benign,Breast Histopathology Images (IDC Benchmark / Cruz-Roa et al.),40x,50,50,3,val,89fa087d77a45117770e444a9b62d37d
histo_01332,histopathology/images/histo_01332.png,1,invasive_ductal_carcinoma,Breast Histopathology Images (IDC Benchmark / Cruz-Roa et al.),40x,50,50,3,train,f29168bd9780cf2faed82615f78dd3ab
histo_01333,histopathology/images/histo_01333.png,0,non_idc_or_benign,Breast Histopathology Images (IDC Benchmark / Cruz-Roa et al.),40x,50,50,3,train,0a63f0b4533d10f87908fb9c790db313
histo_01334,histopathology/images/histo_01334.png,0,non_idc_or_benign,Breast Histopathology Images (IDC Benchmark / Cruz-Roa et al.),40x,50,50,3,train,677ff96494d7da7037af90374d28525f
histo_01335,histopathology/images/histo_01335.png,0,non_idc_or_benign,Breast Histopathology Images (IDC Benchmark / Cruz-Roa et al.),40x,50,50,3,train,4dd31cb67fe32d1c1e9786f5cec111ad
histo_01336,histopathology/images/histo_01336.png,0,non_idc_or_benign,Breast Histopathology Images (IDC Benchmark / Cruz-Roa et al.),40x,50,50,3,train,cadd625fe2da3b2ef6d1abc6e39db7e7
histo_01337,histopathology/images/histo_01337.png,0,non_idc_or_benign,Breast Histopathology Images (IDC Benchmark / Cruz-Roa et al.),40x,50,50,3,val,605ef28c9b4a6f231c77c790dcc12b69
histo_01338,histopathology/images/histo_01338.png,0,non_idc_or_benign,Breast Histopathology Images (IDC Benchmark / Cruz-Roa et al.),40x,50,50,3,train,af28865348ca45d2f9d13284ad04d37c
histo_01339,histopathology/images/histo_01339.png,0,non_idc_or_benign,Breast Histopathology Images (IDC Benchmark / Cruz-Roa et al.),40x,50,50,3,val,6df17ae0b829e274b3ae692ec6927f08
histo_01340,histopathology/images/histo_01340.png,0,non_idc_or_benign,Breast Histopathology Images (IDC Benchmark / Cruz-Roa et al.),40x,50,50,3,train,5c6da24880a35893511cf97e6af5fd67
histo_01341,histopathology/images/histo_01341.png,0,non_idc_or_benign,Breast Histopathology Images (IDC Benchmark / Cruz-Roa et al.),40x,50,50,3,train,11f0735726a9bc24347a662e8e260f57
histo_01342,histopathology/images/histo_01342.png,0,non_idc_or_benign,Breast Histopathology Images (IDC Benchmark / Cruz-Roa et al.),40x,50,50,3,train,f081fdaff162a0d2d0c6669cce7255f7
histo_01343,histopathology/images/histo_01343.png,0,non_idc_or_benign,Breast Histopathology Images (IDC Benchmark / Cruz-Roa et al.),40x,50,50,3,train,6b39be8f9b264106b05c9c1937ab3953
histo_01344,histopathology/images/histo_01344.png,0,non_idc_or_benign,Breast Histopathology Images (IDC Benchmark / Cruz-Roa et al.),40x,50,50,3,val,ae71f167a8a21d54e4845d8d3bb15d1f
histo_01345,histopathology/images/histo_01345.png,0,non_idc_or_benign,Breast Histopathology Images (IDC Benchmark / Cruz-Roa et al.),40x,50,50,3,train,d88181f87a3acfcedf0a29b0f630480a
histo_01346,histopathology/images/histo_01346.png,0,non_idc_or_benign,Breast Histopathology Images (IDC Benchmark / Cruz-Roa et al.),40x,50,50,3,train,8481642d340bf45364c1565deb88f434
histo_01347,histopathology/images/histo_01347.png,0,non_idc_or_benign,Breast Histopathology Images (IDC Benchmark / Cruz-Roa et al.),40x,50,50,3,val,c157fd3f78b4a3e394d4d48b033e397a
histo_01348,histopathology/images/histo_01348.png,0,non_idc_or_benign,Breast Histopathology Images (IDC Benchmark / Cruz-Roa et al.),40x,50,50,3,train,772651f8e3baf0326f370e9fbd1df193
histo_01349,histopathology/images/histo_01349.png,0,non_idc_or_benign,Breast Histopathology Images (IDC Benchmark / Cruz-Roa et al.),40x,50,50,3,train,37d7f7927de9f28842924a625c691e7b
histo_01350,histopathology/images/histo_01350.png,0,non_idc_or_benign,Breast Histopathology Images (IDC Benchmark / Cruz-Roa et al.),40x,50,50,3,train,1d038af0338f8b0efde699be391e5969
histo_01351,histopathology/images/histo_01351.png,0,non_idc_or_benign,Breast Histopathology Images (IDC Benchmark / Cruz-Roa et al.),40x,50,50,3,train,67d682f38e9009ac771a8a9cfb499d36
histo_01352,histopathology/images/histo_01352.png,0,non_idc_or_benign,Breast Histopathology Images (IDC Benchmark / Cruz-Roa et al.),40x,50,50,3,train,801fb5d0ea2d3e13058dacfb852ad891
histo_01353,histopathology/images/histo_01353.png,0,non_idc_or_benign,Breast Histopathology Images (IDC Benchmark / Cruz-Roa et al.),40x,50,50,3,test,a03802c749a7b82a98449c8686fc9201
histo_01354,histopathology/images/histo_01354.png,1,invasive_ductal_carcinoma,Breast Histopathology Images (IDC Benchmark / Cruz-Roa et al.),40x,50,50,3,val,9cf37d190e3bef958e0c98256f4b24d2
histo_01355,histopathology/images/histo_01355.png,0,non_idc_or_benign,Breast Histopathology Images (IDC Benchmark / Cruz-Roa et al.),40x,50,50,3,train,388a4d93c9c3f883d3a2adf714427a14
histo_01356,histopathology/images/histo_01356.png,0,non_idc_or_benign,Breast Histopathology Images (IDC Benchmark / Cruz-Roa et al.),40x,50,50,3,val,c42d9e59611947139defbba32cbd02d9
histo_01357,histopathology/images/histo_01357.png,1,invasive_ductal_carcinoma,Breast Histopathology Images (IDC Benchmark / Cruz-Roa et al.),40x,50,50,3,val,3853dc08402054bee8235ce776bd697b
histo_01358,histopathology/images/histo_01358.png,0,non_idc_or_benign,Breast Histopathology Images (IDC Benchmark / Cruz-Roa et al.),40x,50,50,3,val,b6bb5a19cb5e309d60f2b5393ecc0106
histo_01359,histopathology/images/histo_01359.png,0,non_idc_or_benign,Breast Histopathology Images (IDC Benchmark / Cruz-Roa et al.),40x,50,50,3,test,d8636d83895ce859996291c9f38b3f78
histo_01360,histopathology/images/histo_01360.png,0,non_idc_or_benign,Breast Histopathology Images (IDC Benchmark / Cruz-Roa et al.),40x,50,50,3,test,57e542475f850f44aea434cf0f1b4f19
histo_01361,histopathology/images/histo_01361.png,0,non_idc_or_benign,Breast Histopathology Images (IDC Benchmark / Cruz-Roa et al.),40x,50,50,3,train,614e5afccc378e4c9c84fcac35a6ba4f
histo_01362,histopathology/images/histo_01362.png,1,invasive_ductal_carcinoma,Breast Histopathology Images (IDC Benchmark / Cruz-Roa et al.),40x,50,50,3,train,8ff73a521aa15861a47dbb91a7692f4b
histo_01363,histopathology/images/histo_01363.png,0,non_idc_or_benign,Breast Histopathology Images (IDC Benchmark / Cruz-Roa et al.),40x,50,50,3,test,5da7ce3b3074aa8459c0f01ebfb32a0b
histo_01364,histopathology/images/histo_01364.png,1,invasive_ductal_carcinoma,Breast Histopathology Images (IDC Benchmark / Cruz-Roa et al.),40x,50,50,3,train,49fe9aa550a3ed702ce2e61573a27a29
histo_01365,histopathology/images/histo_01365.png,0,non_idc_or_benign,Breast Histopathology Images (IDC Benchmark / Cruz-Roa et al.),40x,50,50,3,test,6300f8796f4abd095a52487d535110de
histo_01366,histopathology/images/histo_01366.png,0,non_idc_or_benign,Breast Histopathology Images (IDC Benchmark / Cruz-Roa et al.),40x,50,50,3,test,3ec3a15d3b939d78ea2035a7bc97313e
histo_01367,histopathology/images/histo_01367.png,0,non_idc_or_benign,Breast Histopathology Images (IDC Benchmark / Cruz-Roa et al.),40x,50,50,3,val,c4ef31c1f85ea8e80b1e190084ef6bfa
histo_01368,histopathology/images/histo_01368.png,0,non_idc_or_benign,Breast Histopathology Images (IDC Benchmark / Cruz-Roa et al.),40x,50,50,3,test,63cfab7d31127a5f405826e7c479dac7
histo_01369,histopathology/images/histo_01369.png,0,non_idc_or_benign,Breast Histopathology Images (IDC Benchmark / Cruz-Roa et al.),40x,50,50,3,train,80fbfe3b2dbd96b25ca52a80b2f10f84
histo_01370,histopathology/images/histo_01370.png,0,non_idc_or_benign,Breast Histopathology Images (IDC Benchmark / Cruz-Roa et al.),40x,50,50,3,test,dd3fcbc0739f87b1ec48c7865cc4217a
histo_01371,histopathology/images/histo_01371.png,0,non_idc_or_benign,Breast Histopathology Images (IDC Benchmark / Cruz-Roa et al.),40x,50,50,3,train,ee86b401e2e7ae61d077fc239efad844
histo_01372,histopathology/images/histo_01372.png,1,invasive_ductal_carcinoma,Breast Histopathology Images (IDC Benchmark / Cruz-Roa et al.),40x,50,50,3,val,b29446dd3b29d0d2cc8ca4e24cad6437
histo_01373,histopathology/images/histo_01373.png,1,invasive_ductal_carcinoma,Breast Histopathology Images (IDC Benchmark / Cruz-Roa et al.),40x,50,50,3,test,d1a07a4ac31e201014019c2da6340080
histo_01374,histopathology/images/histo_01374.png,1,invasive_ductal_carcinoma,Breast Histopathology Images (IDC Benchmark / Cruz-Roa et al.),40x,50,50,3,train,722b9da0523f4449b59d8635ae2d3218
histo_01375,histopathology/images/histo_01375.png,0,non_idc_or_benign,Breast Histopathology Images (IDC Benchmark / Cruz-Roa et al.),40x,50,50,3,train,0c6dd9031154b3523357b66c631d2310
histo_01376,histopathology/images/histo_01376.png,1,invasive_ductal_carcinoma,Breast Histopathology Images (IDC Benchmark / Cruz-Roa et al.),40x,50,50,3,train,4a118fe4c7ca0191e0ec51541cb64fa1
histo_01377,histopathology/images/histo_01377.png,1,invasive_ductal_carcinoma,Breast Histopathology Images (IDC Benchmark / Cruz-Roa et al.),40x,50,50,3,val,cf773355ed81c9efde0ccf70271ecd97
histo_01378,histopathology/images/histo_01378.png,0,non_idc_or_benign,Breast Histopathology Images (IDC Benchmark / Cruz-Roa et al.),40x,50,50,3,train,ee5686d259a1b7e7cbc378024ac4d48e
histo_01379,histopathology/images/histo_01379.png,1,invasive_ductal_carcinoma,Breast Histopathology Images (IDC Benchmark / Cruz-Roa et al.),40x,50,50,3,train,d297cbe1caf2bd36eca81119ebe16e6f
histo_01380,histopathology/images/histo_01380.png,0,non_idc_or_benign,Breast Histopathology Images (IDC Benchmark / Cruz-Roa et al.),40x,50,50,3,train,a1fbcf481ca800af407aebe78a82df9c
histo_01381,histopathology/images/histo_01381.png,0,non_idc_or_benign,Breast Histopathology Images (IDC Benchmark / Cruz-Roa et al.),40x,50,50,3,test,2022b3d7e404dc2bc800c972566d61e0
histo_01382,histopathology/images/histo_01382.png,0,non_idc_or_benign,Breast Histopathology Images (IDC Benchmark / Cruz-Roa et al.),40x,50,50,3,train,ea9b6ce6da7a30c76a7dbff2887e0371
histo_01383,histopathology/images/histo_01383.png,1,invasive_ductal_carcinoma,Breast Histopathology Images (IDC Benchmark / Cruz-Roa et al.),40x,50,50,3,test,5cc15893f5825d5cea84fe45f3a3b314
histo_01384,histopathology/images/histo_01384.png,1,invasive_ductal_carcinoma,Breast Histopathology Images (IDC Benchmark / Cruz-Roa et al.),40x,50,50,3,train,aa222941c2cb4415df374dae526f2e4d
histo_01385,histopathology/images/histo_01385.png,1,invasive_ductal_carcinoma,Breast Histopathology Images (IDC Benchmark / Cruz-Roa et al.),40x,50,50,3,train,531533b895f224ebeddc21ea1af7da0a
histo_01386,histopathology/images/histo_01386.png,0,non_idc_or_benign,Breast Histopathology Images (IDC Benchmark / Cruz-Roa et al.),40x,50,50,3,train,1f9227ce37e37a8de653f8cee8eaeb82
histo_01387,histopathology/images/histo_01387.png,0,non_idc_or_benign,Breast Histopathology Images (IDC Benchmark / Cruz-Roa et al.),40x,50,50,3,train,6de399eca3b4255905651d686ff50b2f
histo_01388,histopathology/images/histo_01388.png,0,non_idc_or_benign,Breast Histopathology Images (IDC Benchmark / Cruz-Roa et al.),40x,50,50,3,train,eaf942a471b3570e78cad031f853b934
histo_01389,histopathology/images/histo_01389.png,0,non_idc_or_benign,Breast Histopathology Images (IDC Benchmark / Cruz-Roa et al.),40x,50,50,3,train,5d85b8db39e9135fc41a63e9a0930711
histo_01390,histopathology/images/histo_01390.png,0,non_idc_or_benign,Breast Histopathology Images (IDC Benchmark / Cruz-Roa et al.),40x,50,50,3,train,b6a628d698425d544a1b12901e8a8e2c
histo_01391,histopathology/images/histo_01391.png,0,non_idc_or_benign,Breast Histopathology Images (IDC Benchmark / Cruz-Roa et al.),40x,50,50,3,val,8ae3e095983902ab38a828ef940b740a
histo_01392,histopathology/images/histo_01392.png,0,non_idc_or_benign,Breast Histopathology Images (IDC Benchmark / Cruz-Roa et al.),40x,50,50,3,train,086944f164069cbffffdfca8473bd2f1
histo_01393,histopathology/images/histo_01393.png,0,non_idc_or_benign,Breast Histopathology Images (IDC Benchmark / Cruz-Roa et al.),40x,50,50,3,train,00b918d4831114080dc34c2e8e1ca3dc
histo_01394,histopathology/images/histo_01394.png,0,non_idc_or_benign,Breast Histopathology Images (IDC Benchmark / Cruz-Roa et al.),40x,50,50,3,val,c33b321bdbc85dda2440341548ff901e
histo_01395,histopathology/images/histo_01395.png,1,invasive_ductal_carcinoma,Breast Histopathology Images (IDC Benchmark / Cruz-Roa et al.),40x,50,50,3,train,895f60322b8f9081a3362ecdedc7edd9
histo_01396,histopathology/images/histo_01396.png,0,non_idc_or_benign,Breast Histopathology Images (IDC Benchmark / Cruz-Roa et al.),40x,50,50,3,test,df598fcdf6bd055a4f4b63e28fc883db
histo_01397,histopathology/images/histo_01397.png,0,non_idc_or_benign,Breast Histopathology Images (IDC Benchmark / Cruz-Roa et al.),40x,50,50,3,train,7397ed1f635f4b37400081dfee0bd8ed
histo_01398,histopathology/images/histo_01398.png,0,non_idc_or_benign,Breast Histopathology Images (IDC Benchmark / Cruz-Roa et al.),40x,50,50,3,train,d2870c4fe3427df7bf4dd4faf1599c22
histo_01399,histopathology/images/histo_01399.png,1,invasive_ductal_carcinoma,Breast Histopathology Images (IDC Benchmark / Cruz-Roa et al.),40x,50,50,3,train,a5042e94fa056bde4c1adecf9321309c
histo_01400,histopathology/images/histo_01400.png,1,invasive_ductal_carcinoma,Breast Histopathology Images (IDC Benchmark / Cruz-Roa et al.),40x,50,50,3,train,5b226ff589217297c4b7c7c9af3a1b41
histo_01401,histopathology/images/histo_01401.png,0,non_idc_or_benign,Breast Histopathology Images (IDC Benchmark / Cruz-Roa et al.),40x,50,50,3,train,b214d97b10ff5333b911804e1ae9c0f8
histo_01402,histopathology/images/histo_01402.png,0,non_idc_or_benign,Breast Histopathology Images (IDC Benchmark / Cruz-Roa et al.),40x,50,50,3,val,19d5d70a8a0410da59d836ad1616dafd
histo_01403,histopathology/images/histo_01403.png,0,non_idc_or_benign,Breast Histopathology Images (IDC Benchmark / Cruz-Roa et al.),40x,50,50,3,train,586f1796acf9ff86434ec3e3d08fa117
histo_01404,histopathology/images/histo_01404.png,1,invasive_ductal_carcinoma,Breast Histopathology Images (IDC Benchmark / Cruz-Roa et al.),40x,50,50,3,train,c31f2ed20062e9c26209063d8d4b2230
histo_01405,histopathology/images/histo_01405.png,1,invasive_ductal_carcinoma,Breast Histopathology Images (IDC Benchmark / Cruz-Roa et al.),40x,50,50,3,train,f9cc5a0ec75135e83af3f4bc08428a5d
histo_01406,histopathology/images/histo_01406.png,1,invasive_ductal_carcinoma,Breast Histopathology Images (IDC Benchmark / Cruz-Roa et al.),40x,50,50,3,val,e4998903b37d33c8796a4b6a08865479
histo_01407,histopathology/images/histo_01407.png,0,non_idc_or_benign,Breast Histopathology Images (IDC Benchmark / Cruz-Roa et al.),40x,50,50,3,val,a375baea155016724262fb8ffa1feaea
histo_01408,histopathology/images/histo_01408.png,0,non_idc_or_benign,Breast Histopathology Images (IDC Benchmark / Cruz-Roa et al.),40x,50,50,3,train,a5dc901f4405ae6f25887364254d569d
histo_01409,histopathology/images/histo_01409.png,0,non_idc_or_benign,Breast Histopathology Images (IDC Benchmark / Cruz-Roa et al.),40x,50,50,3,train,7ff4690ac1b8e0f12cc0ef37a6c66755
histo_01410,histopathology/images/histo_01410.png,1,invasive_ductal_carcinoma,Breast Histopathology Images (IDC Benchmark / Cruz-Roa et al.),40x,50,50,3,val,72c99cc9a7f22d87a159a344c6fdcc4c
histo_01411,histopathology/images/histo_01411.png,1,invasive_ductal_carcinoma,Breast Histopathology Images (IDC Benchmark / Cruz-Roa et al.),40x,50,50,3,train,7bd65951858c2aaca97fdcc92a5d44e2
histo_01412,histopathology/images/histo_01412.png,0,non_idc_or_benign,Breast Histopathology Images (IDC Benchmark / Cruz-Roa et al.),40x,50,50,3,train,8386d885c691b1ed078f2b1366a9d65b
histo_01413,histopathology/images/histo_01413.png,0,non_idc_or_benign,Breast Histopathology Images (IDC Benchmark / Cruz-Roa et al.),40x,50,50,3,train,baba2de0d433dafb0f7663a7e9a8f2e9
histo_01414,histopathology/images/histo_01414.png,0,non_idc_or_benign,Breast Histopathology Images (IDC Benchmark / Cruz-Roa et al.),40x,50,50,3,train,b8e1b72d2baf0bc396646346aebbab9f
histo_01415,histopathology/images/histo_01415.png,0,non_idc_or_benign,Breast Histopathology Images (IDC Benchmark / Cruz-Roa et al.),40x,50,50,3,train,26cd7e942a4eb76c2d89b5a4e216132f
histo_01416,histopathology/images/histo_01416.png,0,non_idc_or_benign,Breast Histopathology Images (IDC Benchmark / Cruz-Roa et al.),40x,50,50,3,train,52d3f5537e4485ea791210fb0932eda7
histo_01417,histopathology/images/histo_01417.png,1,invasive_ductal_carcinoma,Breast Histopathology Images (IDC Benchmark / Cruz-Roa et al.),40x,50,50,3,train,2428c3153101d5dccb3a404170704128
histo_01418,histopathology/images/histo_01418.png,0,non_idc_or_benign,Breast Histopathology Images (IDC Benchmark / Cruz-Roa et al.),40x,50,50,3,train,4d78b7c99fc196437f7ca34689405d0b
histo_01419,histopathology/images/histo_01419.png,1,invasive_ductal_carcinoma,Breast Histopathology Images (IDC Benchmark / Cruz-Roa et al.),40x,50,50,3,train,e0f4073a009c3f5510f8ab0fc4317137
histo_01420,histopathology/images/histo_01420.png,1,invasive_ductal_carcinoma,Breast Histopathology Images (IDC Benchmark / Cruz-Roa et al.),40x,50,50,3,val,2c28699950fa7bccd17fc4b1d502919e
histo_01421,histopathology/images/histo_01421.png,0,non_idc_or_benign,Breast Histopathology Images (IDC Benchmark / Cruz-Roa et al.),40x,50,50,3,train,6edb4ae679655d8fc1476765f62a879e
histo_01422,histopathology/images/histo_01422.png,0,non_idc_or_benign,Breast Histopathology Images (IDC Benchmark / Cruz-Roa et al.),40x,50,50,3,train,3edd388319485d89cf65d10eef9a93fa
histo_01423,histopathology/images/histo_01423.png,1,invasive_ductal_carcinoma,Breast Histopathology Images (IDC Benchmark / Cruz-Roa et al.),40x,50,50,3,val,ca0bcac849f811117eebb348def17d07
histo_01424,histopathology/images/histo_01424.png,1,invasive_ductal_carcinoma,Breast Histopathology Images (IDC Benchmark / Cruz-Roa et al.),40x,50,50,3,train,0cf40f5aa317123d5d2d982b4dd259bd
histo_01425,histopathology/images/histo_01425.png,0,non_idc_or_benign,Breast Histopathology Images (IDC Benchmark / Cruz-Roa et al.),40x,50,50,3,test,abef98d2068280a5e44ff32b9162e997
histo_01426,histopathology/images/histo_01426.png,1,invasive_ductal_carcinoma,Breast Histopathology Images (IDC Benchmark / Cruz-Roa et al.),40x,50,50,3,train,1a370b794e02ff2f4df14b20bdfd8fcf
histo_01427,histopathology/images/histo_01427.png,1,invasive_ductal_carcinoma,Breast Histopathology Images (IDC Benchmark / Cruz-Roa et al.),40x,50,50,3,train,f3ed120e90d7b952eb331d8f64bb5274
histo_01428,histopathology/images/histo_01428.png,0,non_idc_or_benign,Breast Histopathology Images (IDC Benchmark / Cruz-Roa et al.),40x,50,50,3,train,73fdbfa9c0fb344e940fe50ce7c9eaf3
histo_01429,histopathology/images/histo_01429.png,0,non_idc_or_benign,Breast Histopathology Images (IDC Benchmark / Cruz-Roa et al.),40x,50,50,3,train,5cd92b343386de7da7bb1e3ad9bfbaec
histo_01430,histopathology/images/histo_01430.png,0,non_idc_or_benign,Breast Histopathology Images (IDC Benchmark / Cruz-Roa et al.),40x,50,50,3,train,fd23291bab8cbfe356ab74ae7293ab3f
histo_01431,histopathology/images/histo_01431.png,1,invasive_ductal_carcinoma,Breast Histopathology Images (IDC Benchmark / Cruz-Roa et al.),40x,50,50,3,train,364528ae26353badf7d389ff292d2353
histo_01432,histopathology/images/histo_01432.png,0,non_idc_or_benign,Breast Histopathology Images (IDC Benchmark / Cruz-Roa et al.),40x,50,50,3,train,e7f8b8c1eeecfc0bf4db3e89e8560797
histo_01433,histopathology/images/histo_01433.png,1,invasive_ductal_carcinoma,Breast Histopathology Images (IDC Benchmark / Cruz-Roa et al.),40x,50,50,3,train,36fed32d5b838339801e6d1de2c59b8f
histo_01434,histopathology/images/histo_01434.png,0,non_idc_or_benign,Breast Histopathology Images (IDC Benchmark / Cruz-Roa et al.),40x,50,50,3,train,69bc3db5085d7a7dcd7610c2251d156f
histo_01435,histopathology/images/histo_01435.png,1,invasive_ductal_carcinoma,Breast Histopathology Images (IDC Benchmark / Cruz-Roa et al.),40x,50,50,3,train,17bee2d60fe7cd9213f95333364d38b7
histo_01436,histopathology/images/histo_01436.png,0,non_idc_or_benign,Breast Histopathology Images (IDC Benchmark / Cruz-Roa et al.),40x,50,50,3,test,57f008ac4999bf4addcf529b6e823a49
histo_01437,histopathology/images/histo_01437.png,0,non_idc_or_benign,Breast Histopathology Images (IDC Benchmark / Cruz-Roa et al.),40x,50,50,3,test,b5473f3065573598a5e28a06e0668859
histo_01438,histopathology/images/histo_01438.png,1,invasive_ductal_carcinoma,Breast Histopathology Images (IDC Benchmark / Cruz-Roa et al.),40x,50,50,3,train,675b798c3c05585ba868cd1d85015ca9
histo_01439,histopathology/images/histo_01439.png,0,non_idc_or_benign,Breast Histopathology Images (IDC Benchmark / Cruz-Roa et al.),40x,50,50,3,train,02d5d3366170278f9978352ff7f450e2
histo_01440,histopathology/images/histo_01440.png,0,non_idc_or_benign,Breast Histopathology Images (IDC Benchmark / Cruz-Roa et al.),40x,50,50,3,train,c9ae15dc433b9475e6815db597a422fd
histo_01441,histopathology/images/histo_01441.png,1,invasive_ductal_carcinoma,Breast Histopathology Images (IDC Benchmark / Cruz-Roa et al.),40x,50,50,3,train,f523165a20e86781adfe9a199f6eff05
histo_01442,histopathology/images/histo_01442.png,1,invasive_ductal_carcinoma,Breast Histopathology Images (IDC Benchmark / Cruz-Roa et al.),40x,50,50,3,train,718f7816a6a78c883ec27b1a5ca9426e
histo_01443,histopathology/images/histo_01443.png,0,non_idc_or_benign,Breast Histopathology Images (IDC Benchmark / Cruz-Roa et al.),40x,50,50,3,train,5868756100bd3c5fa808760324c1821c
histo_01444,histopathology/images/histo_01444.png,0,non_idc_or_benign,Breast Histopathology Images (IDC Benchmark / Cruz-Roa et al.),40x,50,50,3,train,f2424c6c794848982b9779db3077dad0
histo_01445,histopathology/images/histo_01445.png,0,non_idc_or_benign,Breast Histopathology Images (IDC Benchmark / Cruz-Roa et al.),40x,50,50,3,train,6976c59c3cff1b8061e4475c51e328b3
histo_01446,histopathology/images/histo_01446.png,0,non_idc_or_benign,Breast Histopathology Images (IDC Benchmark / Cruz-Roa et al.),40x,50,50,3,test,7b631e698f28544fee0eba1e39e4418f
histo_01447,histopathology/images/histo_01447.png,1,invasive_ductal_carcinoma,Breast Histopathology Images (IDC Benchmark / Cruz-Roa et al.),40x,50,50,3,train,326f20dcb942a3fa4b4dfcdf1a391978
histo_01448,histopathology/images/histo_01448.png,1,invasive_ductal_carcinoma,Breast Histopathology Images (IDC Benchmark / Cruz-Roa et al.),40x,50,50,3,train,69cec6a3a14a90e43ad5fa59643df7fc
histo_01449,histopathology/images/histo_01449.png,1,invasive_ductal_carcinoma,Breast Histopathology Images (IDC Benchmark / Cruz-Roa et al.),40x,50,50,3,test,bf87ee34a1314c7e4edbb8a3d6dbe1ad
histo_01450,histopathology/images/histo_01450.png,0,non_idc_or_benign,Breast Histopathology Images (IDC Benchmark / Cruz-Roa et al.),40x,50,50,3,train,bd5caf28b6c21d5adc0d396ce2ced7f3
histo_01451,histopathology/images/histo_01451.png,1,invasive_ductal_carcinoma,Breast Histopathology Images (IDC Benchmark / Cruz-Roa et al.),40x,50,50,3,val,7c837813128e053f1fa639061cb79aa0
histo_01452,histopathology/images/histo_01452.png,0,non_idc_or_benign,Breast Histopathology Images (IDC Benchmark / Cruz-Roa et al.),40x,50,50,3,train,b3c08b8b633cb92994cd66b14e82331b
histo_01453,histopathology/images/histo_01453.png,1,invasive_ductal_carcinoma,Breast Histopathology Images (IDC Benchmark / Cruz-Roa et al.),40x,50,50,3,train,5d6c2329b29370362ee61e104e16b833
histo_01454,histopathology/images/histo_01454.png,0,non_idc_or_benign,Breast Histopathology Images (IDC Benchmark / Cruz-Roa et al.),40x,50,50,3,val,cf1238f1dc2cbe596557ab6d7a5a49e5
histo_01455,histopathology/images/histo_01455.png,0,non_idc_or_benign,Breast Histopathology Images (IDC Benchmark / Cruz-Roa et al.),40x,50,50,3,train,7d7f37a086ba0dd951aa0c01c92f1350
histo_01456,histopathology/images/histo_01456.png,1,invasive_ductal_carcinoma,Breast Histopathology Images (IDC Benchmark / Cruz-Roa et al.),40x,50,50,3,train,38ef490a9921080a9948ea9b70c01c38
histo_01457,histopathology/images/histo_01457.png,1,invasive_ductal_carcinoma,Breast Histopathology Images (IDC Benchmark / Cruz-Roa et al.),40x,50,50,3,train,da98dc9646844662a7c879b2aeb7b24c
histo_01458,histopathology/images/histo_01458.png,0,non_idc_or_benign,Breast Histopathology Images (IDC Benchmark / Cruz-Roa et al.),40x,50,50,3,train,a7197871ab128fc0ecc682c958ef4a83
histo_01459,histopathology/images/histo_01459.png,0,non_idc_or_benign,Breast Histopathology Images (IDC Benchmark / Cruz-Roa et al.),40x,50,50,3,train,76acef8c8815c16c8bb65d8245da6c59
histo_01460,histopathology/images/histo_01460.png,0,non_idc_or_benign,Breast Histopathology Images (IDC Benchmark / Cruz-Roa et al.),40x,50,50,3,train,b2070b58a3c72c816c24af82063b56c6
histo_01461,histopathology/images/histo_01461.png,0,non_idc_or_benign,Breast Histopathology Images (IDC Benchmark / Cruz-Roa et al.),40x,50,50,3,train,1c860ad0c1bbd6df304fdb34e2214894
histo_01462,histopathology/images/histo_01462.png,1,invasive_ductal_carcinoma,Breast Histopathology Images (IDC Benchmark / Cruz-Roa et al.),40x,50,50,3,train,c70999a7056215b0116047ce55647edc
histo_01463,histopathology/images/histo_01463.png,0,non_idc_or_benign,Breast Histopathology Images (IDC Benchmark / Cruz-Roa et al.),40x,50,50,3,train,7c1590c4e8f9a4f9526788e07d80c0ba
histo_01464,histopathology/images/histo_01464.png,0,non_idc_or_benign,Breast Histopathology Images (IDC Benchmark / Cruz-Roa et al.),40x,50,50,3,train,10aace7e4c25caeab55bc5bf0290ff59
histo_01465,histopathology/images/histo_01465.png,0,non_idc_or_benign,Breast Histopathology Images (IDC Benchmark / Cruz-Roa et al.),40x,50,50,3,test,41691e3dc70879e00152c411bd266533
histo_01466,histopathology/images/histo_01466.png,0,non_idc_or_benign,Breast Histopathology Images (IDC Benchmark / Cruz-Roa et al.),40x,50,50,3,val,477da199b8f6dfe57284392945cdda1a
histo_01467,histopathology/images/histo_01467.png,0,non_idc_or_benign,Breast Histopathology Images (IDC Benchmark / Cruz-Roa et al.),40x,50,50,3,test,b441dc39fcb5401dc1f6980230695ac6
histo_01468,histopathology/images/histo_01468.png,0,non_idc_or_benign,Breast Histopathology Images (IDC Benchmark / Cruz-Roa et al.),40x,50,50,3,train,37e05876e80680766c83b2d027cc1327
histo_01469,histopathology/images/histo_01469.png,1,invasive_ductal_carcinoma,Breast Histopathology Images (IDC Benchmark / Cruz-Roa et al.),40x,50,50,3,train,5db7a24052ab6daeb9be6e68319c7d4d
histo_01470,histopathology/images/histo_01470.png,0,non_idc_or_benign,Breast Histopathology Images (IDC Benchmark / Cruz-Roa et al.),40x,50,50,3,train,fe144dbfff5fbddb49fdde37203facc8
histo_01471,histopathology/images/histo_01471.png,0,non_idc_or_benign,Breast Histopathology Images (IDC Benchmark / Cruz-Roa et al.),40x,50,50,3,train,10f9b73ce203fca9edf2ce8d488c651d
histo_01472,histopathology/images/histo_01472.png,0,non_idc_or_benign,Breast Histopathology Images (IDC Benchmark / Cruz-Roa et al.),40x,50,50,3,train,1f9604eb9fd9c9669cddf6c8c2d0e2b7
histo_01473,histopathology/images/histo_01473.png,0,non_idc_or_benign,Breast Histopathology Images (IDC Benchmark / Cruz-Roa et al.),40x,50,50,3,train,8ce3ff28ed06b93ad463c8805025b76c
histo_01474,histopathology/images/histo_01474.png,1,invasive_ductal_carcinoma,Breast Histopathology Images (IDC Benchmark / Cruz-Roa et al.),40x,50,50,3,train,267601c0bda908f5b7aa8a30fe47af5e
histo_01475,histopathology/images/histo_01475.png,0,non_idc_or_benign,Breast Histopathology Images (IDC Benchmark / Cruz-Roa et al.),40x,50,50,3,train,557f14d85d99d5d058fa8c93e7f9d8b8
histo_01476,histopathology/images/histo_01476.png,1,invasive_ductal_carcinoma,Breast Histopathology Images (IDC Benchmark / Cruz-Roa et al.),40x,50,50,3,train,1f7e7f3e7accdab971c55b051a5ccdc6
histo_01477,histopathology/images/histo_01477.png,0,non_idc_or_benign,Breast Histopathology Images (IDC Benchmark / Cruz-Roa et al.),40x,50,50,3,test,ae583f190cf9bb2fdf2c1c66161d39e8
histo_01478,histopathology/images/histo_01478.png,1,invasive_ductal_carcinoma,Breast Histopathology Images (IDC Benchmark / Cruz-Roa et al.),40x,50,50,3,train,5de77b6ab6288ebab6ad0c1366768a3b
histo_01479,histopathology/images/histo_01479.png,0,non_idc_or_benign,Breast Histopathology Images (IDC Benchmark / Cruz-Roa et al.),40x,50,50,3,train,f40ac0fcadc27529245076500d5c4988
histo_01480,histopathology/images/histo_01480.png,0,non_idc_or_benign,Breast Histopathology Images (IDC Benchmark / Cruz-Roa et al.),40x,50,50,3,train,8495cf7f75d71f123db3e655940592e4
histo_01481,histopathology/images/histo_01481.png,0,non_idc_or_benign,Breast Histopathology Images (IDC Benchmark / Cruz-Roa et al.),40x,50,50,3,train,f59b255417f882f43f1cccebee7140e4
histo_01482,histopathology/images/histo_01482.png,0,non_idc_or_benign,Breast Histopathology Images (IDC Benchmark / Cruz-Roa et al.),40x,50,50,3,train,59a8697044ddc874e89b1b2e50ae11c4
histo_01483,histopathology/images/histo_01483.png,0,non_idc_or_benign,Breast Histopathology Images (IDC Benchmark / Cruz-Roa et al.),40x,50,50,3,test,31622f46c407f5ca9991a40f3498c16b
histo_01484,histopathology/images/histo_01484.png,0,non_idc_or_benign,Breast Histopathology Images (IDC Benchmark / Cruz-Roa et al.),40x,50,50,3,test,57c13b69158a2fbdfc40a69d88bc347d
histo_01485,histopathology/images/histo_01485.png,0,non_idc_or_benign,Breast Histopathology Images (IDC Benchmark / Cruz-Roa et al.),40x,50,50,3,test,aceb056a337fad5dbecc4c104b22e7c3
histo_01486,histopathology/images/histo_01486.png,0,non_idc_or_benign,Breast Histopathology Images (IDC Benchmark / Cruz-Roa et al.),40x,50,50,3,train,5f96dd365d11a6a740bbead2f52c68d5
histo_01487,histopathology/images/histo_01487.png,1,invasive_ductal_carcinoma,Breast Histopathology Images (IDC Benchmark / Cruz-Roa et al.),40x,50,50,3,test,4f06f04153fc5f005d72d74c50a3a209
histo_01488,histopathology/images/histo_01488.png,0,non_idc_or_benign,Breast Histopathology Images (IDC Benchmark / Cruz-Roa et al.),40x,50,50,3,train,25f19446c43894d4692484551713efcd
histo_01489,histopathology/images/histo_01489.png,1,invasive_ductal_carcinoma,Breast Histopathology Images (IDC Benchmark / Cruz-Roa et al.),40x,50,50,3,train,a70491f4e8e026400cb9e331995dfb76
histo_01490,histopathology/images/histo_01490.png,1,invasive_ductal_carcinoma,Breast Histopathology Images (IDC Benchmark / Cruz-Roa et al.),40x,50,50,3,val,74e6bddb951fa3707ebcd8a26d68d39d
histo_01491,histopathology/images/histo_01491.png,0,non_idc_or_benign,Breast Histopathology Images (IDC Benchmark / Cruz-Roa et al.),40x,50,50,3,train,db08084add85571645d5589cff4ac91a
histo_01492,histopathology/images/histo_01492.png,1,invasive_ductal_carcinoma,Breast Histopathology Images (IDC Benchmark / Cruz-Roa et al.),40x,50,50,3,test,e1ad62c422f7631cb2da2fa087c759db
histo_01493,histopathology/images/histo_01493.png,0,non_idc_or_benign,Breast Histopathology Images (IDC Benchmark / Cruz-Roa et al.),40x,50,50,3,train,9837402117ecd5cdb21c1e277f2ba6d1
histo_01494,histopathology/images/histo_01494.png,0,non_idc_or_benign,Breast Histopathology Images (IDC Benchmark / Cruz-Roa et al.),40x,50,50,3,test,408222a93d2fade66db1a26583883e41
histo_01495,histopathology/images/histo_01495.png,0,non_idc_or_benign,Breast Histopathology Images (IDC Benchmark / Cruz-Roa et al.),40x,50,50,3,val,4df93c9fe10535000b691266831df540
histo_01496,histopathology/images/histo_01496.png,0,non_idc_or_benign,Breast Histopathology Images (IDC Benchmark / Cruz-Roa et al.),40x,50,50,3,train,974640ce69c1e90c55e7e03a89639e1c
histo_01497,histopathology/images/histo_01497.png,0,non_idc_or_benign,Breast Histopathology Images (IDC Benchmark / Cruz-Roa et al.),40x,50,50,3,train,ccb9c1dfe3072f1f64aed625b7f5e498
histo_01498,histopathology/images/histo_01498.png,0,non_idc_or_benign,Breast Histopathology Images (IDC Benchmark / Cruz-Roa et al.),40x,50,50,3,train,5e013e769a2abdea03a24ecd499ceeb3
histo_01499,histopathology/images/histo_01499.png,1,invasive_ductal_carcinoma,Breast Histopathology Images (IDC Benchmark / Cruz-Roa et al.),40x,50,50,3,train,3a8d5757b22a1961bbc4f9343034d573
histo_01500,histopathology/images/histo_01500.png,0,non_idc_or_benign,Breast Histopathology Images (IDC Benchmark / Cruz-Roa et al.),40x,50,50,3,train,3eaa63238aa515a12e4d2f9ef6ad6801
histo_01501,histopathology/images/histo_01501.png,0,non_idc_or_benign,Breast Histopathology Images (IDC Benchmark / Cruz-Roa et al.),40x,50,50,3,train,11acde7b12ec7e4731e15bf03322f018
histo_01502,histopathology/images/histo_01502.png,0,non_idc_or_benign,Breast Histopathology Images (IDC Benchmark / Cruz-Roa et al.),40x,50,50,3,train,7485788d6e799caad4eab03abbbf36ae
histo_01503,histopathology/images/histo_01503.png,1,invasive_ductal_carcinoma,Breast Histopathology Images (IDC Benchmark / Cruz-Roa et al.),40x,50,50,3,val,033a15c7bfcba4702d826928087fe0df
histo_01504,histopathology/images/histo_01504.png,1,invasive_ductal_carcinoma,Breast Histopathology Images (IDC Benchmark / Cruz-Roa et al.),40x,50,50,3,test,02a9cb2690111156a98a658e141b5cd1
histo_01505,histopathology/images/histo_01505.png,0,non_idc_or_benign,Breast Histopathology Images (IDC Benchmark / Cruz-Roa et al.),40x,50,50,3,train,9d60c5cd06700c9509ea39ef469ba8de
histo_01506,histopathology/images/histo_01506.png,1,invasive_ductal_carcinoma,Breast Histopathology Images (IDC Benchmark / Cruz-Roa et al.),40x,50,50,3,train,21ec66fbc2bef52b7ae275eae6318424
histo_01507,histopathology/images/histo_01507.png,1,invasive_ductal_carcinoma,Breast Histopathology Images (IDC Benchmark / Cruz-Roa et al.),40x,50,50,3,train,75a90f83595a9063bb67acd5fc42bb96
histo_01508,histopathology/images/histo_01508.png,0,non_idc_or_benign,Breast Histopathology Images (IDC Benchmark / Cruz-Roa et al.),40x,50,50,3,val,1ebd695fd2d7318a43839311c809c978
histo_01509,histopathology/images/histo_01509.png,1,invasive_ductal_carcinoma,Breast Histopathology Images (IDC Benchmark / Cruz-Roa et al.),40x,50,50,3,train,6acec8751c7a8f55d4f65ab0d24dff48
histo_01510,histopathology/images/histo_01510.png,1,invasive_ductal_carcinoma,Breast Histopathology Images (IDC Benchmark / Cruz-Roa et al.),40x,50,50,3,val,d9a6d1c2bedc7ceb61a55e74cc5a568a
histo_01511,histopathology/images/histo_01511.png,0,non_idc_or_benign,Breast Histopathology Images (IDC Benchmark / Cruz-Roa et al.),40x,50,50,3,test,62d8ecf14c82df5852221773de05c1e0
histo_01512,histopathology/images/histo_01512.png,0,non_idc_or_benign,Breast Histopathology Images (IDC Benchmark / Cruz-Roa et al.),40x,50,50,3,val,695a0c475ece2c517be63f65ed136cb0
histo_01513,histopathology/images/histo_01513.png,0,non_idc_or_benign,Breast Histopathology Images (IDC Benchmark / Cruz-Roa et al.),40x,50,50,3,train,dd9526cb3f25d656727a681b7f08a3c0
histo_01514,histopathology/images/histo_01514.png,1,invasive_ductal_carcinoma,Breast Histopathology Images (IDC Benchmark / Cruz-Roa et al.),40x,50,50,3,train,8a065599eef77cbe524f6a691419e76c
histo_01515,histopathology/images/histo_01515.png,0,non_idc_or_benign,Breast Histopathology Images (IDC Benchmark / Cruz-Roa et al.),40x,50,50,3,val,2fae54f55318642fb857402f1fc28df2
histo_01516,histopathology/images/histo_01516.png,0,non_idc_or_benign,Breast Histopathology Images (IDC Benchmark / Cruz-Roa et al.),40x,50,50,3,train,f3d1a3bf8b24b9054a854f05dd756198
histo_01517,histopathology/images/histo_01517.png,0,non_idc_or_benign,Breast Histopathology Images (IDC Benchmark / Cruz-Roa et al.),40x,50,50,3,val,b83e448117e480635d9be57280194f60
histo_01518,histopathology/images/histo_01518.png,1,invasive_ductal_carcinoma,Breast Histopathology Images (IDC Benchmark / Cruz-Roa et al.),40x,50,50,3,val,b8bb242c7fe68bcb3f276d336045bdb3
histo_01519,histopathology/images/histo_01519.png,1,invasive_ductal_carcinoma,Breast Histopathology Images (IDC Benchmark / Cruz-Roa et al.),40x,50,50,3,train,11f03d5ddb73f460195c17f6729c4884
histo_01520,histopathology/images/histo_01520.png,0,non_idc_or_benign,Breast Histopathology Images (IDC Benchmark / Cruz-Roa et al.),40x,50,50,3,train,900688f13cfb474f42a99a998ab071ad
histo_01521,histopathology/images/histo_01521.png,1,invasive_ductal_carcinoma,Breast Histopathology Images (IDC Benchmark / Cruz-Roa et al.),40x,50,50,3,train,86390c582d8f421b3a90eb0187aa523c
histo_01522,histopathology/images/histo_01522.png,1,invasive_ductal_carcinoma,Breast Histopathology Images (IDC Benchmark / Cruz-Roa et al.),40x,50,50,3,train,50aab4637678d46a1b1fb1e50bed62ea
histo_01523,histopathology/images/histo_01523.png,0,non_idc_or_benign,Breast Histopathology Images (IDC Benchmark / Cruz-Roa et al.),40x,50,50,3,test,f00fe8f115c169c739b9a9b8bd614fe2
histo_01524,histopathology/images/histo_01524.png,1,invasive_ductal_carcinoma,Breast Histopathology Images (IDC Benchmark / Cruz-Roa et al.),40x,50,50,3,val,0f0c8716ed2bc65c213a7e32b5b5714a
histo_01525,histopathology/images/histo_01525.png,1,invasive_ductal_carcinoma,Breast Histopathology Images (IDC Benchmark / Cruz-Roa et al.),40x,50,50,3,train,cd9afb5662712c8562b9a395e05845ae
histo_01526,histopathology/images/histo_01526.png,1,invasive_ductal_carcinoma,Breast Histopathology Images (IDC Benchmark / Cruz-Roa et al.),40x,50,50,3,test,6eec6417f9507d353f0353e7467c71ed
histo_01527,histopathology/images/histo_01527.png,0,non_idc_or_benign,Breast Histopathology Images (IDC Benchmark / Cruz-Roa et al.),40x,50,50,3,train,b166bffb9a49b54aaa61036a15e3a4eb
histo_01528,histopathology/images/histo_01528.png,0,non_idc_or_benign,Breast Histopathology Images (IDC Benchmark / Cruz-Roa et al.),40x,50,50,3,train,78af6509eaf7da9917db16c688bbbdc5
histo_01529,histopathology/images/histo_01529.png,0,non_idc_or_benign,Breast Histopathology Images (IDC Benchmark / Cruz-Roa et al.),40x,50,50,3,val,8829b6848485bffa7ce1cbd61b9a5a72
histo_01530,histopathology/images/histo_01530.png,0,non_idc_or_benign,Breast Histopathology Images (IDC Benchmark / Cruz-Roa et al.),40x,50,50,3,test,d769d1ae7ac36f51f334fcd8ca69e86f
histo_01531,histopathology/images/histo_01531.png,0,non_idc_or_benign,Breast Histopathology Images (IDC Benchmark / Cruz-Roa et al.),40x,50,50,3,train,50c12194bf3996b231f592374f023c3e
histo_01532,histopathology/images/histo_01532.png,1,invasive_ductal_carcinoma,Breast Histopathology Images (IDC Benchmark / Cruz-Roa et al.),40x,50,50,3,train,2ccd11606f25144c810c43f04b735edb
histo_01533,histopathology/images/histo_01533.png,0,non_idc_or_benign,Breast Histopathology Images (IDC Benchmark / Cruz-Roa et al.),40x,50,50,3,train,18a5d0392e9c80665ffd8eb1572b6015
histo_01534,histopathology/images/histo_01534.png,0,non_idc_or_benign,Breast Histopathology Images (IDC Benchmark / Cruz-Roa et al.),40x,50,50,3,train,d4656564f01faa4c1779f88c589c2ad6
histo_01535,histopathology/images/histo_01535.png,1,invasive_ductal_carcinoma,Breast Histopathology Images (IDC Benchmark / Cruz-Roa et al.),40x,50,50,3,train,6f445d280aaadbaa8b9fa0f3d73518e8
histo_01536,histopathology/images/histo_01536.png,0,non_idc_or_benign,Breast Histopathology Images (IDC Benchmark / Cruz-Roa et al.),40x,50,50,3,train,5e324e9ddead6014775ec51bb63c393e
histo_01537,histopathology/images/histo_01537.png,1,invasive_ductal_carcinoma,Breast Histopathology Images (IDC Benchmark / Cruz-Roa et al.),40x,50,50,3,train,5f43559d23be8bd151953d9612e0d4f5
histo_01538,histopathology/images/histo_01538.png,0,non_idc_or_benign,Breast Histopathology Images (IDC Benchmark / Cruz-Roa et al.),40x,50,50,3,train,c29c5f3465ff1c5f16b712fd7ddb26a7
histo_01539,histopathology/images/histo_01539.png,0,non_idc_or_benign,Breast Histopathology Images (IDC Benchmark / Cruz-Roa et al.),40x,50,50,3,val,d05baeb5feb79066ce9307e376cce31a
histo_01540,histopathology/images/histo_01540.png,0,non_idc_or_benign,Breast Histopathology Images (IDC Benchmark / Cruz-Roa et al.),40x,50,50,3,train,b4f7b5302f43d4c3f2c3e02b3889ad9b
histo_01541,histopathology/images/histo_01541.png,0,non_idc_or_benign,Breast Histopathology Images (IDC Benchmark / Cruz-Roa et al.),40x,50,50,3,train,4302fc366c1382dad021b767e9f66cbb
histo_01542,histopathology/images/histo_01542.png,0,non_idc_or_benign,Breast Histopathology Images (IDC Benchmark / Cruz-Roa et al.),40x,50,50,3,train,1f9a59341c553c5c087a1d9d118c80dd
histo_01543,histopathology/images/histo_01543.png,0,non_idc_or_benign,Breast Histopathology Images (IDC Benchmark / Cruz-Roa et al.),40x,50,50,3,train,6628c6b4e89467bcdb3c0d20543364bf
histo_01544,histopathology/images/histo_01544.png,1,invasive_ductal_carcinoma,Breast Histopathology Images (IDC Benchmark / Cruz-Roa et al.),40x,50,50,3,test,bdc77ea96da55a0643cf75a44446e2fd
histo_01545,histopathology/images/histo_01545.png,0,non_idc_or_benign,Breast Histopathology Images (IDC Benchmark / Cruz-Roa et al.),40x,50,50,3,train,4951136e79f9c1cd94ebd35e57a6bccd
histo_01546,histopathology/images/histo_01546.png,0,non_idc_or_benign,Breast Histopathology Images (IDC Benchmark / Cruz-Roa et al.),40x,50,50,3,train,83901be4de933e56c23ba92bd80f95a1
histo_01547,histopathology/images/histo_01547.png,0,non_idc_or_benign,Breast Histopathology Images (IDC Benchmark / Cruz-Roa et al.),40x,50,50,3,train,97adabf1ae2bc13d4b1d8ea357e403b2
histo_01548,histopathology/images/histo_01548.png,0,non_idc_or_benign,Breast Histopathology Images (IDC Benchmark / Cruz-Roa et al.),40x,50,50,3,train,751632ba504a5e1fc866dd0de9bf7446
histo_01549,histopathology/images/histo_01549.png,0,non_idc_or_benign,Breast Histopathology Images (IDC Benchmark / Cruz-Roa et al.),40x,50,50,3,test,e10beba25d190e95728c8737f9a8fa35
histo_01550,histopathology/images/histo_01550.png,0,non_idc_or_benign,Breast Histopathology Images (IDC Benchmark / Cruz-Roa et al.),40x,50,50,3,train,54c13d57e5bb2ea465b76ce4ba3ceb65
histo_01551,histopathology/images/histo_01551.png,0,non_idc_or_benign,Breast Histopathology Images (IDC Benchmark / Cruz-Roa et al.),40x,50,50,3,train,2930c03ca34c1a459417efe9af47cafd
histo_01552,histopathology/images/histo_01552.png,0,non_idc_or_benign,Breast Histopathology Images (IDC Benchmark / Cruz-Roa et al.),40x,50,50,3,train,0878579464739d0f52e9dd9f31095519
histo_01553,histopathology/images/histo_01553.png,0,non_idc_or_benign,Breast Histopathology Images (IDC Benchmark / Cruz-Roa et al.),40x,50,50,3,test,018982038806eb5f6ad22c36b5595653
histo_01554,histopathology/images/histo_01554.png,0,non_idc_or_benign,Breast Histopathology Images (IDC Benchmark / Cruz-Roa et al.),40x,50,50,3,val,a46d71a15e69768f46e7735e68133724
histo_01555,histopathology/images/histo_01555.png,0,non_idc_or_benign,Breast Histopathology Images (IDC Benchmark / Cruz-Roa et al.),40x,50,50,3,train,62c243fc7f8916245fd68f271713c057
histo_01556,histopathology/images/histo_01556.png,0,non_idc_or_benign,Breast Histopathology Images (IDC Benchmark / Cruz-Roa et al.),40x,50,50,3,train,afe17c3e2f53c9cdd42498305dbfba99
histo_01557,histopathology/images/histo_01557.png,0,non_idc_or_benign,Breast Histopathology Images (IDC Benchmark / Cruz-Roa et al.),40x,50,50,3,train,61b1df8d16e90cd053532318f49642d7
histo_01558,histopathology/images/histo_01558.png,0,non_idc_or_benign,Breast Histopathology Images (IDC Benchmark / Cruz-Roa et al.),40x,50,50,3,train,64df8dd47cc98cce43293176714a40ea
histo_01559,histopathology/images/histo_01559.png,0,non_idc_or_benign,Breast Histopathology Images (IDC Benchmark / Cruz-Roa et al.),40x,50,50,3,train,373a2c395ce59897beff6b2a7729b400
histo_01560,histopathology/images/histo_01560.png,0,non_idc_or_benign,Breast Histopathology Images (IDC Benchmark / Cruz-Roa et al.),40x,50,50,3,train,ec3ebfe23b03ed0b8239684a2e88ab3a
histo_01561,histopathology/images/histo_01561.png,0,non_idc_or_benign,Breast Histopathology Images (IDC Benchmark / Cruz-Roa et al.),40x,50,50,3,test,1af19e382577e4b844d082943e31c34b
histo_01562,histopathology/images/histo_01562.png,0,non_idc_or_benign,Breast Histopathology Images (IDC Benchmark / Cruz-Roa et al.),40x,50,50,3,test,f5acca35104ca3e9b63a6335321b30ad
histo_01563,histopathology/images/histo_01563.png,1,invasive_ductal_carcinoma,Breast Histopathology Images (IDC Benchmark / Cruz-Roa et al.),40x,50,50,3,train,ae6f2cf1e7ca51b33b9b1faeae685779
histo_01564,histopathology/images/histo_01564.png,0,non_idc_or_benign,Breast Histopathology Images (IDC Benchmark / Cruz-Roa et al.),40x,50,50,3,train,b9450428742e95e847bb8aa8886e6fcf
histo_01565,histopathology/images/histo_01565.png,1,invasive_ductal_carcinoma,Breast Histopathology Images (IDC Benchmark / Cruz-Roa et al.),40x,50,50,3,train,8e2e76bf5951c195f83d92fb562cd511
histo_01566,histopathology/images/histo_01566.png,0,non_idc_or_benign,Breast Histopathology Images (IDC Benchmark / Cruz-Roa et al.),40x,50,50,3,val,cd098e1763a2b033ecd28fef4283396f
histo_01567,histopathology/images/histo_01567.png,1,invasive_ductal_carcinoma,Breast Histopathology Images (IDC Benchmark / Cruz-Roa et al.),40x,50,50,3,train,bd58d61a3d8bd15319f9245ffba4d548
histo_01568,histopathology/images/histo_01568.png,0,non_idc_or_benign,Breast Histopathology Images (IDC Benchmark / Cruz-Roa et al.),40x,50,50,3,val,41a97c53b75b819b6b7b01940262376f
histo_01569,histopathology/images/histo_01569.png,0,non_idc_or_benign,Breast Histopathology Images (IDC Benchmark / Cruz-Roa et al.),40x,50,50,3,test,6591ffb36488e0869601787a63b820a2
histo_01570,histopathology/images/histo_01570.png,0,non_idc_or_benign,Breast Histopathology Images (IDC Benchmark / Cruz-Roa et al.),40x,50,50,3,train,3f0af57415649f82b22b0a150aa96e1d
histo_01571,histopathology/images/histo_01571.png,0,non_idc_or_benign,Breast Histopathology Images (IDC Benchmark / Cruz-Roa et al.),40x,50,50,3,train,01216ba42d2df5745ff675f82c96ea59
histo_01572,histopathology/images/histo_01572.png,0,non_idc_or_benign,Breast Histopathology Images (IDC Benchmark / Cruz-Roa et al.),40x,50,50,3,train,6f867c84295ef8f720374a02cd0932e8
histo_01573,histopathology/images/histo_01573.png,0,non_idc_or_benign,Breast Histopathology Images (IDC Benchmark / Cruz-Roa et al.),40x,50,50,3,val,9a6ef26715eac82d4338b83fdbaca767
histo_01574,histopathology/images/histo_01574.png,0,non_idc_or_benign,Breast Histopathology Images (IDC Benchmark / Cruz-Roa et al.),40x,50,50,3,train,46e53e38e85a31be619c1fa7e61a41b5
histo_01575,histopathology/images/histo_01575.png,0,non_idc_or_benign,Breast Histopathology Images (IDC Benchmark / Cruz-Roa et al.),40x,50,50,3,train,9d7a13d90f7ad2f61998388dcbb0c8af
histo_01576,histopathology/images/histo_01576.png,0,non_idc_or_benign,Breast Histopathology Images (IDC Benchmark / Cruz-Roa et al.),40x,50,50,3,train,e92f619847d6fcbb65676cc3e444692d
histo_01577,histopathology/images/histo_01577.png,0,non_idc_or_benign,Breast Histopathology Images (IDC Benchmark / Cruz-Roa et al.),40x,50,50,3,val,dda30c2555d3f8d5cd841210ae4ed3ea
histo_01578,histopathology/images/histo_01578.png,1,invasive_ductal_carcinoma,Breast Histopathology Images (IDC Benchmark / Cruz-Roa et al.),40x,50,50,3,test,35f97271038f9a116be6a444f0a7a571
histo_01579,histopathology/images/histo_01579.png,0,non_idc_or_benign,Breast Histopathology Images (IDC Benchmark / Cruz-Roa et al.),40x,50,50,3,train,9dad16d9e48e980ab07205ab86034b40
histo_01580,histopathology/images/histo_01580.png,0,non_idc_or_benign,Breast Histopathology Images (IDC Benchmark / Cruz-Roa et al.),40x,50,50,3,train,25c3e34d555af2844b7178d3199b78b9
histo_01581,histopathology/images/histo_01581.png,0,non_idc_or_benign,Breast Histopathology Images (IDC Benchmark / Cruz-Roa et al.),40x,50,50,3,val,2e91525cd74ebdad0b82b7ac19ea6724
histo_01582,histopathology/images/histo_01582.png,0,non_idc_or_benign,Breast Histopathology Images (IDC Benchmark / Cruz-Roa et al.),40x,50,50,3,train,ce956b127bdb144ed074ff8e8bb0b1e6
histo_01583,histopathology/images/histo_01583.png,1,invasive_ductal_carcinoma,Breast Histopathology Images (IDC Benchmark / Cruz-Roa et al.),40x,50,50,3,train,58919bd06e04cd8715785db4a707eab1
histo_01584,histopathology/images/histo_01584.png,0,non_idc_or_benign,Breast Histopathology Images (IDC Benchmark / Cruz-Roa et al.),40x,50,50,3,train,cf75eb70e46fd2f19b9621af98e20197
histo_01585,histopathology/images/histo_01585.png,1,invasive_ductal_carcinoma,Breast Histopathology Images (IDC Benchmark / Cruz-Roa et al.),40x,50,50,3,val,a8b2e63a60fb8bafce8b13756fcf1637
histo_01586,histopathology/images/histo_01586.png,0,non_idc_or_benign,Breast Histopathology Images (IDC Benchmark / Cruz-Roa et al.),40x,50,50,3,train,bf8c8e70304bd176f18ebdb66e4b2eff
histo_01587,histopathology/images/histo_01587.png,0,non_idc_or_benign,Breast Histopathology Images (IDC Benchmark / Cruz-Roa et al.),40x,50,50,3,train,2a5bb12b64fcead78a49a726338ecb6d
histo_01588,histopathology/images/histo_01588.png,0,non_idc_or_benign,Breast Histopathology Images (IDC Benchmark / Cruz-Roa et al.),40x,50,50,3,train,e9a2abcae50d5cc13acb21245e07381f
histo_01589,histopathology/images/histo_01589.png,0,non_idc_or_benign,Breast Histopathology Images (IDC Benchmark / Cruz-Roa et al.),40x,50,50,3,train,3dc8203b6b952ba9b11d5a06c35bb46f
histo_01590,histopathology/images/histo_01590.png,0,non_idc_or_benign,Breast Histopathology Images (IDC Benchmark / Cruz-Roa et al.),40x,50,50,3,train,2d6b920ac03e73ff7584e812043c4318
histo_01591,histopathology/images/histo_01591.png,0,non_idc_or_benign,Breast Histopathology Images (IDC Benchmark / Cruz-Roa et al.),40x,50,50,3,train,4460b7c4c5e1a17eccba9b39d16346df
histo_01592,histopathology/images/histo_01592.png,0,non_idc_or_benign,Breast Histopathology Images (IDC Benchmark / Cruz-Roa et al.),40x,50,50,3,train,f102c07b303ac4a4446bff9fd2671ec8
histo_01593,histopathology/images/histo_01593.png,0,non_idc_or_benign,Breast Histopathology Images (IDC Benchmark / Cruz-Roa et al.),40x,50,50,3,val,66a261183bf741ffd8f85f781fa3da71
histo_01594,histopathology/images/histo_01594.png,0,non_idc_or_benign,Breast Histopathology Images (IDC Benchmark / Cruz-Roa et al.),40x,50,50,3,train,d48459a1cd6f01eedc63b2583d02bf30
histo_01595,histopathology/images/histo_01595.png,0,non_idc_or_benign,Breast Histopathology Images (IDC Benchmark / Cruz-Roa et al.),40x,50,50,3,val,857d691c7ca24f3352708bf62d86e673
histo_01596,histopathology/images/histo_01596.png,1,invasive_ductal_carcinoma,Breast Histopathology Images (IDC Benchmark / Cruz-Roa et al.),40x,50,50,3,train,70b64f20b4b780143a6de9c62ded2a33
histo_01597,histopathology/images/histo_01597.png,0,non_idc_or_benign,Breast Histopathology Images (IDC Benchmark / Cruz-Roa et al.),40x,50,50,3,val,f628dd59ebcd57c3d4a007da2f00f922
histo_01598,histopathology/images/histo_01598.png,0,non_idc_or_benign,Breast Histopathology Images (IDC Benchmark / Cruz-Roa et al.),40x,50,50,3,train,08461daf1937f2867653a7687c1e3ff0
histo_01599,histopathology/images/histo_01599.png,1,invasive_ductal_carcinoma,Breast Histopathology Images (IDC Benchmark / Cruz-Roa et al.),40x,50,50,3,train,319080e64552c3c1d13308e47d613944
histo_01600,histopathology/images/histo_01600.png,1,invasive_ductal_carcinoma,Breast Histopathology Images (IDC Benchmark / Cruz-Roa et al.),40x,50,50,3,val,f42a3fec504824f5cca4c1aaa690e48b
histo_01601,histopathology/images/histo_01601.png,1,invasive_ductal_carcinoma,Breast Histopathology Images (IDC Benchmark / Cruz-Roa et al.),40x,50,50,3,val,9c7fbb041ddd40af2443dbbd32c02ca4
histo_01602,histopathology/images/histo_01602.png,1,invasive_ductal_carcinoma,Breast Histopathology Images (IDC Benchmark / Cruz-Roa et al.),40x,50,50,3,train,beb00169237152a1d977c51fb9a331a7
histo_01603,histopathology/images/histo_01603.png,0,non_idc_or_benign,Breast Histopathology Images (IDC Benchmark / Cruz-Roa et al.),40x,50,50,3,train,707bd794e8b8ae3f27c57e62c57a69aa
histo_01604,histopathology/images/histo_01604.png,0,non_idc_or_benign,Breast Histopathology Images (IDC Benchmark / Cruz-Roa et al.),40x,50,50,3,train,f9b35589170a4c19460ea9d98c999701
histo_01605,histopathology/images/histo_01605.png,0,non_idc_or_benign,Breast Histopathology Images (IDC Benchmark / Cruz-Roa et al.),40x,50,50,3,val,5f2746870d4ac3e64568040d43f18bf9
histo_01606,histopathology/images/histo_01606.png,1,invasive_ductal_carcinoma,Breast Histopathology Images (IDC Benchmark / Cruz-Roa et al.),40x,50,50,3,val,7c95af5b5dda18296e749bf5b35d9a8a
histo_01607,histopathology/images/histo_01607.png,0,non_idc_or_benign,Breast Histopathology Images (IDC Benchmark / Cruz-Roa et al.),40x,50,50,3,test,faf1ef24f38cac481b03f84bdaf232d1
histo_01608,histopathology/images/histo_01608.png,0,non_idc_or_benign,Breast Histopathology Images (IDC Benchmark / Cruz-Roa et al.),40x,50,50,3,val,5a3e13cfaaab295035c2c7662723ae9b
histo_01609,histopathology/images/histo_01609.png,0,non_idc_or_benign,Breast Histopathology Images (IDC Benchmark / Cruz-Roa et al.),40x,50,50,3,train,5f17afa7fe3a1c3626d053980de05752
histo_01610,histopathology/images/histo_01610.png,1,invasive_ductal_carcinoma,Breast Histopathology Images (IDC Benchmark / Cruz-Roa et al.),40x,50,50,3,train,bccd7e2dee1bba513aed9bb766ce40a5
histo_01611,histopathology/images/histo_01611.png,1,invasive_ductal_carcinoma,Breast Histopathology Images (IDC Benchmark / Cruz-Roa et al.),40x,50,50,3,train,7b25417839fbc988ccc4adc2da087c2c
histo_01612,histopathology/images/histo_01612.png,0,non_idc_or_benign,Breast Histopathology Images (IDC Benchmark / Cruz-Roa et al.),40x,50,50,3,val,39575234de9fd65d9244ef461798aaab
histo_01613,histopathology/images/histo_01613.png,0,non_idc_or_benign,Breast Histopathology Images (IDC Benchmark / Cruz-Roa et al.),40x,50,50,3,train,db5f6601a2dc4a839eaa7f8dbef593ca
histo_01614,histopathology/images/histo_01614.png,1,invasive_ductal_carcinoma,Breast Histopathology Images (IDC Benchmark / Cruz-Roa et al.),40x,50,50,3,train,84221af31fd907dcaa094c361c2dbb40
histo_01615,histopathology/images/histo_01615.png,0,non_idc_or_benign,Breast Histopathology Images (IDC Benchmark / Cruz-Roa et al.),40x,50,50,3,train,6330c9df415d6cb455eef3462f960383
histo_01616,histopathology/images/histo_01616.png,0,non_idc_or_benign,Breast Histopathology Images (IDC Benchmark / Cruz-Roa et al.),40x,50,50,3,train,c650c5c00c6734f5b2c514f9a457fde3
histo_01617,histopathology/images/histo_01617.png,1,invasive_ductal_carcinoma,Breast Histopathology Images (IDC Benchmark / Cruz-Roa et al.),40x,50,50,3,train,513ac8868797cdbdef57784bf9a93055
histo_01618,histopathology/images/histo_01618.png,0,non_idc_or_benign,Breast Histopathology Images (IDC Benchmark / Cruz-Roa et al.),40x,50,50,3,train,851de3f2a6bd9791286264e2998762be
histo_01619,histopathology/images/histo_01619.png,1,invasive_ductal_carcinoma,Breast Histopathology Images (IDC Benchmark / Cruz-Roa et al.),40x,50,50,3,test,d6962b9823f3f1286cf2a6db09d25e6c
histo_01620,histopathology/images/histo_01620.png,0,non_idc_or_benign,Breast Histopathology Images (IDC Benchmark / Cruz-Roa et al.),40x,50,50,3,val,cf1f2336f2df6c7a3b44023c571abc81
histo_01621,histopathology/images/histo_01621.png,0,non_idc_or_benign,Breast Histopathology Images (IDC Benchmark / Cruz-Roa et al.),40x,50,50,3,train,239b4a12df91bec531ef5c224976a34f
histo_01622,histopathology/images/histo_01622.png,0,non_idc_or_benign,Breast Histopathology Images (IDC Benchmark / Cruz-Roa et al.),40x,50,50,3,val,00ad13f9b44a2d7ad69599132c386e95
histo_01623,histopathology/images/histo_01623.png,1,invasive_ductal_carcinoma,Breast Histopathology Images (IDC Benchmark / Cruz-Roa et al.),40x,50,50,3,train,f00db2a566320c994a169b8a5317bbe1
histo_01624,histopathology/images/histo_01624.png,0,non_idc_or_benign,Breast Histopathology Images (IDC Benchmark / Cruz-Roa et al.),40x,50,50,3,test,41087648b9a7c0f9a3eb2392be5860ce
histo_01625,histopathology/images/histo_01625.png,0,non_idc_or_benign,Breast Histopathology Images (IDC Benchmark / Cruz-Roa et al.),40x,50,50,3,train,1d254e59c59a15327b9d86d65c0d914b
histo_01626,histopathology/images/histo_01626.png,0,non_idc_or_benign,Breast Histopathology Images (IDC Benchmark / Cruz-Roa et al.),40x,50,50,3,test,5426c23668e08b7d9b5bcb923b00893a
histo_01627,histopathology/images/histo_01627.png,0,non_idc_or_benign,Breast Histopathology Images (IDC Benchmark / Cruz-Roa et al.),40x,50,50,3,train,c348705045b0ab81a6ba748f94dc91c9
histo_01628,histopathology/images/histo_01628.png,1,invasive_ductal_carcinoma,Breast Histopathology Images (IDC Benchmark / Cruz-Roa et al.),40x,50,50,3,val,4593381c1271cd19d8da9d2035018019
histo_01629,histopathology/images/histo_01629.png,1,invasive_ductal_carcinoma,Breast Histopathology Images (IDC Benchmark / Cruz-Roa et al.),40x,50,50,3,train,50c7747d5c4f182b7f6543b06702c918
histo_01630,histopathology/images/histo_01630.png,0,non_idc_or_benign,Breast Histopathology Images (IDC Benchmark / Cruz-Roa et al.),40x,50,50,3,train,12f64790d56ad2d2861c3a9f3c839300
histo_01631,histopathology/images/histo_01631.png,1,invasive_ductal_carcinoma,Breast Histopathology Images (IDC Benchmark / Cruz-Roa et al.),40x,50,50,3,train,1863dc7f9c16dd240d4542098d9f5901
histo_01632,histopathology/images/histo_01632.png,0,non_idc_or_benign,Breast Histopathology Images (IDC Benchmark / Cruz-Roa et al.),40x,50,50,3,test,8762e03f9348d4381337d6fc55b2d21f
histo_01633,histopathology/images/histo_01633.png,0,non_idc_or_benign,Breast Histopathology Images (IDC Benchmark / Cruz-Roa et al.),40x,50,50,3,train,4e2c6c0b166b3a8a5d8701043c7dd6fb
histo_01634,histopathology/images/histo_01634.png,1,invasive_ductal_carcinoma,Breast Histopathology Images (IDC Benchmark / Cruz-Roa et al.),40x,50,50,3,train,0bf00936f8484d0059c62de26921aaa1
histo_01635,histopathology/images/histo_01635.png,1,invasive_ductal_carcinoma,Breast Histopathology Images (IDC Benchmark / Cruz-Roa et al.),40x,50,50,3,test,b301eb0774d7b35b8f36d378edb619bb
histo_01636,histopathology/images/histo_01636.png,0,non_idc_or_benign,Breast Histopathology Images (IDC Benchmark / Cruz-Roa et al.),40x,50,50,3,train,31bd582c5b665d09557b1289cc7ec402
histo_01637,histopathology/images/histo_01637.png,0,non_idc_or_benign,Breast Histopathology Images (IDC Benchmark / Cruz-Roa et al.),40x,50,50,3,train,cd83f212c7420228b41e43038837b384
histo_01638,histopathology/images/histo_01638.png,0,non_idc_or_benign,Breast Histopathology Images (IDC Benchmark / Cruz-Roa et al.),40x,50,50,3,train,99f066b7aae97310eaf229a4e84c024b
histo_01639,histopathology/images/histo_01639.png,1,invasive_ductal_carcinoma,Breast Histopathology Images (IDC Benchmark / Cruz-Roa et al.),40x,50,50,3,train,26f16bab16f9db75b55727c109ae4e1c
histo_01640,histopathology/images/histo_01640.png,1,invasive_ductal_carcinoma,Breast Histopathology Images (IDC Benchmark / Cruz-Roa et al.),40x,50,50,3,train,870b263254a25776970fc6334dd43c63
histo_01641,histopathology/images/histo_01641.png,0,non_idc_or_benign,Breast Histopathology Images (IDC Benchmark / Cruz-Roa et al.),40x,50,50,3,train,fd6875be640d59db2320a4eeba683a8e
histo_01642,histopathology/images/histo_01642.png,1,invasive_ductal_carcinoma,Breast Histopathology Images (IDC Benchmark / Cruz-Roa et al.),40x,50,50,3,train,76f2f340e473d3882a7e64a3b5c17d98
histo_01643,histopathology/images/histo_01643.png,0,non_idc_or_benign,Breast Histopathology Images (IDC Benchmark / Cruz-Roa et al.),40x,50,50,3,test,da78898d04d6d4c16d6e73fc4f245d5f
histo_01644,histopathology/images/histo_01644.png,0,non_idc_or_benign,Breast Histopathology Images (IDC Benchmark / Cruz-Roa et al.),40x,50,50,3,test,0bebad0f23d9c36d1c56d78748531997
histo_01645,histopathology/images/histo_01645.png,1,invasive_ductal_carcinoma,Breast Histopathology Images (IDC Benchmark / Cruz-Roa et al.),40x,50,50,3,val,2e564af2e992dd86bab3cd05c2db80de
histo_01646,histopathology/images/histo_01646.png,1,invasive_ductal_carcinoma,Breast Histopathology Images (IDC Benchmark / Cruz-Roa et al.),40x,50,50,3,train,a2e3f8b197755243e0a01f30664baca6
histo_01647,histopathology/images/histo_01647.png,0,non_idc_or_benign,Breast Histopathology Images (IDC Benchmark / Cruz-Roa et al.),40x,50,50,3,train,5a1843ba7cb0003417a09398f4a788f1
histo_01648,histopathology/images/histo_01648.png,0,non_idc_or_benign,Breast Histopathology Images (IDC Benchmark / Cruz-Roa et al.),40x,50,50,3,test,b3eb7d4f3fd0841a19114bdbff15b354
histo_01649,histopathology/images/histo_01649.png,0,non_idc_or_benign,Breast Histopathology Images (IDC Benchmark / Cruz-Roa et al.),40x,50,50,3,test,f2c70ccea9bd6034271b0d54908cce0c
histo_01650,histopathology/images/histo_01650.png,0,non_idc_or_benign,Breast Histopathology Images (IDC Benchmark / Cruz-Roa et al.),40x,50,50,3,train,d3232e864ba58851d47fbf54ec517073
histo_01651,histopathology/images/histo_01651.png,0,non_idc_or_benign,Breast Histopathology Images (IDC Benchmark / Cruz-Roa et al.),40x,50,50,3,val,008450fbcb241152bafc320db742722c
histo_01652,histopathology/images/histo_01652.png,0,non_idc_or_benign,Breast Histopathology Images (IDC Benchmark / Cruz-Roa et al.),40x,50,50,3,test,b59e07b4cb330eaa8eaefa79c48c43b6
histo_01653,histopathology/images/histo_01653.png,1,invasive_ductal_carcinoma,Breast Histopathology Images (IDC Benchmark / Cruz-Roa et al.),40x,50,50,3,test,ece6826159a936b9484543dca8e40041
histo_01654,histopathology/images/histo_01654.png,1,invasive_ductal_carcinoma,Breast Histopathology Images (IDC Benchmark / Cruz-Roa et al.),40x,50,50,3,train,e7378750b296252c548022751f35346e
histo_01655,histopathology/images/histo_01655.png,0,non_idc_or_benign,Breast Histopathology Images (IDC Benchmark / Cruz-Roa et al.),40x,50,50,3,train,a598686f0ac2be2415cc9f615ad49c15
histo_01656,histopathology/images/histo_01656.png,0,non_idc_or_benign,Breast Histopathology Images (IDC Benchmark / Cruz-Roa et al.),40x,50,50,3,train,2ee4cb42dc5df45e0cb6dd30970e81cc
histo_01657,histopathology/images/histo_01657.png,1,invasive_ductal_carcinoma,Breast Histopathology Images (IDC Benchmark / Cruz-Roa et al.),40x,50,50,3,val,1adcc75715985060889242418bc04c3f
histo_01658,histopathology/images/histo_01658.png,1,invasive_ductal_carcinoma,Breast Histopathology Images (IDC Benchmark / Cruz-Roa et al.),40x,50,50,3,train,c5ddbc05d429ff6e080244e6d244ad08
histo_01659,histopathology/images/histo_01659.png,0,non_idc_or_benign,Breast Histopathology Images (IDC Benchmark / Cruz-Roa et al.),40x,50,50,3,train,96f2243fa7e22bc10d606d251e3dd074
histo_01660,histopathology/images/histo_01660.png,0,non_idc_or_benign,Breast Histopathology Images (IDC Benchmark / Cruz-Roa et al.),40x,50,50,3,train,165ff104a78b493021940461ecadf7af
histo_01661,histopathology/images/histo_01661.png,0,non_idc_or_benign,Breast Histopathology Images (IDC Benchmark / Cruz-Roa et al.),40x,50,50,3,val,d5c5d65eacd5018f61771e7ba2f3a01b
histo_01662,histopathology/images/histo_01662.png,1,invasive_ductal_carcinoma,Breast Histopathology Images (IDC Benchmark / Cruz-Roa et al.),40x,50,50,3,train,4a8050f6fa7fe1935e3e2f6221a22224
histo_01663,histopathology/images/histo_01663.png,1,invasive_ductal_carcinoma,Breast Histopathology Images (IDC Benchmark / Cruz-Roa et al.),40x,50,50,3,val,e5667db32734f36f0fb894652cff42d0
histo_01664,histopathology/images/histo_01664.png,0,non_idc_or_benign,Breast Histopathology Images (IDC Benchmark / Cruz-Roa et al.),40x,50,50,3,val,8d86b764a817ade6af20fd9771831422
histo_01665,histopathology/images/histo_01665.png,0,non_idc_or_benign,Breast Histopathology Images (IDC Benchmark / Cruz-Roa et al.),40x,50,50,3,train,1499844ce524d645f932f9e024b219e1
histo_01666,histopathology/images/histo_01666.png,0,non_idc_or_benign,Breast Histopathology Images (IDC Benchmark / Cruz-Roa et al.),40x,50,50,3,train,32f1e30dcadc8018fcc04ecd65b39096
histo_01667,histopathology/images/histo_01667.png,0,non_idc_or_benign,Breast Histopathology Images (IDC Benchmark / Cruz-Roa et al.),40x,50,50,3,test,5480ab1cbcfe572c8ffcce674109e954
histo_01668,histopathology/images/histo_01668.png,1,invasive_ductal_carcinoma,Breast Histopathology Images (IDC Benchmark / Cruz-Roa et al.),40x,50,50,3,train,438bba0d9b8a4b25669cae8033c42c6c
histo_01669,histopathology/images/histo_01669.png,0,non_idc_or_benign,Breast Histopathology Images (IDC Benchmark / Cruz-Roa et al.),40x,50,50,3,train,0ed83f938aedcb42aa84873014c959ad
histo_01670,histopathology/images/histo_01670.png,0,non_idc_or_benign,Breast Histopathology Images (IDC Benchmark / Cruz-Roa et al.),40x,50,50,3,train,02cb67e550e89b89b90b22d690d16d18
histo_01671,histopathology/images/histo_01671.png,0,non_idc_or_benign,Breast Histopathology Images (IDC Benchmark / Cruz-Roa et al.),40x,50,50,3,train,6d618091dc90ff7371246a5daaa10e01
histo_01672,histopathology/images/histo_01672.png,0,non_idc_or_benign,Breast Histopathology Images (IDC Benchmark / Cruz-Roa et al.),40x,50,50,3,train,4ca8b4634454327e0930010f391230e3
histo_01673,histopathology/images/histo_01673.png,0,non_idc_or_benign,Breast Histopathology Images (IDC Benchmark / Cruz-Roa et al.),40x,50,50,3,train,780ffb319f842ec82859216bf4a471dc
histo_01674,histopathology/images/histo_01674.png,0,non_idc_or_benign,Breast Histopathology Images (IDC Benchmark / Cruz-Roa et al.),40x,50,50,3,train,e3e860048d12827185e35efe57a23a0e
histo_01675,histopathology/images/histo_01675.png,0,non_idc_or_benign,Breast Histopathology Images (IDC Benchmark / Cruz-Roa et al.),40x,50,50,3,train,f8abd741661d888fbd59fae157bbf8c3
histo_01676,histopathology/images/histo_01676.png,0,non_idc_or_benign,Breast Histopathology Images (IDC Benchmark / Cruz-Roa et al.),40x,50,50,3,train,0b855d6a3ec38a4d894d7f8a3d2930df
histo_01677,histopathology/images/histo_01677.png,0,non_idc_or_benign,Breast Histopathology Images (IDC Benchmark / Cruz-Roa et al.),40x,50,50,3,train,8542854ba51765ef8f57a4760a6acda4
histo_01678,histopathology/images/histo_01678.png,0,non_idc_or_benign,Breast Histopathology Images (IDC Benchmark / Cruz-Roa et al.),40x,50,50,3,val,dbbdd1dd0e7ad2ef5b6ed84282f1097e
histo_01679,histopathology/images/histo_01679.png,0,non_idc_or_benign,Breast Histopathology Images (IDC Benchmark / Cruz-Roa et al.),40x,50,50,3,train,9acdd8721c93c094f7609fc17327a2b1
histo_01680,histopathology/images/histo_01680.png,0,non_idc_or_benign,Breast Histopathology Images (IDC Benchmark / Cruz-Roa et al.),40x,50,50,3,train,8433f0fc562aa5fdc48b2d47dbb816f3
histo_01681,histopathology/images/histo_01681.png,1,invasive_ductal_carcinoma,Breast Histopathology Images (IDC Benchmark / Cruz-Roa et al.),40x,50,50,3,train,4a098c380e3396eddff23716c315fc20
histo_01682,histopathology/images/histo_01682.png,0,non_idc_or_benign,Breast Histopathology Images (IDC Benchmark / Cruz-Roa et al.),40x,50,50,3,train,e66944cee61fdfc7b2dd2eeab315ff1a
histo_01683,histopathology/images/histo_01683.png,0,non_idc_or_benign,Breast Histopathology Images (IDC Benchmark / Cruz-Roa et al.),40x,50,50,3,train,c0d8d0bac8f7e0e520882de7c5430fc6
histo_01684,histopathology/images/histo_01684.png,0,non_idc_or_benign,Breast Histopathology Images (IDC Benchmark / Cruz-Roa et al.),40x,50,50,3,train,d43845eb64d621b27039bdc58ad49e2f
histo_01685,histopathology/images/histo_01685.png,1,invasive_ductal_carcinoma,Breast Histopathology Images (IDC Benchmark / Cruz-Roa et al.),40x,50,50,3,train,c5bfa7dd166ad49187b788c5d5e3d34e
histo_01686,histopathology/images/histo_01686.png,0,non_idc_or_benign,Breast Histopathology Images (IDC Benchmark / Cruz-Roa et al.),40x,50,50,3,train,60b6cf84ebf4885fdf6fa93e85477118
histo_01687,histopathology/images/histo_01687.png,0,non_idc_or_benign,Breast Histopathology Images (IDC Benchmark / Cruz-Roa et al.),40x,50,50,3,test,d01afce0034a7fb5f2708129a1db42a4
histo_01688,histopathology/images/histo_01688.png,0,non_idc_or_benign,Breast Histopathology Images (IDC Benchmark / Cruz-Roa et al.),40x,50,50,3,train,ad435355230b1178f49d6898763fa635
histo_01689,histopathology/images/histo_01689.png,0,non_idc_or_benign,Breast Histopathology Images (IDC Benchmark / Cruz-Roa et al.),40x,50,50,3,train,2053d2de7e86bf57abd527fcd765139d
histo_01690,histopathology/images/histo_01690.png,0,non_idc_or_benign,Breast Histopathology Images (IDC Benchmark / Cruz-Roa et al.),40x,50,50,3,train,8caf3ec8492fcc720de012facfd02ac1
histo_01691,histopathology/images/histo_01691.png,0,non_idc_or_benign,Breast Histopathology Images (IDC Benchmark / Cruz-Roa et al.),40x,50,50,3,train,b5781b19d551241ed812f19f071f0c65
histo_01692,histopathology/images/histo_01692.png,0,non_idc_or_benign,Breast Histopathology Images (IDC Benchmark / Cruz-Roa et al.),40x,50,50,3,train,e2190bcb8cebe6fae51f40b60fa565ce
histo_01693,histopathology/images/histo_01693.png,0,non_idc_or_benign,Breast Histopathology Images (IDC Benchmark / Cruz-Roa et al.),40x,50,50,3,train,787bc995555f07cbd638e87bbc2b873b
histo_01694,histopathology/images/histo_01694.png,0,non_idc_or_benign,Breast Histopathology Images (IDC Benchmark / Cruz-Roa et al.),40x,50,50,3,test,c984eba77151b5594215f909454e749e
histo_01695,histopathology/images/histo_01695.png,0,non_idc_or_benign,Breast Histopathology Images (IDC Benchmark / Cruz-Roa et al.),40x,50,50,3,val,eb092b591664d93e36be4c1a942a91d4
histo_01696,histopathology/images/histo_01696.png,0,non_idc_or_benign,Breast Histopathology Images (IDC Benchmark / Cruz-Roa et al.),40x,50,50,3,train,878e1a1f4a62ce4086f4601509ab2dcb
histo_01697,histopathology/images/histo_01697.png,0,non_idc_or_benign,Breast Histopathology Images (IDC Benchmark / Cruz-Roa et al.),40x,50,50,3,train,d561c7ba5ad1eda46f2a9af39a6222b6
histo_01698,histopathology/images/histo_01698.png,0,non_idc_or_benign,Breast Histopathology Images (IDC Benchmark / Cruz-Roa et al.),40x,50,50,3,test,9aacaac0793846510aa55575f678cbe7
histo_01699,histopathology/images/histo_01699.png,1,invasive_ductal_carcinoma,Breast Histopathology Images (IDC Benchmark / Cruz-Roa et al.),40x,50,50,3,train,34b126bed06c7d2aaf18fa96e6205ec2
histo_01700,histopathology/images/histo_01700.png,0,non_idc_or_benign,Breast Histopathology Images (IDC Benchmark / Cruz-Roa et al.),40x,50,50,3,test,d0050ddc0530adff817543b4ab278925
histo_01701,histopathology/images/histo_01701.png,0,non_idc_or_benign,Breast Histopathology Images (IDC Benchmark / Cruz-Roa et al.),40x,50,50,3,train,61ae7af2b319264d4a700dbd48a0e023
histo_01702,histopathology/images/histo_01702.png,0,non_idc_or_benign,Breast Histopathology Images (IDC Benchmark / Cruz-Roa et al.),40x,50,50,3,train,f5532adcbc9a358efda9c9490c41bdb7
histo_01703,histopathology/images/histo_01703.png,0,non_idc_or_benign,Breast Histopathology Images (IDC Benchmark / Cruz-Roa et al.),40x,50,50,3,train,a2b49e7c8865c19fff783298a5217dbe
histo_01704,histopathology/images/histo_01704.png,0,non_idc_or_benign,Breast Histopathology Images (IDC Benchmark / Cruz-Roa et al.),40x,50,50,3,train,2333009a8bf9d5a5131564115cdc3583
histo_01705,histopathology/images/histo_01705.png,0,non_idc_or_benign,Breast Histopathology Images (IDC Benchmark / Cruz-Roa et al.),40x,50,50,3,val,be3e081147da6c306034197962a2e402
histo_01706,histopathology/images/histo_01706.png,0,non_idc_or_benign,Breast Histopathology Images (IDC Benchmark / Cruz-Roa et al.),40x,50,50,3,test,5549cae885eb642acc91348a72f5a31c
histo_01707,histopathology/images/histo_01707.png,1,invasive_ductal_carcinoma,Breast Histopathology Images (IDC Benchmark / Cruz-Roa et al.),40x,50,50,3,train,32c3ea43d6552d7daa402656e26b9690
histo_01708,histopathology/images/histo_01708.png,0,non_idc_or_benign,Breast Histopathology Images (IDC Benchmark / Cruz-Roa et al.),40x,50,50,3,train,516b87f2af1537ba252e242a00a82d9a
histo_01709,histopathology/images/histo_01709.png,0,non_idc_or_benign,Breast Histopathology Images (IDC Benchmark / Cruz-Roa et al.),40x,50,50,3,test,5a0a9247744bbb49093f20fb4960fe0c
histo_01710,histopathology/images/histo_01710.png,0,non_idc_or_benign,Breast Histopathology Images (IDC Benchmark / Cruz-Roa et al.),40x,50,50,3,train,02e1639875086c268ee32a808180a5ab
histo_01711,histopathology/images/histo_01711.png,1,invasive_ductal_carcinoma,Breast Histopathology Images (IDC Benchmark / Cruz-Roa et al.),40x,50,50,3,train,497d4f16bc53240fd79351192c5af1bc
histo_01712,histopathology/images/histo_01712.png,0,non_idc_or_benign,Breast Histopathology Images (IDC Benchmark / Cruz-Roa et al.),40x,50,50,3,val,47e0ab080479adb5cc2067cac62dcff4
histo_01713,histopathology/images/histo_01713.png,1,invasive_ductal_carcinoma,Breast Histopathology Images (IDC Benchmark / Cruz-Roa et al.),40x,50,50,3,train,35dee8bd15c0c198ca33b31582ac2b37
histo_01714,histopathology/images/histo_01714.png,0,non_idc_or_benign,Breast Histopathology Images (IDC Benchmark / Cruz-Roa et al.),40x,50,50,3,train,0d115fc1780a352cd57887b1d94edcbe
histo_01715,histopathology/images/histo_01715.png,0,non_idc_or_benign,Breast Histopathology Images (IDC Benchmark / Cruz-Roa et al.),40x,50,50,3,val,af325e3d6b3ca156929dc43d742d76a4
histo_01716,histopathology/images/histo_01716.png,0,non_idc_or_benign,Breast Histopathology Images (IDC Benchmark / Cruz-Roa et al.),40x,50,50,3,train,47ac0c15e7e1bfbae1da33c501480a15
histo_01717,histopathology/images/histo_01717.png,0,non_idc_or_benign,Breast Histopathology Images (IDC Benchmark / Cruz-Roa et al.),40x,50,50,3,val,fb33729d118fc67af6fb6ddf28a20e91
histo_01718,histopathology/images/histo_01718.png,0,non_idc_or_benign,Breast Histopathology Images (IDC Benchmark / Cruz-Roa et al.),40x,50,50,3,train,95653e34145c418e2a526235362675e9
histo_01719,histopathology/images/histo_01719.png,0,non_idc_or_benign,Breast Histopathology Images (IDC Benchmark / Cruz-Roa et al.),40x,50,50,3,train,a45f25757ed9ef08fbcfef770f075bb0
histo_01720,histopathology/images/histo_01720.png,1,invasive_ductal_carcinoma,Breast Histopathology Images (IDC Benchmark / Cruz-Roa et al.),40x,50,50,3,train,6ceef900671d446aae820cf5fe0964b2
histo_01721,histopathology/images/histo_01721.png,0,non_idc_or_benign,Breast Histopathology Images (IDC Benchmark / Cruz-Roa et al.),40x,50,50,3,test,835f1976e4f18aafe26337be1f5ab674
histo_01722,histopathology/images/histo_01722.png,0,non_idc_or_benign,Breast Histopathology Images (IDC Benchmark / Cruz-Roa et al.),40x,50,50,3,train,c2675449abc9c546643d23593a5c45ef
histo_01723,histopathology/images/histo_01723.png,1,invasive_ductal_carcinoma,Breast Histopathology Images (IDC Benchmark / Cruz-Roa et al.),40x,50,50,3,train,2bb358202e3421a25e9f4e429cbb74e2
histo_01724,histopathology/images/histo_01724.png,1,invasive_ductal_carcinoma,Breast Histopathology Images (IDC Benchmark / Cruz-Roa et al.),40x,50,50,3,train,cd97ce1246232a9d6b595f97bfa4c698
histo_01725,histopathology/images/histo_01725.png,0,non_idc_or_benign,Breast Histopathology Images (IDC Benchmark / Cruz-Roa et al.),40x,50,50,3,train,f03f6eb731b3adbeed2f6b55f7d715e6
histo_01726,histopathology/images/histo_01726.png,1,invasive_ductal_carcinoma,Breast Histopathology Images (IDC Benchmark / Cruz-Roa et al.),40x,50,50,3,train,511449f0e742c1829ae741bb5f609958
histo_01727,histopathology/images/histo_01727.png,1,invasive_ductal_carcinoma,Breast Histopathology Images (IDC Benchmark / Cruz-Roa et al.),40x,50,50,3,train,1ef9071f5efe6c1c6dad0e75947af116
histo_01728,histopathology/images/histo_01728.png,1,invasive_ductal_carcinoma,Breast Histopathology Images (IDC Benchmark / Cruz-Roa et al.),40x,50,50,3,train,9bcbaab0260d59b4a0005e73262b38d5
histo_01729,histopathology/images/histo_01729.png,0,non_idc_or_benign,Breast Histopathology Images (IDC Benchmark / Cruz-Roa et al.),40x,50,50,3,val,e7f6e93409047389f4d03113c2faa489
histo_01730,histopathology/images/histo_01730.png,0,non_idc_or_benign,Breast Histopathology Images (IDC Benchmark / Cruz-Roa et al.),40x,50,50,3,train,6307c7c76c7d71500aeb8f68e6e9bccb
histo_01731,histopathology/images/histo_01731.png,0,non_idc_or_benign,Breast Histopathology Images (IDC Benchmark / Cruz-Roa et al.),40x,50,50,3,train,495c22b3aba46d2f1d260c2a87584ef3
histo_01732,histopathology/images/histo_01732.png,0,non_idc_or_benign,Breast Histopathology Images (IDC Benchmark / Cruz-Roa et al.),40x,50,50,3,test,d4fb8c457f297693196655a15e8ad82e
histo_01733,histopathology/images/histo_01733.png,0,non_idc_or_benign,Breast Histopathology Images (IDC Benchmark / Cruz-Roa et al.),40x,50,50,3,train,d0c3dcb7618669304753653591ae3b7b
histo_01734,histopathology/images/histo_01734.png,0,non_idc_or_benign,Breast Histopathology Images (IDC Benchmark / Cruz-Roa et al.),40x,50,50,3,train,e28c9f9611f94ed5fe105d6430f4a4d9
histo_01735,histopathology/images/histo_01735.png,0,non_idc_or_benign,Breast Histopathology Images (IDC Benchmark / Cruz-Roa et al.),40x,50,50,3,train,1742689fc63da09529825e32482f4fd0
histo_01736,histopathology/images/histo_01736.png,0,non_idc_or_benign,Breast Histopathology Images (IDC Benchmark / Cruz-Roa et al.),40x,50,50,3,train,bbee6dd4b164a40698f798f9a4768f56
histo_01737,histopathology/images/histo_01737.png,0,non_idc_or_benign,Breast Histopathology Images (IDC Benchmark / Cruz-Roa et al.),40x,50,50,3,train,2ebd6e1f32bbec8d6e4e132610e220b0
histo_01738,histopathology/images/histo_01738.png,1,invasive_ductal_carcinoma,Breast Histopathology Images (IDC Benchmark / Cruz-Roa et al.),40x,50,50,3,train,9145e32e3c64171ff84ef5efce8dd00f
histo_01739,histopathology/images/histo_01739.png,0,non_idc_or_benign,Breast Histopathology Images (IDC Benchmark / Cruz-Roa et al.),40x,50,50,3,train,762cb969cc39daf888a33683a3113bf6
histo_01740,histopathology/images/histo_01740.png,0,non_idc_or_benign,Breast Histopathology Images (IDC Benchmark / Cruz-Roa et al.),40x,50,50,3,train,f6d15cb7461934a33084a777701c0578
histo_01741,histopathology/images/histo_01741.png,0,non_idc_or_benign,Breast Histopathology Images (IDC Benchmark / Cruz-Roa et al.),40x,50,50,3,train,b91c9e66e5a1ea39f74518c1d7eb52c4
histo_01742,histopathology/images/histo_01742.png,0,non_idc_or_benign,Breast Histopathology Images (IDC Benchmark / Cruz-Roa et al.),40x,50,50,3,test,2983329ab932bd02320c8e2811af48ae
histo_01743,histopathology/images/histo_01743.png,0,non_idc_or_benign,Breast Histopathology Images (IDC Benchmark / Cruz-Roa et al.),40x,50,50,3,val,7626631ba6c8bcabf1fddaf09749754a
histo_01744,histopathology/images/histo_01744.png,0,non_idc_or_benign,Breast Histopathology Images (IDC Benchmark / Cruz-Roa et al.),40x,50,50,3,test,de82321c551cc7ef4055f0b1149d10aa
histo_01745,histopathology/images/histo_01745.png,0,non_idc_or_benign,Breast Histopathology Images (IDC Benchmark / Cruz-Roa et al.),40x,50,50,3,val,e311937b00406b4e9d0bf117c487bb05
histo_01746,histopathology/images/histo_01746.png,1,invasive_ductal_carcinoma,Breast Histopathology Images (IDC Benchmark / Cruz-Roa et al.),40x,50,50,3,train,bff2f7a354736b0e1f4c851a8ca621d2
histo_01747,histopathology/images/histo_01747.png,0,non_idc_or_benign,Breast Histopathology Images (IDC Benchmark / Cruz-Roa et al.),40x,50,50,3,train,52e481b29105a7a60ea95ea22af1a950
histo_01748,histopathology/images/histo_01748.png,0,non_idc_or_benign,Breast Histopathology Images (IDC Benchmark / Cruz-Roa et al.),40x,50,50,3,train,ff8663c064df58931c46b30eca83b04e
histo_01749,histopathology/images/histo_01749.png,0,non_idc_or_benign,Breast Histopathology Images (IDC Benchmark / Cruz-Roa et al.),40x,50,50,3,train,8b3821529388c3d0a5624e8430ddc2f3
histo_01750,histopathology/images/histo_01750.png,0,non_idc_or_benign,Breast Histopathology Images (IDC Benchmark / Cruz-Roa et al.),40x,50,50,3,train,276e5aac692179991d54124fbaf4918e
histo_01751,histopathology/images/histo_01751.png,0,non_idc_or_benign,Breast Histopathology Images (IDC Benchmark / Cruz-Roa et al.),40x,50,50,3,train,ebf10085cf657ed2ff6eb34bfc9083b7
histo_01752,histopathology/images/histo_01752.png,0,non_idc_or_benign,Breast Histopathology Images (IDC Benchmark / Cruz-Roa et al.),40x,50,50,3,train,a65c5462bca5393e86b975df3d30df0e
histo_01753,histopathology/images/histo_01753.png,1,invasive_ductal_carcinoma,Breast Histopathology Images (IDC Benchmark / Cruz-Roa et al.),40x,50,50,3,train,c64fcabb357bb287c19fc428fe7d0705
histo_01754,histopathology/images/histo_01754.png,0,non_idc_or_benign,Breast Histopathology Images (IDC Benchmark / Cruz-Roa et al.),40x,50,50,3,test,45f9908605743aceb5f17068b8970811
histo_01755,histopathology/images/histo_01755.png,0,non_idc_or_benign,Breast Histopathology Images (IDC Benchmark / Cruz-Roa et al.),40x,50,50,3,train,ff450ff865a79c1e16dac8989db86865
histo_01756,histopathology/images/histo_01756.png,0,non_idc_or_benign,Breast Histopathology Images (IDC Benchmark / Cruz-Roa et al.),40x,50,50,3,train,7cfe11ddde2c631ae18ea7af51cdd451
histo_01757,histopathology/images/histo_01757.png,0,non_idc_or_benign,Breast Histopathology Images (IDC Benchmark / Cruz-Roa et al.),40x,50,50,3,train,23047324d29c4b6ab134702c6c80794a
histo_01758,histopathology/images/histo_01758.png,0,non_idc_or_benign,Breast Histopathology Images (IDC Benchmark / Cruz-Roa et al.),40x,50,50,3,val,f84da8b197f3d24ec7697e3ee61c9b7f
histo_01759,histopathology/images/histo_01759.png,0,non_idc_or_benign,Breast Histopathology Images (IDC Benchmark / Cruz-Roa et al.),40x,50,50,3,train,8074e88c5495feab97ccaace72c7f07b
histo_01760,histopathology/images/histo_01760.png,0,non_idc_or_benign,Breast Histopathology Images (IDC Benchmark / Cruz-Roa et al.),40x,50,50,3,test,d44c07425bb2058135db4f8039537c64
histo_01761,histopathology/images/histo_01761.png,0,non_idc_or_benign,Breast Histopathology Images (IDC Benchmark / Cruz-Roa et al.),40x,50,50,3,train,dc552f686695876dcba084172e4868bb
histo_01762,histopathology/images/histo_01762.png,0,non_idc_or_benign,Breast Histopathology Images (IDC Benchmark / Cruz-Roa et al.),40x,50,50,3,train,7eb8ca4e42c7a3816f9ef83c2536f8e5
histo_01763,histopathology/images/histo_01763.png,1,invasive_ductal_carcinoma,Breast Histopathology Images (IDC Benchmark / Cruz-Roa et al.),40x,50,50,3,train,20ac9934bdc004e1aebf4a045a8cd98c
histo_01764,histopathology/images/histo_01764.png,0,non_idc_or_benign,Breast Histopathology Images (IDC Benchmark / Cruz-Roa et al.),40x,50,50,3,train,269507d726fc7f11988924a16907d331
histo_01765,histopathology/images/histo_01765.png,0,non_idc_or_benign,Breast Histopathology Images (IDC Benchmark / Cruz-Roa et al.),40x,50,50,3,val,0b3e303bda4ab11b5298d58696313898
histo_01766,histopathology/images/histo_01766.png,0,non_idc_or_benign,Breast Histopathology Images (IDC Benchmark / Cruz-Roa et al.),40x,50,50,3,train,15658147a2cd67c68e17da8d56b67c0d
histo_01767,histopathology/images/histo_01767.png,1,invasive_ductal_carcinoma,Breast Histopathology Images (IDC Benchmark / Cruz-Roa et al.),40x,50,50,3,train,6ce931b6a7724492720111d5e416516f
histo_01768,histopathology/images/histo_01768.png,0,non_idc_or_benign,Breast Histopathology Images (IDC Benchmark / Cruz-Roa et al.),40x,50,50,3,val,0efdd6197e813013d1e076a4ffaa360b
histo_01769,histopathology/images/histo_01769.png,0,non_idc_or_benign,Breast Histopathology Images (IDC Benchmark / Cruz-Roa et al.),40x,50,50,3,train,c57e0d11b2ab88d578741b77598ee6b0
histo_01770,histopathology/images/histo_01770.png,0,non_idc_or_benign,Breast Histopathology Images (IDC Benchmark / Cruz-Roa et al.),40x,50,50,3,test,247acfed3c4280948d7228d8068dd455
histo_01771,histopathology/images/histo_01771.png,0,non_idc_or_benign,Breast Histopathology Images (IDC Benchmark / Cruz-Roa et al.),40x,50,50,3,train,876720cff6ad09a779acdc56d17f43cb
histo_01772,histopathology/images/histo_01772.png,0,non_idc_or_benign,Breast Histopathology Images (IDC Benchmark / Cruz-Roa et al.),40x,50,50,3,train,0d3f762506e15ea2333cfd736ffd2325
histo_01773,histopathology/images/histo_01773.png,1,invasive_ductal_carcinoma,Breast Histopathology Images (IDC Benchmark / Cruz-Roa et al.),40x,50,50,3,val,59714a87ae098d0312808f9f6f5993a3
histo_01774,histopathology/images/histo_01774.png,0,non_idc_or_benign,Breast Histopathology Images (IDC Benchmark / Cruz-Roa et al.),40x,50,50,3,val,a2a22bb703df3344962efeca31d785d4
histo_01775,histopathology/images/histo_01775.png,0,non_idc_or_benign,Breast Histopathology Images (IDC Benchmark / Cruz-Roa et al.),40x,50,50,3,val,8e20cc0135c34667da0dead1a3f9da2c
histo_01776,histopathology/images/histo_01776.png,0,non_idc_or_benign,Breast Histopathology Images (IDC Benchmark / Cruz-Roa et al.),40x,50,50,3,train,504de8a70a766662a51ae9944ad1234c
histo_01777,histopathology/images/histo_01777.png,0,non_idc_or_benign,Breast Histopathology Images (IDC Benchmark / Cruz-Roa et al.),40x,50,50,3,train,751fc1350ed32c441d1b96230b9cbe8e
histo_01778,histopathology/images/histo_01778.png,0,non_idc_or_benign,Breast Histopathology Images (IDC Benchmark / Cruz-Roa et al.),40x,50,50,3,train,4a7c314a7f70af30cb3a382a91ba6cf0
histo_01779,histopathology/images/histo_01779.png,0,non_idc_or_benign,Breast Histopathology Images (IDC Benchmark / Cruz-Roa et al.),40x,50,50,3,train,70baf9b3ca58e1fc46976145a3924c39
histo_01780,histopathology/images/histo_01780.png,0,non_idc_or_benign,Breast Histopathology Images (IDC Benchmark / Cruz-Roa et al.),40x,50,50,3,val,d46345302eb217f975e41d6bc11463ba
histo_01781,histopathology/images/histo_01781.png,0,non_idc_or_benign,Breast Histopathology Images (IDC Benchmark / Cruz-Roa et al.),40x,50,50,3,test,4b6020c1316b48adb1d3ce81f50430ac
histo_01782,histopathology/images/histo_01782.png,1,invasive_ductal_carcinoma,Breast Histopathology Images (IDC Benchmark / Cruz-Roa et al.),40x,50,50,3,train,cda538e7c621ff9e224967855c78006e
histo_01783,histopathology/images/histo_01783.png,0,non_idc_or_benign,Breast Histopathology Images (IDC Benchmark / Cruz-Roa et al.),40x,50,50,3,train,c018a706c44593c5ecbcb6b0be1b5b73
histo_01784,histopathology/images/histo_01784.png,1,invasive_ductal_carcinoma,Breast Histopathology Images (IDC Benchmark / Cruz-Roa et al.),40x,50,50,3,train,1443c5be13be29f6147d6c5115824581
histo_01785,histopathology/images/histo_01785.png,0,non_idc_or_benign,Breast Histopathology Images (IDC Benchmark / Cruz-Roa et al.),40x,50,50,3,test,c86b54122eafe605830f6cca7aaea2bd
histo_01786,histopathology/images/histo_01786.png,0,non_idc_or_benign,Breast Histopathology Images (IDC Benchmark / Cruz-Roa et al.),40x,50,50,3,test,693cd756b172a6e118249010e2d06d91
histo_01787,histopathology/images/histo_01787.png,0,non_idc_or_benign,Breast Histopathology Images (IDC Benchmark / Cruz-Roa et al.),40x,50,50,3,test,3a3ab3cf0ce350f59beed7194c2d6d5d
histo_01788,histopathology/images/histo_01788.png,0,non_idc_or_benign,Breast Histopathology Images (IDC Benchmark / Cruz-Roa et al.),40x,50,50,3,train,9e07b07b6fc0aab3c0b786ca887fb2f0
histo_01789,histopathology/images/histo_01789.png,1,invasive_ductal_carcinoma,Breast Histopathology Images (IDC Benchmark / Cruz-Roa et al.),40x,50,50,3,val,ca9593f639ec3b51f4d3708456233238
histo_01790,histopathology/images/histo_01790.png,0,non_idc_or_benign,Breast Histopathology Images (IDC Benchmark / Cruz-Roa et al.),40x,50,50,3,train,f82079db8179bf48c9c6b7bc7b82d700
histo_01791,histopathology/images/histo_01791.png,0,non_idc_or_benign,Breast Histopathology Images (IDC Benchmark / Cruz-Roa et al.),40x,50,50,3,train,8bb21ff11f79bd4dcdd7aba2e92f1108
histo_01792,histopathology/images/histo_01792.png,0,non_idc_or_benign,Breast Histopathology Images (IDC Benchmark / Cruz-Roa et al.),40x,50,50,3,train,189d075a58c116d7f8f4d089fee275f6
histo_01793,histopathology/images/histo_01793.png,1,invasive_ductal_carcinoma,Breast Histopathology Images (IDC Benchmark / Cruz-Roa et al.),40x,50,50,3,test,28a4e6b75884d35c98e7ca171104cbb0
histo_01794,histopathology/images/histo_01794.png,0,non_idc_or_benign,Breast Histopathology Images (IDC Benchmark / Cruz-Roa et al.),40x,50,50,3,train,67d5adfaa06ceaa243657273282e6d1d
histo_01795,histopathology/images/histo_01795.png,1,invasive_ductal_carcinoma,Breast Histopathology Images (IDC Benchmark / Cruz-Roa et al.),40x,50,50,3,train,5cca35533e167fe6cbb5cbf3a7a42654
histo_01796,histopathology/images/histo_01796.png,0,non_idc_or_benign,Breast Histopathology Images (IDC Benchmark / Cruz-Roa et al.),40x,50,50,3,test,bdd3760a82367a9107322e2f92f4ee50
histo_01797,histopathology/images/histo_01797.png,0,non_idc_or_benign,Breast Histopathology Images (IDC Benchmark / Cruz-Roa et al.),40x,50,50,3,train,f1ff9c27ccc01801b6d7afd2822cc3be
histo_01798,histopathology/images/histo_01798.png,0,non_idc_or_benign,Breast Histopathology Images (IDC Benchmark / Cruz-Roa et al.),40x,50,50,3,train,fb426f2301935b0a0b56b3031b797261
histo_01799,histopathology/images/histo_01799.png,0,non_idc_or_benign,Breast Histopathology Images (IDC Benchmark / Cruz-Roa et al.),40x,50,50,3,train,b21fa3521195dd29d2a08e2af76b8ea9
histo_01800,histopathology/images/histo_01800.png,0,non_idc_or_benign,Breast Histopathology Images (IDC Benchmark / Cruz-Roa et al.),40x,50,50,3,train,7feea4695e5d6676714675c6acbbb83e
histo_01801,histopathology/images/histo_01801.png,0,non_idc_or_benign,Breast Histopathology Images (IDC Benchmark / Cruz-Roa et al.),40x,50,50,3,test,b6d8eb5a0dee156cb78b54e0f14589d3
histo_01802,histopathology/images/histo_01802.png,1,invasive_ductal_carcinoma,Breast Histopathology Images (IDC Benchmark / Cruz-Roa et al.),40x,50,50,3,train,4e1ef08535df8f508b48cc68b763d7c4
histo_01803,histopathology/images/histo_01803.png,1,invasive_ductal_carcinoma,Breast Histopathology Images (IDC Benchmark / Cruz-Roa et al.),40x,50,50,3,test,54cb62da99b1d9c1a32f170d656b9c66
histo_01804,histopathology/images/histo_01804.png,0,non_idc_or_benign,Breast Histopathology Images (IDC Benchmark / Cruz-Roa et al.),40x,50,50,3,train,e03b1e10b239e01437e0d4fe00315d6d
histo_01805,histopathology/images/histo_01805.png,0,non_idc_or_benign,Breast Histopathology Images (IDC Benchmark / Cruz-Roa et al.),40x,50,50,3,val,8b578d9f5ee345fe609c7583f99fcbc1
histo_01806,histopathology/images/histo_01806.png,0,non_idc_or_benign,Breast Histopathology Images (IDC Benchmark / Cruz-Roa et al.),40x,50,50,3,train,7bfc296ee4d31e4aed0ba94a7256e62b
histo_01807,histopathology/images/histo_01807.png,0,non_idc_or_benign,Breast Histopathology Images (IDC Benchmark / Cruz-Roa et al.),40x,50,50,3,test,9b4449680b66f29dfc1118b161769110
histo_01808,histopathology/images/histo_01808.png,0,non_idc_or_benign,Breast Histopathology Images (IDC Benchmark / Cruz-Roa et al.),40x,50,50,3,test,f748472c91a277f6ed5671e660c4dae3
histo_01809,histopathology/images/histo_01809.png,0,non_idc_or_benign,Breast Histopathology Images (IDC Benchmark / Cruz-Roa et al.),40x,50,50,3,train,70d9c59eff9461fc35da9e2eb95ff890
histo_01810,histopathology/images/histo_01810.png,1,invasive_ductal_carcinoma,Breast Histopathology Images (IDC Benchmark / Cruz-Roa et al.),40x,50,50,3,train,2b9b6f11cd997f86c1826cc3fd7883be
histo_01811,histopathology/images/histo_01811.png,0,non_idc_or_benign,Breast Histopathology Images (IDC Benchmark / Cruz-Roa et al.),40x,50,50,3,val,94e794fdc231a6bc4ef70230729ce579
histo_01812,histopathology/images/histo_01812.png,0,non_idc_or_benign,Breast Histopathology Images (IDC Benchmark / Cruz-Roa et al.),40x,50,50,3,train,354236b4d70ee8bc2b161ab8d0e0a20b
histo_01813,histopathology/images/histo_01813.png,0,non_idc_or_benign,Breast Histopathology Images (IDC Benchmark / Cruz-Roa et al.),40x,50,50,3,val,e47c5589b9d60c38ab32d5b8b41e09f6
histo_01814,histopathology/images/histo_01814.png,0,non_idc_or_benign,Breast Histopathology Images (IDC Benchmark / Cruz-Roa et al.),40x,50,50,3,test,429b83568b2a5c4b43f7db29c815c11c
histo_01815,histopathology/images/histo_01815.png,0,non_idc_or_benign,Breast Histopathology Images (IDC Benchmark / Cruz-Roa et al.),40x,50,50,3,train,9f774b8f55cbf02e854229e93f89f835
histo_01816,histopathology/images/histo_01816.png,0,non_idc_or_benign,Breast Histopathology Images (IDC Benchmark / Cruz-Roa et al.),40x,50,50,3,train,df187bbda538b9dd82aa709a8ccd64c5
histo_01817,histopathology/images/histo_01817.png,0,non_idc_or_benign,Breast Histopathology Images (IDC Benchmark / Cruz-Roa et al.),40x,50,50,3,train,d234ae7ab181cbc7eafb612f2890e7d6
histo_01818,histopathology/images/histo_01818.png,0,non_idc_or_benign,Breast Histopathology Images (IDC Benchmark / Cruz-Roa et al.),40x,50,50,3,train,599af00031bae7cfd18290e22f616771
histo_01819,histopathology/images/histo_01819.png,0,non_idc_or_benign,Breast Histopathology Images (IDC Benchmark / Cruz-Roa et al.),40x,50,50,3,val,7672bae4e1717e8548e61cdc1a8f625a
histo_01820,histopathology/images/histo_01820.png,0,non_idc_or_benign,Breast Histopathology Images (IDC Benchmark / Cruz-Roa et al.),40x,50,50,3,train,7a60a0ad7362d76edda720faa990a3d9
histo_01821,histopathology/images/histo_01821.png,1,invasive_ductal_carcinoma,Breast Histopathology Images (IDC Benchmark / Cruz-Roa et al.),40x,50,50,3,train,43954b6fad19b3a3803f9d95edcc9d73
histo_01822,histopathology/images/histo_01822.png,0,non_idc_or_benign,Breast Histopathology Images (IDC Benchmark / Cruz-Roa et al.),40x,50,50,3,val,659ce64501b6236ec69fdd2368566237
histo_01823,histopathology/images/histo_01823.png,0,non_idc_or_benign,Breast Histopathology Images (IDC Benchmark / Cruz-Roa et al.),40x,50,50,3,train,76ca1e892d895bed50e0351e744de22a
histo_01824,histopathology/images/histo_01824.png,1,invasive_ductal_carcinoma,Breast Histopathology Images (IDC Benchmark / Cruz-Roa et al.),40x,50,50,3,val,dd76f16d0b966d6c57e856760854f995
histo_01825,histopathology/images/histo_01825.png,0,non_idc_or_benign,Breast Histopathology Images (IDC Benchmark / Cruz-Roa et al.),40x,50,50,3,test,011245112e7eff2e85b163180575c26d
histo_01826,histopathology/images/histo_01826.png,0,non_idc_or_benign,Breast Histopathology Images (IDC Benchmark / Cruz-Roa et al.),40x,50,50,3,train,cc059eaaf8d99d48fbdf1cc553f0e1b7
histo_01827,histopathology/images/histo_01827.png,1,invasive_ductal_carcinoma,Breast Histopathology Images (IDC Benchmark / Cruz-Roa et al.),40x,50,50,3,train,b84268361cfe6879d17629713a2de45e
histo_01828,histopathology/images/histo_01828.png,0,non_idc_or_benign,Breast Histopathology Images (IDC Benchmark / Cruz-Roa et al.),40x,50,50,3,train,c3be80077e332d36c6d12c8627c687a9
histo_01829,histopathology/images/histo_01829.png,1,invasive_ductal_carcinoma,Breast Histopathology Images (IDC Benchmark / Cruz-Roa et al.),40x,50,50,3,train,8c4c9b7c18e65052cd06fe2c54e52c8a
histo_01830,histopathology/images/histo_01830.png,1,invasive_ductal_carcinoma,Breast Histopathology Images (IDC Benchmark / Cruz-Roa et al.),40x,50,50,3,val,e5c2b53060cf78fbccc4952e91864213
histo_01831,histopathology/images/histo_01831.png,0,non_idc_or_benign,Breast Histopathology Images (IDC Benchmark / Cruz-Roa et al.),40x,50,50,3,val,2f89b416217fcdd16cd5c4f0b3b8878d
histo_01832,histopathology/images/histo_01832.png,0,non_idc_or_benign,Breast Histopathology Images (IDC Benchmark / Cruz-Roa et al.),40x,50,50,3,train,f77acda47365ba8626ccea5f1f8c10e9
histo_01833,histopathology/images/histo_01833.png,0,non_idc_or_benign,Breast Histopathology Images (IDC Benchmark / Cruz-Roa et al.),40x,50,50,3,train,5ee6882a1068f165b0aad4a74d8c4052
histo_01834,histopathology/images/histo_01834.png,0,non_idc_or_benign,Breast Histopathology Images (IDC Benchmark / Cruz-Roa et al.),40x,50,50,3,train,8dd8b8a0dfb52c6eb96a3cbfce06d9de
histo_01835,histopathology/images/histo_01835.png,0,non_idc_or_benign,Breast Histopathology Images (IDC Benchmark / Cruz-Roa et al.),40x,50,50,3,train,d87d9a70804ac99b014b8a1b3ea06154
histo_01836,histopathology/images/histo_01836.png,0,non_idc_or_benign,Breast Histopathology Images (IDC Benchmark / Cruz-Roa et al.),40x,50,50,3,val,d7afe3e7cee283339375c2e18b947229
histo_01837,histopathology/images/histo_01837.png,1,invasive_ductal_carcinoma,Breast Histopathology Images (IDC Benchmark / Cruz-Roa et al.),40x,50,50,3,test,b21bc1c91e04147c2dca7d99473eafb1
histo_01838,histopathology/images/histo_01838.png,0,non_idc_or_benign,Breast Histopathology Images (IDC Benchmark / Cruz-Roa et al.),40x,50,50,3,train,d69d7236998933ae7700d8323917a1dd
histo_01839,histopathology/images/histo_01839.png,1,invasive_ductal_carcinoma,Breast Histopathology Images (IDC Benchmark / Cruz-Roa et al.),40x,50,50,3,train,28f9689c71d7d882154f41d0d2fc9718
histo_01840,histopathology/images/histo_01840.png,0,non_idc_or_benign,Breast Histopathology Images (IDC Benchmark / Cruz-Roa et al.),40x,50,50,3,test,1859658f42062966d574fe8bab15f72f
histo_01841,histopathology/images/histo_01841.png,0,non_idc_or_benign,Breast Histopathology Images (IDC Benchmark / Cruz-Roa et al.),40x,50,50,3,train,393e94410710d6787cb4eeb3549d36e1
histo_01842,histopathology/images/histo_01842.png,0,non_idc_or_benign,Breast Histopathology Images (IDC Benchmark / Cruz-Roa et al.),40x,50,50,3,test,7c41533daba7f39b9d653de920b5b6c2
histo_01843,histopathology/images/histo_01843.png,0,non_idc_or_benign,Breast Histopathology Images (IDC Benchmark / Cruz-Roa et al.),40x,50,50,3,train,77cd95ed5f0d2496c30b28c33cd4b198
histo_01844,histopathology/images/histo_01844.png,1,invasive_ductal_carcinoma,Breast Histopathology Images (IDC Benchmark / Cruz-Roa et al.),40x,50,50,3,train,3ef308645a0cd31a8ddb4bfa502d3be6
histo_01845,histopathology/images/histo_01845.png,0,non_idc_or_benign,Breast Histopathology Images (IDC Benchmark / Cruz-Roa et al.),40x,50,50,3,train,0f2eb9404f1455f57f5701fec3f4d111
histo_01846,histopathology/images/histo_01846.png,1,invasive_ductal_carcinoma,Breast Histopathology Images (IDC Benchmark / Cruz-Roa et al.),40x,50,50,3,train,75c9ab322c478d11666cb0f0f73a21be
histo_01847,histopathology/images/histo_01847.png,0,non_idc_or_benign,Breast Histopathology Images (IDC Benchmark / Cruz-Roa et al.),40x,50,50,3,train,d58d39300dcddd105549f35547a619c9
histo_01848,histopathology/images/histo_01848.png,0,non_idc_or_benign,Breast Histopathology Images (IDC Benchmark / Cruz-Roa et al.),40x,50,50,3,test,0c9bfcffdd93dca37de98dc2277967ec
histo_01849,histopathology/images/histo_01849.png,0,non_idc_or_benign,Breast Histopathology Images (IDC Benchmark / Cruz-Roa et al.),40x,50,50,3,train,aed759cfad3ff925661afca5509b5ce9
histo_01850,histopathology/images/histo_01850.png,1,invasive_ductal_carcinoma,Breast Histopathology Images (IDC Benchmark / Cruz-Roa et al.),40x,50,50,3,train,e30fa8f6698043f17abeab90865539fb
histo_01851,histopathology/images/histo_01851.png,0,non_idc_or_benign,Breast Histopathology Images (IDC Benchmark / Cruz-Roa et al.),40x,50,50,3,train,0250587b227b719ba67815bd2fb520fd
histo_01852,histopathology/images/histo_01852.png,0,non_idc_or_benign,Breast Histopathology Images (IDC Benchmark / Cruz-Roa et al.),40x,50,50,3,train,03982d21cea77ec906fb3362461850ff
histo_01853,histopathology/images/histo_01853.png,0,non_idc_or_benign,Breast Histopathology Images (IDC Benchmark / Cruz-Roa et al.),40x,50,50,3,train,960ef35b7892f64649cf672cf407b32f
histo_01854,histopathology/images/histo_01854.png,0,non_idc_or_benign,Breast Histopathology Images (IDC Benchmark / Cruz-Roa et al.),40x,50,50,3,train,9853676a840ac3a5b2bf25332377b2eb
histo_01855,histopathology/images/histo_01855.png,0,non_idc_or_benign,Breast Histopathology Images (IDC Benchmark / Cruz-Roa et al.),40x,50,50,3,val,bfa50256c958617cecb08d91d0b0097a
histo_01856,histopathology/images/histo_01856.png,1,invasive_ductal_carcinoma,Breast Histopathology Images (IDC Benchmark / Cruz-Roa et al.),40x,50,50,3,val,58b94f03cba52615e26c8f615ef52d58
histo_01857,histopathology/images/histo_01857.png,0,non_idc_or_benign,Breast Histopathology Images (IDC Benchmark / Cruz-Roa et al.),40x,50,50,3,train,265a958b9a7ab9e16c84c84b0db58ed9
histo_01858,histopathology/images/histo_01858.png,1,invasive_ductal_carcinoma,Breast Histopathology Images (IDC Benchmark / Cruz-Roa et al.),40x,50,50,3,test,73126047ee78ec85d9839a79173b4e2c
histo_01859,histopathology/images/histo_01859.png,0,non_idc_or_benign,Breast Histopathology Images (IDC Benchmark / Cruz-Roa et al.),40x,50,50,3,test,15a3f6831eb0cccf4506b419822fcf89
histo_01860,histopathology/images/histo_01860.png,1,invasive_ductal_carcinoma,Breast Histopathology Images (IDC Benchmark / Cruz-Roa et al.),40x,50,50,3,train,f217ee037a432c693ae95bd25832c4da
histo_01861,histopathology/images/histo_01861.png,1,invasive_ductal_carcinoma,Breast Histopathology Images (IDC Benchmark / Cruz-Roa et al.),40x,50,50,3,train,dfbeee128e5313e7dd92cd7db82d9d32
histo_01862,histopathology/images/histo_01862.png,0,non_idc_or_benign,Breast Histopathology Images (IDC Benchmark / Cruz-Roa et al.),40x,50,50,3,test,4220623eabbf814cdbc3dc6f1c2336be
histo_01863,histopathology/images/histo_01863.png,0,non_idc_or_benign,Breast Histopathology Images (IDC Benchmark / Cruz-Roa et al.),40x,50,50,3,val,02502b53baac25d7510e711a78e17d39
histo_01864,histopathology/images/histo_01864.png,0,non_idc_or_benign,Breast Histopathology Images (IDC Benchmark / Cruz-Roa et al.),40x,50,50,3,train,d6fad3617da90115e2f7fd0c8b6d14b7
histo_01865,histopathology/images/histo_01865.png,0,non_idc_or_benign,Breast Histopathology Images (IDC Benchmark / Cruz-Roa et al.),40x,50,50,3,train,ef0f06b1551776a20456e2903a5210b5
histo_01866,histopathology/images/histo_01866.png,0,non_idc_or_benign,Breast Histopathology Images (IDC Benchmark / Cruz-Roa et al.),40x,50,50,3,val,2a7784fea9d005245bb8156f32be0e91
histo_01867,histopathology/images/histo_01867.png,0,non_idc_or_benign,Breast Histopathology Images (IDC Benchmark / Cruz-Roa et al.),40x,50,50,3,train,7499402c7bb0a59de34963a630125c36
histo_01868,histopathology/images/histo_01868.png,0,non_idc_or_benign,Breast Histopathology Images (IDC Benchmark / Cruz-Roa et al.),40x,50,50,3,train,951f002af24c54d49e73298095cd7d70
histo_01869,histopathology/images/histo_01869.png,0,non_idc_or_benign,Breast Histopathology Images (IDC Benchmark / Cruz-Roa et al.),40x,50,50,3,train,0a8c88a4ae56d4ca88d8187054225072
histo_01870,histopathology/images/histo_01870.png,1,invasive_ductal_carcinoma,Breast Histopathology Images (IDC Benchmark / Cruz-Roa et al.),40x,50,50,3,train,692b1266a5beff2ac935ae910ecbde58
histo_01871,histopathology/images/histo_01871.png,0,non_idc_or_benign,Breast Histopathology Images (IDC Benchmark / Cruz-Roa et al.),40x,50,50,3,train,f3e16be6aab2dce98640fee69b33cd40
histo_01872,histopathology/images/histo_01872.png,1,invasive_ductal_carcinoma,Breast Histopathology Images (IDC Benchmark / Cruz-Roa et al.),40x,50,50,3,val,333feaa816fe4d3aee3ab96acccfbc4b
histo_01873,histopathology/images/histo_01873.png,1,invasive_ductal_carcinoma,Breast Histopathology Images (IDC Benchmark / Cruz-Roa et al.),40x,50,50,3,test,a81fd2e565d40833ce8fb9ccf3aa4141
histo_01874,histopathology/images/histo_01874.png,1,invasive_ductal_carcinoma,Breast Histopathology Images (IDC Benchmark / Cruz-Roa et al.),40x,50,50,3,train,ff5ccaacee1e632933f447cb2cef814a
histo_01875,histopathology/images/histo_01875.png,0,non_idc_or_benign,Breast Histopathology Images (IDC Benchmark / Cruz-Roa et al.),40x,50,50,3,train,ecc554c18b92eb8e8caecb2f96021e09
histo_01876,histopathology/images/histo_01876.png,0,non_idc_or_benign,Breast Histopathology Images (IDC Benchmark / Cruz-Roa et al.),40x,50,50,3,train,ce16be3aa12ad0c9ae199a7ff6fdfc91
histo_01877,histopathology/images/histo_01877.png,0,non_idc_or_benign,Breast Histopathology Images (IDC Benchmark / Cruz-Roa et al.),40x,50,50,3,train,9e7259a0511d010be2fdecef8995d8ff
histo_01878,histopathology/images/histo_01878.png,0,non_idc_or_benign,Breast Histopathology Images (IDC Benchmark / Cruz-Roa et al.),40x,50,50,3,val,9a0f785f01741ece70888a1873980392
histo_01879,histopathology/images/histo_01879.png,0,non_idc_or_benign,Breast Histopathology Images (IDC Benchmark / Cruz-Roa et al.),40x,50,50,3,train,4a7757120832c069d6dab1b560f497bc
histo_01880,histopathology/images/histo_01880.png,1,invasive_ductal_carcinoma,Breast Histopathology Images (IDC Benchmark / Cruz-Roa et al.),40x,50,50,3,train,2f90721d7231bb745c6553e6034e32c1
histo_01881,histopathology/images/histo_01881.png,0,non_idc_or_benign,Breast Histopathology Images (IDC Benchmark / Cruz-Roa et al.),40x,50,50,3,val,08071f2bcbfee4c96a5b6df2e1a4ac97
histo_01882,histopathology/images/histo_01882.png,0,non_idc_or_benign,Breast Histopathology Images (IDC Benchmark / Cruz-Roa et al.),40x,50,50,3,train,fddfe94ecb88d6d62d9393f58ba2984b
histo_01883,histopathology/images/histo_01883.png,0,non_idc_or_benign,Breast Histopathology Images (IDC Benchmark / Cruz-Roa et al.),40x,50,50,3,train,9234e8e57ddc6361cca196526eab9a87
histo_01884,histopathology/images/histo_01884.png,0,non_idc_or_benign,Breast Histopathology Images (IDC Benchmark / Cruz-Roa et al.),40x,50,50,3,train,f5a7b137a54f783e9ad12334a66a9f31
histo_01885,histopathology/images/histo_01885.png,0,non_idc_or_benign,Breast Histopathology Images (IDC Benchmark / Cruz-Roa et al.),40x,50,50,3,train,fd03599a4da55343b1565e4ce487b08c
histo_01886,histopathology/images/histo_01886.png,1,invasive_ductal_carcinoma,Breast Histopathology Images (IDC Benchmark / Cruz-Roa et al.),40x,50,50,3,train,1ec9c84cefd3afc6143c764ad3cdfdc8
histo_01887,histopathology/images/histo_01887.png,0,non_idc_or_benign,Breast Histopathology Images (IDC Benchmark / Cruz-Roa et al.),40x,50,50,3,train,c3392e6df05f82e03979dfb2fb704138
histo_01888,histopathology/images/histo_01888.png,0,non_idc_or_benign,Breast Histopathology Images (IDC Benchmark / Cruz-Roa et al.),40x,50,50,3,train,577eda94ca6f17de022d7334f53387b6
histo_01889,histopathology/images/histo_01889.png,0,non_idc_or_benign,Breast Histopathology Images (IDC Benchmark / Cruz-Roa et al.),40x,50,50,3,train,8a555b836d8cbd3ba6ed690426ddcf4b
histo_01890,histopathology/images/histo_01890.png,0,non_idc_or_benign,Breast Histopathology Images (IDC Benchmark / Cruz-Roa et al.),40x,50,50,3,train,8a72bf44e19cfee909aa4a0b1f1a0f81
histo_01891,histopathology/images/histo_01891.png,0,non_idc_or_benign,Breast Histopathology Images (IDC Benchmark / Cruz-Roa et al.),40x,50,50,3,train,0751639dd619c205e4f1b2466c792681
histo_01892,histopathology/images/histo_01892.png,0,non_idc_or_benign,Breast Histopathology Images (IDC Benchmark / Cruz-Roa et al.),40x,50,50,3,train,b8881427e7dc1a96b94fdc068c4de1ac
histo_01893,histopathology/images/histo_01893.png,1,invasive_ductal_carcinoma,Breast Histopathology Images (IDC Benchmark / Cruz-Roa et al.),40x,50,50,3,train,c9e5f09b9060fa8a63706a7ca7aff4a5
histo_01894,histopathology/images/histo_01894.png,0,non_idc_or_benign,Breast Histopathology Images (IDC Benchmark / Cruz-Roa et al.),40x,50,50,3,train,5558da7aaba5ea3629ac0bfef69d5f04
histo_01895,histopathology/images/histo_01895.png,0,non_idc_or_benign,Breast Histopathology Images (IDC Benchmark / Cruz-Roa et al.),40x,50,50,3,test,c9a41d00485b814508dd4e8f28914d70
histo_01896,histopathology/images/histo_01896.png,1,invasive_ductal_carcinoma,Breast Histopathology Images (IDC Benchmark / Cruz-Roa et al.),40x,50,50,3,val,2a80fa5238afa547b66133153a2a08ca
histo_01897,histopathology/images/histo_01897.png,1,invasive_ductal_carcinoma,Breast Histopathology Images (IDC Benchmark / Cruz-Roa et al.),40x,50,50,3,val,2404d548e2e1869104996ac7eab591d1
histo_01898,histopathology/images/histo_01898.png,1,invasive_ductal_carcinoma,Breast Histopathology Images (IDC Benchmark / Cruz-Roa et al.),40x,50,50,3,train,dfad9b23b786350c6daf948fd40c7df9
histo_01899,histopathology/images/histo_01899.png,0,non_idc_or_benign,Breast Histopathology Images (IDC Benchmark / Cruz-Roa et al.),40x,50,50,3,train,022105a774e9182d7b991590aaf0e655
histo_01900,histopathology/images/histo_01900.png,0,non_idc_or_benign,Breast Histopathology Images (IDC Benchmark / Cruz-Roa et al.),40x,50,50,3,train,88d5537a9620bf7412c2e53be51f6419
histo_01901,histopathology/images/histo_01901.png,0,non_idc_or_benign,Breast Histopathology Images (IDC Benchmark / Cruz-Roa et al.),40x,50,50,3,train,1f3ab71803b6942bbc5f5e02e19000c6
histo_01902,histopathology/images/histo_01902.png,0,non_idc_or_benign,Breast Histopathology Images (IDC Benchmark / Cruz-Roa et al.),40x,50,50,3,train,16fa0f97d505c98421668098bc05f1f7
histo_01903,histopathology/images/histo_01903.png,1,invasive_ductal_carcinoma,Breast Histopathology Images (IDC Benchmark / Cruz-Roa et al.),40x,50,50,3,train,9cd161a4ff84aa30c2611d0716771f4c
histo_01904,histopathology/images/histo_01904.png,0,non_idc_or_benign,Breast Histopathology Images (IDC Benchmark / Cruz-Roa et al.),40x,50,50,3,test,c236f63bc1f7f1423859507df2061458
histo_01905,histopathology/images/histo_01905.png,0,non_idc_or_benign,Breast Histopathology Images (IDC Benchmark / Cruz-Roa et al.),40x,50,50,3,train,f3f61389b530113cef36efa8b286e970
histo_01906,histopathology/images/histo_01906.png,0,non_idc_or_benign,Breast Histopathology Images (IDC Benchmark / Cruz-Roa et al.),40x,50,50,3,train,7aca6664ae667d2df6a9f7a9e34abae8
histo_01907,histopathology/images/histo_01907.png,0,non_idc_or_benign,Breast Histopathology Images (IDC Benchmark / Cruz-Roa et al.),40x,50,50,3,train,f32534eff8bad64a05d7a0630ccac89c
histo_01908,histopathology/images/histo_01908.png,0,non_idc_or_benign,Breast Histopathology Images (IDC Benchmark / Cruz-Roa et al.),40x,50,50,3,train,044ffb0a623dea0928272e9d2b953ba4
histo_01909,histopathology/images/histo_01909.png,1,invasive_ductal_carcinoma,Breast Histopathology Images (IDC Benchmark / Cruz-Roa et al.),40x,50,50,3,train,84ee201b334e6be984c263160c698f42
histo_01910,histopathology/images/histo_01910.png,0,non_idc_or_benign,Breast Histopathology Images (IDC Benchmark / Cruz-Roa et al.),40x,50,50,3,train,2e77347c3ee3cdabc21329e1acb5e1ca
histo_01911,histopathology/images/histo_01911.png,0,non_idc_or_benign,Breast Histopathology Images (IDC Benchmark / Cruz-Roa et al.),40x,50,50,3,train,44d83912f5c41169c7f19756a148dc96
histo_01912,histopathology/images/histo_01912.png,0,non_idc_or_benign,Breast Histopathology Images (IDC Benchmark / Cruz-Roa et al.),40x,50,50,3,train,183c61d9c813137a6cdffafc8e17b471
histo_01913,histopathology/images/histo_01913.png,0,non_idc_or_benign,Breast Histopathology Images (IDC Benchmark / Cruz-Roa et al.),40x,50,50,3,train,ed9e7b2b22afeb2e85901a4499add53f
histo_01914,histopathology/images/histo_01914.png,0,non_idc_or_benign,Breast Histopathology Images (IDC Benchmark / Cruz-Roa et al.),40x,50,50,3,test,488ce07080e806e404ac46390a99df2b
histo_01915,histopathology/images/histo_01915.png,0,non_idc_or_benign,Breast Histopathology Images (IDC Benchmark / Cruz-Roa et al.),40x,50,50,3,val,dcfb2ad1688d6ed27da4b3468ef9d7b3
histo_01916,histopathology/images/histo_01916.png,0,non_idc_or_benign,Breast Histopathology Images (IDC Benchmark / Cruz-Roa et al.),40x,50,50,3,test,dfaf259f9265d4051e25cf7fee02fe65
histo_01917,histopathology/images/histo_01917.png,1,invasive_ductal_carcinoma,Breast Histopathology Images (IDC Benchmark / Cruz-Roa et al.),40x,50,50,3,train,80af190060242b8bb6ad2a3b13af6f67
histo_01918,histopathology/images/histo_01918.png,1,invasive_ductal_carcinoma,Breast Histopathology Images (IDC Benchmark / Cruz-Roa et al.),40x,50,50,3,train,7dadf4ce5580569ca4433b50c55c4964
histo_01919,histopathology/images/histo_01919.png,0,non_idc_or_benign,Breast Histopathology Images (IDC Benchmark / Cruz-Roa et al.),40x,50,50,3,val,9fc816196d50f2a190b5943fec8f8dfe
histo_01920,histopathology/images/histo_01920.png,0,non_idc_or_benign,Breast Histopathology Images (IDC Benchmark / Cruz-Roa et al.),40x,50,50,3,test,e369c9deb3015cec79ac7731a710a261
histo_01921,histopathology/images/histo_01921.png,1,invasive_ductal_carcinoma,Breast Histopathology Images (IDC Benchmark / Cruz-Roa et al.),40x,50,50,3,train,bee44de334f71015f472404e637d5f3c
histo_01922,histopathology/images/histo_01922.png,1,invasive_ductal_carcinoma,Breast Histopathology Images (IDC Benchmark / Cruz-Roa et al.),40x,50,50,3,train,6d72e13cf62211c7e41d631d9a8e4dc8
histo_01923,histopathology/images/histo_01923.png,1,invasive_ductal_carcinoma,Breast Histopathology Images (IDC Benchmark / Cruz-Roa et al.),40x,50,50,3,train,68a558c0b45067993295f4ae6de9088a
histo_01924,histopathology/images/histo_01924.png,0,non_idc_or_benign,Breast Histopathology Images (IDC Benchmark / Cruz-Roa et al.),40x,50,50,3,test,b1182f171ed5dd461295d247442c7cb9
histo_01925,histopathology/images/histo_01925.png,1,invasive_ductal_carcinoma,Breast Histopathology Images (IDC Benchmark / Cruz-Roa et al.),40x,50,50,3,train,4bfcca27d57a9a5a2906bf76eb3d3fdb
histo_01926,histopathology/images/histo_01926.png,1,invasive_ductal_carcinoma,Breast Histopathology Images (IDC Benchmark / Cruz-Roa et al.),40x,50,50,3,train,5aac8542d613de771b28eaebcc6e718c
histo_01927,histopathology/images/histo_01927.png,1,invasive_ductal_carcinoma,Breast Histopathology Images (IDC Benchmark / Cruz-Roa et al.),40x,50,50,3,train,aebe4a5ea4e461d78dfd9bf246f4803d
histo_01928,histopathology/images/histo_01928.png,0,non_idc_or_benign,Breast Histopathology Images (IDC Benchmark / Cruz-Roa et al.),40x,50,50,3,test,f634031e0b41c56df23347d3d9cb4672
histo_01929,histopathology/images/histo_01929.png,1,invasive_ductal_carcinoma,Breast Histopathology Images (IDC Benchmark / Cruz-Roa et al.),40x,50,50,3,train,2801645bb890d73b7ac4ffe6104b3af5
histo_01930,histopathology/images/histo_01930.png,1,invasive_ductal_carcinoma,Breast Histopathology Images (IDC Benchmark / Cruz-Roa et al.),40x,50,50,3,train,64517acaa61daa151537139dc0162219
histo_01931,histopathology/images/histo_01931.png,1,invasive_ductal_carcinoma,Breast Histopathology Images (IDC Benchmark / Cruz-Roa et al.),40x,50,50,3,train,16226bc8b9d5f765797d4cf1dfebf956
histo_01932,histopathology/images/histo_01932.png,1,invasive_ductal_carcinoma,Breast Histopathology Images (IDC Benchmark / Cruz-Roa et al.),40x,50,50,3,test,8f5d1704a1165d64f43cc2425529e00b
histo_01933,histopathology/images/histo_01933.png,0,non_idc_or_benign,Breast Histopathology Images (IDC Benchmark / Cruz-Roa et al.),40x,50,50,3,test,ef0d7151d099dbb4d91fb89ab44ef4cc
histo_01934,histopathology/images/histo_01934.png,1,invasive_ductal_carcinoma,Breast Histopathology Images (IDC Benchmark / Cruz-Roa et al.),40x,50,50,3,train,4dedb814335495e0b4af10c20cc09f45
histo_01935,histopathology/images/histo_01935.png,0,non_idc_or_benign,Breast Histopathology Images (IDC Benchmark / Cruz-Roa et al.),40x,50,50,3,train,42cc24810fa5757085dca133d7593703
histo_01936,histopathology/images/histo_01936.png,0,non_idc_or_benign,Breast Histopathology Images (IDC Benchmark / Cruz-Roa et al.),40x,50,50,3,train,7fa76339233fa33ab66df486f5cc64b9
histo_01937,histopathology/images/histo_01937.png,0,non_idc_or_benign,Breast Histopathology Images (IDC Benchmark / Cruz-Roa et al.),40x,50,50,3,train,3839ad66183b8e00d428ea7f281b2901
histo_01938,histopathology/images/histo_01938.png,0,non_idc_or_benign,Breast Histopathology Images (IDC Benchmark / Cruz-Roa et al.),40x,50,50,3,train,77bffc29043875db0bbea72c97747b22
histo_01939,histopathology/images/histo_01939.png,0,non_idc_or_benign,Breast Histopathology Images (IDC Benchmark / Cruz-Roa et al.),40x,50,50,3,val,619e0f6ace3396c1453ab7a269b1e20b
histo_01940,histopathology/images/histo_01940.png,0,non_idc_or_benign,Breast Histopathology Images (IDC Benchmark / Cruz-Roa et al.),40x,50,50,3,val,125da5e4ab4d3d7b70caedf2a2accdcb
histo_01941,histopathology/images/histo_01941.png,0,non_idc_or_benign,Breast Histopathology Images (IDC Benchmark / Cruz-Roa et al.),40x,50,50,3,train,27a2dbddcc1cd1bd409e5726d236be15
histo_01942,histopathology/images/histo_01942.png,0,non_idc_or_benign,Breast Histopathology Images (IDC Benchmark / Cruz-Roa et al.),40x,50,50,3,test,8e147153cea572b4cc0ebf216255ef54
histo_01943,histopathology/images/histo_01943.png,1,invasive_ductal_carcinoma,Breast Histopathology Images (IDC Benchmark / Cruz-Roa et al.),40x,50,50,3,test,ceb40fe6c8cd28f78106a845912dc3ae
histo_01944,histopathology/images/histo_01944.png,0,non_idc_or_benign,Breast Histopathology Images (IDC Benchmark / Cruz-Roa et al.),40x,50,50,3,train,fc3031c8b0f98d399304f98d8ba3e633
histo_01945,histopathology/images/histo_01945.png,0,non_idc_or_benign,Breast Histopathology Images (IDC Benchmark / Cruz-Roa et al.),40x,50,50,3,train,a0bae39db3434edb2d53e8dca9f23170
histo_01946,histopathology/images/histo_01946.png,0,non_idc_or_benign,Breast Histopathology Images (IDC Benchmark / Cruz-Roa et al.),40x,50,50,3,train,d5d50fa11d23020e324cc963e15c2f80
histo_01947,histopathology/images/histo_01947.png,0,non_idc_or_benign,Breast Histopathology Images (IDC Benchmark / Cruz-Roa et al.),40x,50,50,3,train,cf0aaae4a05737ae3e49b1ccc55f94f6
histo_01948,histopathology/images/histo_01948.png,0,non_idc_or_benign,Breast Histopathology Images (IDC Benchmark / Cruz-Roa et al.),40x,50,50,3,train,a695bd996afb3694b79a75023e5ddd9b
histo_01949,histopathology/images/histo_01949.png,0,non_idc_or_benign,Breast Histopathology Images (IDC Benchmark / Cruz-Roa et al.),40x,50,50,3,train,f8aa0ac94ee21efab11b1822d2b0b460
histo_01950,histopathology/images/histo_01950.png,1,invasive_ductal_carcinoma,Breast Histopathology Images (IDC Benchmark / Cruz-Roa et al.),40x,50,50,3,train,f09c0de746274290105f377b5a78f0d3
histo_01951,histopathology/images/histo_01951.png,1,invasive_ductal_carcinoma,Breast Histopathology Images (IDC Benchmark / Cruz-Roa et al.),40x,50,50,3,train,7f5a20eeb42634725ed7abcefe728845
histo_01952,histopathology/images/histo_01952.png,1,invasive_ductal_carcinoma,Breast Histopathology Images (IDC Benchmark / Cruz-Roa et al.),40x,50,50,3,train,bfc143eb8445d6afb6c337a5fb334e05
histo_01953,histopathology/images/histo_01953.png,0,non_idc_or_benign,Breast Histopathology Images (IDC Benchmark / Cruz-Roa et al.),40x,50,50,3,train,053237b1573fa0938a0b2f40325bc05b
histo_01954,histopathology/images/histo_01954.png,0,non_idc_or_benign,Breast Histopathology Images (IDC Benchmark / Cruz-Roa et al.),40x,50,50,3,train,7f4012dd7e9434aa8ac9dc9111f5fdc0
histo_01955,histopathology/images/histo_01955.png,1,invasive_ductal_carcinoma,Breast Histopathology Images (IDC Benchmark / Cruz-Roa et al.),40x,50,50,3,test,f0a6a0cd95a0de1c2268eb33c992a080
histo_01956,histopathology/images/histo_01956.png,0,non_idc_or_benign,Breast Histopathology Images (IDC Benchmark / Cruz-Roa et al.),40x,50,50,3,train,6e7eb40c0b02cae92953bbf0624aaeb7
histo_01957,histopathology/images/histo_01957.png,0,non_idc_or_benign,Breast Histopathology Images (IDC Benchmark / Cruz-Roa et al.),40x,50,50,3,train,3dda3edf541d3febb01fc82caccd9cd4
histo_01958,histopathology/images/histo_01958.png,0,non_idc_or_benign,Breast Histopathology Images (IDC Benchmark / Cruz-Roa et al.),40x,50,50,3,train,e749bfa16528555729078cfbc0749c89
histo_01959,histopathology/images/histo_01959.png,0,non_idc_or_benign,Breast Histopathology Images (IDC Benchmark / Cruz-Roa et al.),40x,50,50,3,val,6386faa87fac60da3238f658c64f5190
histo_01960,histopathology/images/histo_01960.png,1,invasive_ductal_carcinoma,Breast Histopathology Images (IDC Benchmark / Cruz-Roa et al.),40x,50,50,3,train,905862c6697ebabfbe71aa783f7549ef
histo_01961,histopathology/images/histo_01961.png,0,non_idc_or_benign,Breast Histopathology Images (IDC Benchmark / Cruz-Roa et al.),40x,50,50,3,train,9d3d22934f8063eb0b905b9998d32e1f
histo_01962,histopathology/images/histo_01962.png,0,non_idc_or_benign,Breast Histopathology Images (IDC Benchmark / Cruz-Roa et al.),40x,50,50,3,train,311a190feea9440de8c68faffa287a45
histo_01963,histopathology/images/histo_01963.png,1,invasive_ductal_carcinoma,Breast Histopathology Images (IDC Benchmark / Cruz-Roa et al.),40x,50,50,3,test,72b9aa60c6ef2eb3eb8541f32890c28d
histo_01964,histopathology/images/histo_01964.png,0,non_idc_or_benign,Breast Histopathology Images (IDC Benchmark / Cruz-Roa et al.),40x,50,50,3,train,c81059c8c17e237003c53733c7df3081
histo_01965,histopathology/images/histo_01965.png,1,invasive_ductal_carcinoma,Breast Histopathology Images (IDC Benchmark / Cruz-Roa et al.),40x,50,50,3,train,c6ee6e085813cf7b942d21f090f49c1f
histo_01966,histopathology/images/histo_01966.png,0,non_idc_or_benign,Breast Histopathology Images (IDC Benchmark / Cruz-Roa et al.),40x,50,50,3,test,ba56c0d65412345432834706aaa23e6a
histo_01967,histopathology/images/histo_01967.png,0,non_idc_or_benign,Breast Histopathology Images (IDC Benchmark / Cruz-Roa et al.),40x,50,50,3,test,6bd85461dd1747bf24e73e07ce2b360e
histo_01968,histopathology/images/histo_01968.png,0,non_idc_or_benign,Breast Histopathology Images (IDC Benchmark / Cruz-Roa et al.),40x,50,50,3,test,3a7ccf6fb1f24eca780f1536a5dbbaf7
histo_01969,histopathology/images/histo_01969.png,1,invasive_ductal_carcinoma,Breast Histopathology Images (IDC Benchmark / Cruz-Roa et al.),40x,50,50,3,val,ba41ffe7539f381f16d3369ce66812fe
histo_01970,histopathology/images/histo_01970.png,0,non_idc_or_benign,Breast Histopathology Images (IDC Benchmark / Cruz-Roa et al.),40x,50,50,3,train,d777ab3507ab80d7a071920a4c8c09c2
histo_01971,histopathology/images/histo_01971.png,0,non_idc_or_benign,Breast Histopathology Images (IDC Benchmark / Cruz-Roa et al.),40x,50,50,3,train,e91cf23ea32b4fa6662f7b28ec669dee
histo_01972,histopathology/images/histo_01972.png,1,invasive_ductal_carcinoma,Breast Histopathology Images (IDC Benchmark / Cruz-Roa et al.),40x,50,50,3,train,6a81bcffb2dbe6ccf474128fcf05627d
histo_01973,histopathology/images/histo_01973.png,0,non_idc_or_benign,Breast Histopathology Images (IDC Benchmark / Cruz-Roa et al.),40x,50,50,3,train,bf361cd8d128a58a90f1e71644dd2976
histo_01974,histopathology/images/histo_01974.png,0,non_idc_or_benign,Breast Histopathology Images (IDC Benchmark / Cruz-Roa et al.),40x,50,50,3,train,018044fb4a8cb49aee32ff43ef89e7e1
histo_01975,histopathology/images/histo_01975.png,1,invasive_ductal_carcinoma,Breast Histopathology Images (IDC Benchmark / Cruz-Roa et al.),40x,50,50,3,train,c972b2aae396108aba834571e16e4b2b
histo_01976,histopathology/images/histo_01976.png,0,non_idc_or_benign,Breast Histopathology Images (IDC Benchmark / Cruz-Roa et al.),40x,50,50,3,test,cce6d070dbec1fd9844c1ef960b43178
histo_01977,histopathology/images/histo_01977.png,0,non_idc_or_benign,Breast Histopathology Images (IDC Benchmark / Cruz-Roa et al.),40x,50,50,3,train,b1ab99e7e7d1f0d0750b1e63be033907
histo_01978,histopathology/images/histo_01978.png,0,non_idc_or_benign,Breast Histopathology Images (IDC Benchmark / Cruz-Roa et al.),40x,50,50,3,train,55086b0cef1c30a819190ce0a8df35ef
histo_01979,histopathology/images/histo_01979.png,0,non_idc_or_benign,Breast Histopathology Images (IDC Benchmark / Cruz-Roa et al.),40x,50,50,3,train,dae6919bac64e5eb8bf2f50bd97a138f
histo_01980,histopathology/images/histo_01980.png,0,non_idc_or_benign,Breast Histopathology Images (IDC Benchmark / Cruz-Roa et al.),40x,50,50,3,train,f8a838c57e44940f6d698d9a8c236127
histo_01981,histopathology/images/histo_01981.png,0,non_idc_or_benign,Breast Histopathology Images (IDC Benchmark / Cruz-Roa et al.),40x,50,50,3,train,451727493301bc72f0c1a7c21be24ef0
histo_01982,histopathology/images/histo_01982.png,0,non_idc_or_benign,Breast Histopathology Images (IDC Benchmark / Cruz-Roa et al.),40x,50,50,3,train,8eb827e227f68518296afdf6e65668e5
histo_01983,histopathology/images/histo_01983.png,0,non_idc_or_benign,Breast Histopathology Images (IDC Benchmark / Cruz-Roa et al.),40x,50,50,3,test,21995a7bfe6b54423bec81000b69371b
histo_01984,histopathology/images/histo_01984.png,0,non_idc_or_benign,Breast Histopathology Images (IDC Benchmark / Cruz-Roa et al.),40x,50,50,3,test,4e2093f232cfc7be961e5f26b4faed14
histo_01985,histopathology/images/histo_01985.png,1,invasive_ductal_carcinoma,Breast Histopathology Images (IDC Benchmark / Cruz-Roa et al.),40x,50,50,3,test,5dfb0354b3a916f9ddf93fa61b2278bf
histo_01986,histopathology/images/histo_01986.png,0,non_idc_or_benign,Breast Histopathology Images (IDC Benchmark / Cruz-Roa et al.),40x,50,50,3,train,7ebad87c09582db353d559fb9a874704
histo_01987,histopathology/images/histo_01987.png,0,non_idc_or_benign,Breast Histopathology Images (IDC Benchmark / Cruz-Roa et al.),40x,50,50,3,val,7fc907057049be65ae6d10bcba476fee
histo_01988,histopathology/images/histo_01988.png,0,non_idc_or_benign,Breast Histopathology Images (IDC Benchmark / Cruz-Roa et al.),40x,50,50,3,train,6b00b694a6bfc593dab86474f0b7709f
histo_01989,histopathology/images/histo_01989.png,1,invasive_ductal_carcinoma,Breast Histopathology Images (IDC Benchmark / Cruz-Roa et al.),40x,50,50,3,train,b34491b9f86192b89d5968aa2a81a38d
histo_01990,histopathology/images/histo_01990.png,0,non_idc_or_benign,Breast Histopathology Images (IDC Benchmark / Cruz-Roa et al.),40x,50,50,3,train,9c3a4bd43323ae49f183ec948253771b
histo_01991,histopathology/images/histo_01991.png,1,invasive_ductal_carcinoma,Breast Histopathology Images (IDC Benchmark / Cruz-Roa et al.),40x,50,50,3,train,e70f3b74dc1d895422f266bd8b6bb295
histo_01992,histopathology/images/histo_01992.png,0,non_idc_or_benign,Breast Histopathology Images (IDC Benchmark / Cruz-Roa et al.),40x,50,50,3,train,4be341d807f3255bded713c721ca3d6b
histo_01993,histopathology/images/histo_01993.png,1,invasive_ductal_carcinoma,Breast Histopathology Images (IDC Benchmark / Cruz-Roa et al.),40x,50,50,3,train,4a923d6aa0e38778de967c292e006c32
histo_01994,histopathology/images/histo_01994.png,0,non_idc_or_benign,Breast Histopathology Images (IDC Benchmark / Cruz-Roa et al.),40x,50,50,3,train,54461a95c2edfabb8058caab12bed370
histo_01995,histopathology/images/histo_01995.png,1,invasive_ductal_carcinoma,Breast Histopathology Images (IDC Benchmark / Cruz-Roa et al.),40x,50,50,3,test,5ff50104dca82dfc7dc93b23fdd91180
histo_01996,histopathology/images/histo_01996.png,0,non_idc_or_benign,Breast Histopathology Images (IDC Benchmark / Cruz-Roa et al.),40x,50,50,3,val,d4529547ffc6423e401aa07cabf1f43d
histo_01997,histopathology/images/histo_01997.png,1,invasive_ductal_carcinoma,Breast Histopathology Images (IDC Benchmark / Cruz-Roa et al.),40x,50,50,3,train,651011750d7ec23a54b8ee429514e360
histo_01998,histopathology/images/histo_01998.png,1,invasive_ductal_carcinoma,Breast Histopathology Images (IDC Benchmark / Cruz-Roa et al.),40x,50,50,3,train,688e0957f389a3aa8f86f45b2e61c767
histo_01999,histopathology/images/histo_01999.png,1,invasive_ductal_carcinoma,Breast Histopathology Images (IDC Benchmark / Cruz-Roa et al.),40x,50,50,3,train,9bd3f094789c18b8d88bd5d47a22d762
histo_02000,histopathology/images/histo_02000.png,0,non_idc_or_benign,Breast Histopathology Images (IDC Benchmark / Cruz-Roa et al.),40x,50,50,3,train,2ea85703f579652b30f42a27c8b3ace4
histo_02001,histopathology/images/histo_02001.png,0,non_idc_or_benign,Breast Histopathology Images (IDC Benchmark / Cruz-Roa et al.),40x,50,50,3,test,f989e645ee716e4c18e3f9e255005f9b
histo_02002,histopathology/images/histo_02002.png,0,non_idc_or_benign,Breast Histopathology Images (IDC Benchmark / Cruz-Roa et al.),40x,50,50,3,train,f85d9fea406e00cdccbd7b772830fe72
histo_02003,histopathology/images/histo_02003.png,0,non_idc_or_benign,Breast Histopathology Images (IDC Benchmark / Cruz-Roa et al.),40x,50,50,3,train,c23c1e6cb5cda04a2f67480d68f6978e
histo_02004,histopathology/images/histo_02004.png,1,invasive_ductal_carcinoma,Breast Histopathology Images (IDC Benchmark / Cruz-Roa et al.),40x,50,50,3,train,bd21115624adeac6f4e3b2bbd17f88f6
histo_02005,histopathology/images/histo_02005.png,0,non_idc_or_benign,Breast Histopathology Images (IDC Benchmark / Cruz-Roa et al.),40x,50,50,3,train,3c76254bfd7610a061e6c5ae19704cdd
histo_02006,histopathology/images/histo_02006.png,1,invasive_ductal_carcinoma,Breast Histopathology Images (IDC Benchmark / Cruz-Roa et al.),40x,50,50,3,val,80fa07ee4adbe7459af59da3e329e4b6
histo_02007,histopathology/images/histo_02007.png,0,non_idc_or_benign,Breast Histopathology Images (IDC Benchmark / Cruz-Roa et al.),40x,50,50,3,train,39c8c477261d3765ac471be2b959ed3d
histo_02008,histopathology/images/histo_02008.png,0,non_idc_or_benign,Breast Histopathology Images (IDC Benchmark / Cruz-Roa et al.),40x,50,50,3,train,9317193a31d8da0e4f1c9487f05397ee
histo_02009,histopathology/images/histo_02009.png,1,invasive_ductal_carcinoma,Breast Histopathology Images (IDC Benchmark / Cruz-Roa et al.),40x,50,50,3,train,4f9bd72358f2546eccaf22b738239031
histo_02010,histopathology/images/histo_02010.png,0,non_idc_or_benign,Breast Histopathology Images (IDC Benchmark / Cruz-Roa et al.),40x,50,50,3,train,358bbc3401196630a2ca835041a497f7
histo_02011,histopathology/images/histo_02011.png,1,invasive_ductal_carcinoma,Breast Histopathology Images (IDC Benchmark / Cruz-Roa et al.),40x,50,50,3,val,fbe2caa3c6dd145d306bbc7b23d33582
histo_02012,histopathology/images/histo_02012.png,1,invasive_ductal_carcinoma,Breast Histopathology Images (IDC Benchmark / Cruz-Roa et al.),40x,50,50,3,train,1301e86f1dd0dab1c0a11016e369415b
histo_02013,histopathology/images/histo_02013.png,0,non_idc_or_benign,Breast Histopathology Images (IDC Benchmark / Cruz-Roa et al.),40x,50,50,3,train,affe4b1f697225d9ec377d8abdcbfb8a
histo_02014,histopathology/images/histo_02014.png,1,invasive_ductal_carcinoma,Breast Histopathology Images (IDC Benchmark / Cruz-Roa et al.),40x,50,50,3,train,e83371e836ab61eadb43c2bc35f5b035
histo_02015,histopathology/images/histo_02015.png,1,invasive_ductal_carcinoma,Breast Histopathology Images (IDC Benchmark / Cruz-Roa et al.),40x,50,50,3,train,cbf38d92c9f9cc778d73649586fa7c4b
histo_02016,histopathology/images/histo_02016.png,1,invasive_ductal_carcinoma,Breast Histopathology Images (IDC Benchmark / Cruz-Roa et al.),40x,50,50,3,train,b8bdbbcbbad0c90dc021a1f352cfd776
histo_02017,histopathology/images/histo_02017.png,0,non_idc_or_benign,Breast Histopathology Images (IDC Benchmark / Cruz-Roa et al.),40x,50,50,3,train,15b03563a9370a1eee747a70c5247395
histo_02018,histopathology/images/histo_02018.png,0,non_idc_or_benign,Breast Histopathology Images (IDC Benchmark / Cruz-Roa et al.),40x,50,50,3,train,64f079e2b8d4b871dc7b124be6ffe57b
histo_02019,histopathology/images/histo_02019.png,0,non_idc_or_benign,Breast Histopathology Images (IDC Benchmark / Cruz-Roa et al.),40x,50,50,3,train,97c452a72f59aea4e96c92b8ca053487
histo_02020,histopathology/images/histo_02020.png,0,non_idc_or_benign,Breast Histopathology Images (IDC Benchmark / Cruz-Roa et al.),40x,50,50,3,train,5638d18514ba80e41812d5bdb01f7fe7
histo_02021,histopathology/images/histo_02021.png,0,non_idc_or_benign,Breast Histopathology Images (IDC Benchmark / Cruz-Roa et al.),40x,50,50,3,train,dda842a3532bd463dd0893ad3d30feaa
histo_02022,histopathology/images/histo_02022.png,0,non_idc_or_benign,Breast Histopathology Images (IDC Benchmark / Cruz-Roa et al.),40x,50,50,3,train,065ac49575421b4ee6e0738de412f61b
histo_02023,histopathology/images/histo_02023.png,0,non_idc_or_benign,Breast Histopathology Images (IDC Benchmark / Cruz-Roa et al.),40x,50,50,3,train,57519e19fc07e862018cb3cea5b17c69
histo_02024,histopathology/images/histo_02024.png,0,non_idc_or_benign,Breast Histopathology Images (IDC Benchmark / Cruz-Roa et al.),40x,50,50,3,train,ed56f9413a5cc5e588e88ee56147aaf2
histo_02025,histopathology/images/histo_02025.png,0,non_idc_or_benign,Breast Histopathology Images (IDC Benchmark / Cruz-Roa et al.),40x,50,50,3,val,27dafda86410ac6ea3816c59fdbced23
histo_02026,histopathology/images/histo_02026.png,0,non_idc_or_benign,Breast Histopathology Images (IDC Benchmark / Cruz-Roa et al.),40x,50,50,3,train,517a0ccb1f7950134ebeabdcd95aaaa2
histo_02027,histopathology/images/histo_02027.png,0,non_idc_or_benign,Breast Histopathology Images (IDC Benchmark / Cruz-Roa et al.),40x,50,50,3,train,646924c54ebe7651d0ca735df9fa6490
histo_02028,histopathology/images/histo_02028.png,1,invasive_ductal_carcinoma,Breast Histopathology Images (IDC Benchmark / Cruz-Roa et al.),40x,50,50,3,test,b061a939ec26ea3f40e743eb7eba36d2
histo_02029,histopathology/images/histo_02029.png,0,non_idc_or_benign,Breast Histopathology Images (IDC Benchmark / Cruz-Roa et al.),40x,50,50,3,train,e086472de974a5f24a302ae9ffab788e
histo_02030,histopathology/images/histo_02030.png,0,non_idc_or_benign,Breast Histopathology Images (IDC Benchmark / Cruz-Roa et al.),40x,50,50,3,train,20abc757017600959a23d3fb4f1030ae
histo_02031,histopathology/images/histo_02031.png,1,invasive_ductal_carcinoma,Breast Histopathology Images (IDC Benchmark / Cruz-Roa et al.),40x,50,50,3,test,fa22d3130c71365434141cba5ffc245e
histo_02032,histopathology/images/histo_02032.png,1,invasive_ductal_carcinoma,Breast Histopathology Images (IDC Benchmark / Cruz-Roa et al.),40x,50,50,3,train,b2e9d14cc13cd12c9195e5a4a65f86e8
histo_02033,histopathology/images/histo_02033.png,1,invasive_ductal_carcinoma,Breast Histopathology Images (IDC Benchmark / Cruz-Roa et al.),40x,50,50,3,test,8cbcede8a106a948aa6dcc38a5d7b8d5
histo_02034,histopathology/images/histo_02034.png,0,non_idc_or_benign,Breast Histopathology Images (IDC Benchmark / Cruz-Roa et al.),40x,50,50,3,train,0a47ace0062cdc921e438f4e2be1bc14
histo_02035,histopathology/images/histo_02035.png,0,non_idc_or_benign,Breast Histopathology Images (IDC Benchmark / Cruz-Roa et al.),40x,50,50,3,train,e27b5766ec035aae9a615a3b3daff3fc
histo_02036,histopathology/images/histo_02036.png,0,non_idc_or_benign,Breast Histopathology Images (IDC Benchmark / Cruz-Roa et al.),40x,50,50,3,train,9b4f6785422df7ef0cecf998f8baebd6
histo_02037,histopathology/images/histo_02037.png,1,invasive_ductal_carcinoma,Breast Histopathology Images (IDC Benchmark / Cruz-Roa et al.),40x,50,50,3,train,76db545e853afeeb1bb08ed30c3d1d11
histo_02038,histopathology/images/histo_02038.png,0,non_idc_or_benign,Breast Histopathology Images (IDC Benchmark / Cruz-Roa et al.),40x,50,50,3,train,4a972d6dda7b5cca678f30a00169ba08
histo_02039,histopathology/images/histo_02039.png,0,non_idc_or_benign,Breast Histopathology Images (IDC Benchmark / Cruz-Roa et al.),40x,50,50,3,train,249ccd2aece2080ce5768c9139cd95e5
histo_02040,histopathology/images/histo_02040.png,0,non_idc_or_benign,Breast Histopathology Images (IDC Benchmark / Cruz-Roa et al.),40x,50,50,3,train,9fbf09693c7e97c5bc6926e99e218f67
histo_02041,histopathology/images/histo_02041.png,0,non_idc_or_benign,Breast Histopathology Images (IDC Benchmark / Cruz-Roa et al.),40x,50,50,3,train,a29b86aa26fe98bb37991dd886958150
histo_02042,histopathology/images/histo_02042.png,0,non_idc_or_benign,Breast Histopathology Images (IDC Benchmark / Cruz-Roa et al.),40x,50,50,3,train,326a961d26bc763ee103764c4b11b42e
histo_02043,histopathology/images/histo_02043.png,1,invasive_ductal_carcinoma,Breast Histopathology Images (IDC Benchmark / Cruz-Roa et al.),40x,50,50,3,train,164edc1d52be35f35cd43eed930d0c80
histo_02044,histopathology/images/histo_02044.png,1,invasive_ductal_carcinoma,Breast Histopathology Images (IDC Benchmark / Cruz-Roa et al.),40x,50,50,3,train,711d03e849b8f74dd31abec737cdf9d7
histo_02045,histopathology/images/histo_02045.png,1,invasive_ductal_carcinoma,Breast Histopathology Images (IDC Benchmark / Cruz-Roa et al.),40x,50,50,3,train,1e317752d46b2cfde0ea727482be4152
histo_02046,histopathology/images/histo_02046.png,0,non_idc_or_benign,Breast Histopathology Images (IDC Benchmark / Cruz-Roa et al.),40x,50,50,3,train,91d211418af8c8052e50138073c28f20
histo_02047,histopathology/images/histo_02047.png,0,non_idc_or_benign,Breast Histopathology Images (IDC Benchmark / Cruz-Roa et al.),40x,50,50,3,train,39a9fb8826997ea3bd2926032db3d882
histo_02048,histopathology/images/histo_02048.png,0,non_idc_or_benign,Breast Histopathology Images (IDC Benchmark / Cruz-Roa et al.),40x,50,50,3,train,cd5bf1a0f03f7bd11ee1063cd8923649
histo_02049,histopathology/images/histo_02049.png,1,invasive_ductal_carcinoma,Breast Histopathology Images (IDC Benchmark / Cruz-Roa et al.),40x,50,50,3,val,aba1fabc6f9a10eefdb4df3b0c581429
histo_02050,histopathology/images/histo_02050.png,0,non_idc_or_benign,Breast Histopathology Images (IDC Benchmark / Cruz-Roa et al.),40x,50,50,3,train,c78f99d095ae31abe94deaa8497c7123
histo_02051,histopathology/images/histo_02051.png,0,non_idc_or_benign,Breast Histopathology Images (IDC Benchmark / Cruz-Roa et al.),40x,50,50,3,train,200a8481754e6f7c387c5aeced56f64c
histo_02052,histopathology/images/histo_02052.png,1,invasive_ductal_carcinoma,Breast Histopathology Images (IDC Benchmark / Cruz-Roa et al.),40x,50,50,3,test,e90d1ae122d3c123e1f308cb54fd4186
histo_02053,histopathology/images/histo_02053.png,0,non_idc_or_benign,Breast Histopathology Images (IDC Benchmark / Cruz-Roa et al.),40x,50,50,3,train,93a10e360c474b3205fd4ef576080764
histo_02054,histopathology/images/histo_02054.png,0,non_idc_or_benign,Breast Histopathology Images (IDC Benchmark / Cruz-Roa et al.),40x,50,50,3,train,b1a741ceb0b1f242252456791083fc0b
histo_02055,histopathology/images/histo_02055.png,0,non_idc_or_benign,Breast Histopathology Images (IDC Benchmark / Cruz-Roa et al.),40x,50,50,3,test,a8708ae3a53c6c6772c9dfa30b53f589
histo_02056,histopathology/images/histo_02056.png,0,non_idc_or_benign,Breast Histopathology Images (IDC Benchmark / Cruz-Roa et al.),40x,50,50,3,train,8553581d949315012f0b36a962e8ddc8
histo_02057,histopathology/images/histo_02057.png,0,non_idc_or_benign,Breast Histopathology Images (IDC Benchmark / Cruz-Roa et al.),40x,50,50,3,train,87f8bbe2fe2fdf9a1ec09465290a37cc
histo_02058,histopathology/images/histo_02058.png,0,non_idc_or_benign,Breast Histopathology Images (IDC Benchmark / Cruz-Roa et al.),40x,50,50,3,train,c92fa5b208768a55fadf28dc2c8bf012
histo_02059,histopathology/images/histo_02059.png,1,invasive_ductal_carcinoma,Breast Histopathology Images (IDC Benchmark / Cruz-Roa et al.),40x,50,50,3,val,e176725e5eaf1fa7f1c588c4be7575ed
histo_02060,histopathology/images/histo_02060.png,0,non_idc_or_benign,Breast Histopathology Images (IDC Benchmark / Cruz-Roa et al.),40x,50,50,3,test,8c9e195c0aee209c3d80f6428dca082c
histo_02061,histopathology/images/histo_02061.png,0,non_idc_or_benign,Breast Histopathology Images (IDC Benchmark / Cruz-Roa et al.),40x,50,50,3,train,4b78d46be201a0765ecc2c2343eb271e
histo_02062,histopathology/images/histo_02062.png,1,invasive_ductal_carcinoma,Breast Histopathology Images (IDC Benchmark / Cruz-Roa et al.),40x,50,50,3,train,bba0c20943a3b11498044c98ac60617c
histo_02063,histopathology/images/histo_02063.png,1,invasive_ductal_carcinoma,Breast Histopathology Images (IDC Benchmark / Cruz-Roa et al.),40x,50,50,3,val,aedc5122913226b4294a621624f1ee57
histo_02064,histopathology/images/histo_02064.png,0,non_idc_or_benign,Breast Histopathology Images (IDC Benchmark / Cruz-Roa et al.),40x,50,50,3,val,6046b91e0bb3e5fddff348b2d5604213
histo_02065,histopathology/images/histo_02065.png,0,non_idc_or_benign,Breast Histopathology Images (IDC Benchmark / Cruz-Roa et al.),40x,50,50,3,train,e69e1c4bd27353a87b161858a29df8e4
histo_02066,histopathology/images/histo_02066.png,1,invasive_ductal_carcinoma,Breast Histopathology Images (IDC Benchmark / Cruz-Roa et al.),40x,50,50,3,train,47fc74cd545b3e8a47c986ed0dabeb0c
histo_02067,histopathology/images/histo_02067.png,0,non_idc_or_benign,Breast Histopathology Images (IDC Benchmark / Cruz-Roa et al.),40x,50,50,3,val,a6a562f0708838dc1262d173567b684a
histo_02068,histopathology/images/histo_02068.png,0,non_idc_or_benign,Breast Histopathology Images (IDC Benchmark / Cruz-Roa et al.),40x,50,50,3,train,28437eb50a12a646bcbc0af816cf9195
histo_02069,histopathology/images/histo_02069.png,1,invasive_ductal_carcinoma,Breast Histopathology Images (IDC Benchmark / Cruz-Roa et al.),40x,50,50,3,train,bab41690b2a9fae5fa1d969690d73b69
histo_02070,histopathology/images/histo_02070.png,0,non_idc_or_benign,Breast Histopathology Images (IDC Benchmark / Cruz-Roa et al.),40x,50,50,3,train,300cef6f2799b3a0c664e9304d25f8b8
histo_02071,histopathology/images/histo_02071.png,0,non_idc_or_benign,Breast Histopathology Images (IDC Benchmark / Cruz-Roa et al.),40x,50,50,3,test,be0cbd493b04ba48763e53de4dde6161
histo_02072,histopathology/images/histo_02072.png,1,invasive_ductal_carcinoma,Breast Histopathology Images (IDC Benchmark / Cruz-Roa et al.),40x,50,50,3,val,50ec5dbb16f225fd1d6e2f4f933e84cf
histo_02073,histopathology/images/histo_02073.png,0,non_idc_or_benign,Breast Histopathology Images (IDC Benchmark / Cruz-Roa et al.),40x,50,50,3,train,1d544371bd48487757f0467b7954ef14
histo_02074,histopathology/images/histo_02074.png,1,invasive_ductal_carcinoma,Breast Histopathology Images (IDC Benchmark / Cruz-Roa et al.),40x,50,50,3,train,d9fbc2b0f2b97d23bdc5251ef7e8919a
histo_02075,histopathology/images/histo_02075.png,0,non_idc_or_benign,Breast Histopathology Images (IDC Benchmark / Cruz-Roa et al.),40x,50,50,3,train,a24fb5841b62790be5f8b539fbc1f165
histo_02076,histopathology/images/histo_02076.png,0,non_idc_or_benign,Breast Histopathology Images (IDC Benchmark / Cruz-Roa et al.),40x,50,50,3,val,fe50dce1bf84f3be8de4e60e0214c98c
histo_02077,histopathology/images/histo_02077.png,0,non_idc_or_benign,Breast Histopathology Images (IDC Benchmark / Cruz-Roa et al.),40x,50,50,3,train,36f749a47622c1abd5a4b7751a3d125e
histo_02078,histopathology/images/histo_02078.png,0,non_idc_or_benign,Breast Histopathology Images (IDC Benchmark / Cruz-Roa et al.),40x,50,50,3,train,b3e869bb41a4daf1c1b2ca76a5588120
histo_02079,histopathology/images/histo_02079.png,0,non_idc_or_benign,Breast Histopathology Images (IDC Benchmark / Cruz-Roa et al.),40x,50,50,3,train,74dc6faf5cad17fba00e4d1e9543e21b
histo_02080,histopathology/images/histo_02080.png,1,invasive_ductal_carcinoma,Breast Histopathology Images (IDC Benchmark / Cruz-Roa et al.),40x,50,50,3,train,868d43d057b0d81eb1650aa716226c86
histo_02081,histopathology/images/histo_02081.png,1,invasive_ductal_carcinoma,Breast Histopathology Images (IDC Benchmark / Cruz-Roa et al.),40x,50,50,3,train,9b24a62e59c513b8124f1c99d81ea476
histo_02082,histopathology/images/histo_02082.png,0,non_idc_or_benign,Breast Histopathology Images (IDC Benchmark / Cruz-Roa et al.),40x,50,50,3,train,b552798f7a2648bb9379222f4de55d5c
histo_02083,histopathology/images/histo_02083.png,0,non_idc_or_benign,Breast Histopathology Images (IDC Benchmark / Cruz-Roa et al.),40x,50,50,3,train,df87530723089493ca16e17191ebb88d
histo_02084,histopathology/images/histo_02084.png,0,non_idc_or_benign,Breast Histopathology Images (IDC Benchmark / Cruz-Roa et al.),40x,50,50,3,train,5a7dccb4a5c0cb07c554414d89a2ff9e
histo_02085,histopathology/images/histo_02085.png,0,non_idc_or_benign,Breast Histopathology Images (IDC Benchmark / Cruz-Roa et al.),40x,50,50,3,train,c995a72303d484cda663485985a9610c
histo_02086,histopathology/images/histo_02086.png,1,invasive_ductal_carcinoma,Breast Histopathology Images (IDC Benchmark / Cruz-Roa et al.),40x,50,50,3,train,224e73108df8a0e90493773fc0a8252a
histo_02087,histopathology/images/histo_02087.png,1,invasive_ductal_carcinoma,Breast Histopathology Images (IDC Benchmark / Cruz-Roa et al.),40x,50,50,3,test,b74fad7a2ea85a13930ac6b2e36356ae
histo_02088,histopathology/images/histo_02088.png,0,non_idc_or_benign,Breast Histopathology Images (IDC Benchmark / Cruz-Roa et al.),40x,50,50,3,train,430ca4acd153dd93a4bbb18aaafffd74
histo_02089,histopathology/images/histo_02089.png,1,invasive_ductal_carcinoma,Breast Histopathology Images (IDC Benchmark / Cruz-Roa et al.),40x,50,50,3,val,f54c4ca63779ae2d4f7042a1154ff492
histo_02090,histopathology/images/histo_02090.png,0,non_idc_or_benign,Breast Histopathology Images (IDC Benchmark / Cruz-Roa et al.),40x,50,50,3,train,de97c928045bd929416ccc1b53c4c714
histo_02091,histopathology/images/histo_02091.png,1,invasive_ductal_carcinoma,Breast Histopathology Images (IDC Benchmark / Cruz-Roa et al.),40x,50,50,3,train,fc223aca4e3f51e1a8479352a9413cad
histo_02092,histopathology/images/histo_02092.png,0,non_idc_or_benign,Breast Histopathology Images (IDC Benchmark / Cruz-Roa et al.),40x,50,50,3,train,1844d8e5134bbf1bf83793d5c4e61998
histo_02093,histopathology/images/histo_02093.png,0,non_idc_or_benign,Breast Histopathology Images (IDC Benchmark / Cruz-Roa et al.),40x,50,50,3,train,5902c3d1cf43f49a41850c5ee44bb988
histo_02094,histopathology/images/histo_02094.png,0,non_idc_or_benign,Breast Histopathology Images (IDC Benchmark / Cruz-Roa et al.),40x,50,50,3,train,9ff80bfe834192a29bb08a8f5d434f7a
histo_02095,histopathology/images/histo_02095.png,0,non_idc_or_benign,Breast Histopathology Images (IDC Benchmark / Cruz-Roa et al.),40x,50,50,3,train,137d69844eb7118d5b738464a679c7eb
histo_02096,histopathology/images/histo_02096.png,1,invasive_ductal_carcinoma,Breast Histopathology Images (IDC Benchmark / Cruz-Roa et al.),40x,50,50,3,train,1c02677aef687628bc39f1b13196d16c
histo_02097,histopathology/images/histo_02097.png,0,non_idc_or_benign,Breast Histopathology Images (IDC Benchmark / Cruz-Roa et al.),40x,50,50,3,test,bd66052a117000cc7662e18e0bbd1b53
histo_02098,histopathology/images/histo_02098.png,1,invasive_ductal_carcinoma,Breast Histopathology Images (IDC Benchmark / Cruz-Roa et al.),40x,50,50,3,test,b7290122c71113209678fb8332e6d36f
histo_02099,histopathology/images/histo_02099.png,0,non_idc_or_benign,Breast Histopathology Images (IDC Benchmark / Cruz-Roa et al.),40x,50,50,3,test,3bbcafb0113e61ccc65b0db0992440fb
histo_02100,histopathology/images/histo_02100.png,1,invasive_ductal_carcinoma,Breast Histopathology Images (IDC Benchmark / Cruz-Roa et al.),40x,50,50,3,train,405c78b0afe24f8b867ce69b54042b5a
histo_02101,histopathology/images/histo_02101.png,0,non_idc_or_benign,Breast Histopathology Images (IDC Benchmark / Cruz-Roa et al.),40x,50,50,3,test,e38a40d310eef8e28e9590211d3c18ce
histo_02102,histopathology/images/histo_02102.png,1,invasive_ductal_carcinoma,Breast Histopathology Images (IDC Benchmark / Cruz-Roa et al.),40x,50,50,3,train,bbd0250cbd10fdab47627f67d3132e2b
histo_02103,histopathology/images/histo_02103.png,0,non_idc_or_benign,Breast Histopathology Images (IDC Benchmark / Cruz-Roa et al.),40x,50,50,3,train,bf096523bc0abeab384e30a5360d3533
histo_02104,histopathology/images/histo_02104.png,0,non_idc_or_benign,Breast Histopathology Images (IDC Benchmark / Cruz-Roa et al.),40x,50,50,3,train,ca5f8762defbe1e9f5c9b5dd105feb7d
histo_02105,histopathology/images/histo_02105.png,0,non_idc_or_benign,Breast Histopathology Images (IDC Benchmark / Cruz-Roa et al.),40x,50,50,3,train,e4219a9982ce45e47938a89f18189fdf
histo_02106,histopathology/images/histo_02106.png,0,non_idc_or_benign,Breast Histopathology Images (IDC Benchmark / Cruz-Roa et al.),40x,50,50,3,val,e08b4dc7a51695b8fa0e62da5713f466
histo_02107,histopathology/images/histo_02107.png,0,non_idc_or_benign,Breast Histopathology Images (IDC Benchmark / Cruz-Roa et al.),40x,50,50,3,train,61ffddd0dcd90508634582746cce6488
histo_02108,histopathology/images/histo_02108.png,0,non_idc_or_benign,Breast Histopathology Images (IDC Benchmark / Cruz-Roa et al.),40x,50,50,3,train,68b8c96f14e383ab6379a676c6f925a7
histo_02109,histopathology/images/histo_02109.png,1,invasive_ductal_carcinoma,Breast Histopathology Images (IDC Benchmark / Cruz-Roa et al.),40x,50,50,3,train,96d5e7b985e73ec40572c7f8fcb62b05
histo_02110,histopathology/images/histo_02110.png,0,non_idc_or_benign,Breast Histopathology Images (IDC Benchmark / Cruz-Roa et al.),40x,50,50,3,train,f7914bf928fb67d857c678f1cb004286
histo_02111,histopathology/images/histo_02111.png,1,invasive_ductal_carcinoma,Breast Histopathology Images (IDC Benchmark / Cruz-Roa et al.),40x,50,50,3,test,fb15cf174ec69a767f1cc2abe7ad8f84
histo_02112,histopathology/images/histo_02112.png,0,non_idc_or_benign,Breast Histopathology Images (IDC Benchmark / Cruz-Roa et al.),40x,50,50,3,val,7d95f9154632860d75ab91d3d7a0b8f9
histo_02113,histopathology/images/histo_02113.png,0,non_idc_or_benign,Breast Histopathology Images (IDC Benchmark / Cruz-Roa et al.),40x,50,50,3,val,b25504821e3bdce96feca3d6d5486fec
histo_02114,histopathology/images/histo_02114.png,1,invasive_ductal_carcinoma,Breast Histopathology Images (IDC Benchmark / Cruz-Roa et al.),40x,50,50,3,val,9411335e7c72bb5814c79518a020cf4b
histo_02115,histopathology/images/histo_02115.png,0,non_idc_or_benign,Breast Histopathology Images (IDC Benchmark / Cruz-Roa et al.),40x,50,50,3,train,5bf9565f6aa883bb5373af88854495d9
histo_02116,histopathology/images/histo_02116.png,0,non_idc_or_benign,Breast Histopathology Images (IDC Benchmark / Cruz-Roa et al.),40x,50,50,3,test,351c2bf755bcc579dae1e71b7599546e
histo_02117,histopathology/images/histo_02117.png,1,invasive_ductal_carcinoma,Breast Histopathology Images (IDC Benchmark / Cruz-Roa et al.),40x,50,50,3,train,78dc0f56f8e0891a784da4928078e658
histo_02118,histopathology/images/histo_02118.png,1,invasive_ductal_carcinoma,Breast Histopathology Images (IDC Benchmark / Cruz-Roa et al.),40x,50,50,3,train,ae9888b7984f6bf029ee903f3ff67fe0
histo_02119,histopathology/images/histo_02119.png,0,non_idc_or_benign,Breast Histopathology Images (IDC Benchmark / Cruz-Roa et al.),40x,50,50,3,train,55fbe02c35be748b867ff34f1589055f
histo_02120,histopathology/images/histo_02120.png,1,invasive_ductal_carcinoma,Breast Histopathology Images (IDC Benchmark / Cruz-Roa et al.),40x,50,50,3,train,6517af10f3dc0abefbd50bc101a401e0
histo_02121,histopathology/images/histo_02121.png,0,non_idc_or_benign,Breast Histopathology Images (IDC Benchmark / Cruz-Roa et al.),40x,50,50,3,test,f2eeaf10928270bb077eca3b3c83080c
histo_02122,histopathology/images/histo_02122.png,0,non_idc_or_benign,Breast Histopathology Images (IDC Benchmark / Cruz-Roa et al.),40x,50,50,3,train,a66db316583736b26fd16a6af456e88c
histo_02123,histopathology/images/histo_02123.png,0,non_idc_or_benign,Breast Histopathology Images (IDC Benchmark / Cruz-Roa et al.),40x,50,50,3,val,ff9cd792ab5f56b1ab136ceae5fa3c38
histo_02124,histopathology/images/histo_02124.png,0,non_idc_or_benign,Breast Histopathology Images (IDC Benchmark / Cruz-Roa et al.),40x,50,50,3,train,babba731360ef997253d271a3d5a8404
histo_02125,histopathology/images/histo_02125.png,0,non_idc_or_benign,Breast Histopathology Images (IDC Benchmark / Cruz-Roa et al.),40x,50,50,3,train,621522491830de471827976b70ba79b9
histo_02126,histopathology/images/histo_02126.png,0,non_idc_or_benign,Breast Histopathology Images (IDC Benchmark / Cruz-Roa et al.),40x,50,50,3,test,c01e74965b2e04b49422fdac653a19b5
histo_02127,histopathology/images/histo_02127.png,0,non_idc_or_benign,Breast Histopathology Images (IDC Benchmark / Cruz-Roa et al.),40x,50,50,3,train,a506199529f956137d27d35bbfdb0e2e
histo_02128,histopathology/images/histo_02128.png,1,invasive_ductal_carcinoma,Breast Histopathology Images (IDC Benchmark / Cruz-Roa et al.),40x,50,50,3,train,be2c3886774cdd748990f8182a3a7ef5
histo_02129,histopathology/images/histo_02129.png,0,non_idc_or_benign,Breast Histopathology Images (IDC Benchmark / Cruz-Roa et al.),40x,50,50,3,train,cc06a1b48f4f7b01a9d309d13be101ee
histo_02130,histopathology/images/histo_02130.png,0,non_idc_or_benign,Breast Histopathology Images (IDC Benchmark / Cruz-Roa et al.),40x,50,50,3,train,5b8c3c676409f70bd21fff9eeaa8edb8
histo_02131,histopathology/images/histo_02131.png,1,invasive_ductal_carcinoma,Breast Histopathology Images (IDC Benchmark / Cruz-Roa et al.),40x,50,50,3,train,ff725d0801ed6e2edcaafc6d16eb6571
histo_02132,histopathology/images/histo_02132.png,0,non_idc_or_benign,Breast Histopathology Images (IDC Benchmark / Cruz-Roa et al.),40x,50,50,3,train,28e79e028f83f8937f0db3e32e51bf3f
histo_02133,histopathology/images/histo_02133.png,0,non_idc_or_benign,Breast Histopathology Images (IDC Benchmark / Cruz-Roa et al.),40x,50,50,3,train,779d03a4cbc09d4b8a95f8204714d28d
histo_02134,histopathology/images/histo_02134.png,0,non_idc_or_benign,Breast Histopathology Images (IDC Benchmark / Cruz-Roa et al.),40x,50,50,3,train,c35cb5dd1767a85b0234eecf2c8c927d
histo_02135,histopathology/images/histo_02135.png,0,non_idc_or_benign,Breast Histopathology Images (IDC Benchmark / Cruz-Roa et al.),40x,50,50,3,train,94a0525f172ab39655a6b09bb86e9525
histo_02136,histopathology/images/histo_02136.png,0,non_idc_or_benign,Breast Histopathology Images (IDC Benchmark / Cruz-Roa et al.),40x,50,50,3,train,215aa7ed7c244361e06baa22a861f799
histo_02137,histopathology/images/histo_02137.png,0,non_idc_or_benign,Breast Histopathology Images (IDC Benchmark / Cruz-Roa et al.),40x,50,50,3,train,9a5751ccbe2172b616d5f50e08753ed6
histo_02138,histopathology/images/histo_02138.png,0,non_idc_or_benign,Breast Histopathology Images (IDC Benchmark / Cruz-Roa et al.),40x,50,50,3,train,42d469df9d2e46afc2cd60483ed97538
histo_02139,histopathology/images/histo_02139.png,0,non_idc_or_benign,Breast Histopathology Images (IDC Benchmark / Cruz-Roa et al.),40x,50,50,3,train,56e725745736c92322e3c450f876fd07
histo_02140,histopathology/images/histo_02140.png,0,non_idc_or_benign,Breast Histopathology Images (IDC Benchmark / Cruz-Roa et al.),40x,50,50,3,train,a10122597041964bc711bfbfbd6e8732
histo_02141,histopathology/images/histo_02141.png,0,non_idc_or_benign,Breast Histopathology Images (IDC Benchmark / Cruz-Roa et al.),40x,50,50,3,test,9f5ca2d4268824e0a2a38f8a7a9f9fc8
histo_02142,histopathology/images/histo_02142.png,1,invasive_ductal_carcinoma,Breast Histopathology Images (IDC Benchmark / Cruz-Roa et al.),40x,50,50,3,train,55488e759ebaa3ef282cd586a66d3988
histo_02143,histopathology/images/histo_02143.png,0,non_idc_or_benign,Breast Histopathology Images (IDC Benchmark / Cruz-Roa et al.),40x,50,50,3,train,868969a0f4435a870a3c7ee24940a189
histo_02144,histopathology/images/histo_02144.png,0,non_idc_or_benign,Breast Histopathology Images (IDC Benchmark / Cruz-Roa et al.),40x,50,50,3,val,87e4628e6cdca7f7048e4e72ec8751f0
histo_02145,histopathology/images/histo_02145.png,0,non_idc_or_benign,Breast Histopathology Images (IDC Benchmark / Cruz-Roa et al.),40x,50,50,3,train,72f22b0041efe2059b3b4b650e95b4f6
histo_02146,histopathology/images/histo_02146.png,0,non_idc_or_benign,Breast Histopathology Images (IDC Benchmark / Cruz-Roa et al.),40x,50,50,3,test,cde2836fea02d039bc0cfea2c93b3d97
histo_02147,histopathology/images/histo_02147.png,0,non_idc_or_benign,Breast Histopathology Images (IDC Benchmark / Cruz-Roa et al.),40x,50,50,3,train,e7c72012c4a8d3d4f10d9c065345dba6
histo_02148,histopathology/images/histo_02148.png,0,non_idc_or_benign,Breast Histopathology Images (IDC Benchmark / Cruz-Roa et al.),40x,50,50,3,train,091a12a8ee60048bbff0baa97ba075dc
histo_02149,histopathology/images/histo_02149.png,0,non_idc_or_benign,Breast Histopathology Images (IDC Benchmark / Cruz-Roa et al.),40x,50,50,3,test,d150c269c2bb31732ab67c2f3e26967b
histo_02150,histopathology/images/histo_02150.png,0,non_idc_or_benign,Breast Histopathology Images (IDC Benchmark / Cruz-Roa et al.),40x,50,50,3,val,7c147374735dfa8c4eeb4df49f494809
histo_02151,histopathology/images/histo_02151.png,0,non_idc_or_benign,Breast Histopathology Images (IDC Benchmark / Cruz-Roa et al.),40x,50,50,3,train,d0b51db86a1d56c08626ac0775a48278
histo_02152,histopathology/images/histo_02152.png,0,non_idc_or_benign,Breast Histopathology Images (IDC Benchmark / Cruz-Roa et al.),40x,50,50,3,val,2eb917171f2dcaabef12544c24363757
histo_02153,histopathology/images/histo_02153.png,0,non_idc_or_benign,Breast Histopathology Images (IDC Benchmark / Cruz-Roa et al.),40x,50,50,3,train,b14effb94118a002781bc09508973264
histo_02154,histopathology/images/histo_02154.png,0,non_idc_or_benign,Breast Histopathology Images (IDC Benchmark / Cruz-Roa et al.),40x,50,50,3,train,5c3809ae4dedf75381741a05e9c98fa8
histo_02155,histopathology/images/histo_02155.png,0,non_idc_or_benign,Breast Histopathology Images (IDC Benchmark / Cruz-Roa et al.),40x,50,50,3,train,3c495c1ff27db904814f1f1d8dfac2ae
histo_02156,histopathology/images/histo_02156.png,0,non_idc_or_benign,Breast Histopathology Images (IDC Benchmark / Cruz-Roa et al.),40x,50,50,3,test,722e495cab16285429b988c99231305c
histo_02157,histopathology/images/histo_02157.png,0,non_idc_or_benign,Breast Histopathology Images (IDC Benchmark / Cruz-Roa et al.),40x,50,50,3,test,a69c0c601eb649eb9a75c89298545fdf
histo_02158,histopathology/images/histo_02158.png,1,invasive_ductal_carcinoma,Breast Histopathology Images (IDC Benchmark / Cruz-Roa et al.),40x,50,50,3,test,bd480e44807b8aae9789ab216a6f0f71
histo_02159,histopathology/images/histo_02159.png,0,non_idc_or_benign,Breast Histopathology Images (IDC Benchmark / Cruz-Roa et al.),40x,50,50,3,train,c9ac93d9907e17d2a201323594dd5cb1
histo_02160,histopathology/images/histo_02160.png,0,non_idc_or_benign,Breast Histopathology Images (IDC Benchmark / Cruz-Roa et al.),40x,50,50,3,train,89db72c00b682d031a9e0ea704e4bf75
histo_02161,histopathology/images/histo_02161.png,0,non_idc_or_benign,Breast Histopathology Images (IDC Benchmark / Cruz-Roa et al.),40x,50,50,3,train,0927fa6b66d4f779683939603c07cce1
histo_02162,histopathology/images/histo_02162.png,0,non_idc_or_benign,Breast Histopathology Images (IDC Benchmark / Cruz-Roa et al.),40x,50,50,3,train,1547a39fa5ba5a35c9077879ec7126e8
histo_02163,histopathology/images/histo_02163.png,0,non_idc_or_benign,Breast Histopathology Images (IDC Benchmark / Cruz-Roa et al.),40x,50,50,3,train,9bb6ec833f4c493e703f32238cd56a27
histo_02164,histopathology/images/histo_02164.png,0,non_idc_or_benign,Breast Histopathology Images (IDC Benchmark / Cruz-Roa et al.),40x,50,50,3,train,ed7a98c017e5e01e4d1f9de394221da8
histo_02165,histopathology/images/histo_02165.png,0,non_idc_or_benign,Breast Histopathology Images (IDC Benchmark / Cruz-Roa et al.),40x,50,50,3,train,d35e42ce5a1a6104a3f41b82c2ce70f2
histo_02166,histopathology/images/histo_02166.png,0,non_idc_or_benign,Breast Histopathology Images (IDC Benchmark / Cruz-Roa et al.),40x,50,50,3,train,f83a752264edeae214945698652a6c0f
histo_02167,histopathology/images/histo_02167.png,0,non_idc_or_benign,Breast Histopathology Images (IDC Benchmark / Cruz-Roa et al.),40x,50,50,3,train,790fdac748a721a9f8de59e9a094ef2f
histo_02168,histopathology/images/histo_02168.png,0,non_idc_or_benign,Breast Histopathology Images (IDC Benchmark / Cruz-Roa et al.),40x,50,50,3,train,11617160446deafde6f4dd9499c788da
histo_02169,histopathology/images/histo_02169.png,1,invasive_ductal_carcinoma,Breast Histopathology Images (IDC Benchmark / Cruz-Roa et al.),40x,50,50,3,train,51b6a00f3335ffb8282be4eeed968e36
histo_02170,histopathology/images/histo_02170.png,0,non_idc_or_benign,Breast Histopathology Images (IDC Benchmark / Cruz-Roa et al.),40x,50,50,3,train,0980d1e6110d36a5a5e9a414830d2479
histo_02171,histopathology/images/histo_02171.png,0,non_idc_or_benign,Breast Histopathology Images (IDC Benchmark / Cruz-Roa et al.),40x,50,50,3,train,eec9b20c63ae452d09488fe41a48f983
histo_02172,histopathology/images/histo_02172.png,0,non_idc_or_benign,Breast Histopathology Images (IDC Benchmark / Cruz-Roa et al.),40x,50,50,3,train,a836864aafdd598fed533f928e39fb5e
histo_02173,histopathology/images/histo_02173.png,1,invasive_ductal_carcinoma,Breast Histopathology Images (IDC Benchmark / Cruz-Roa et al.),40x,50,50,3,train,137e2b3d2cc7c23bbb03a1531787a7f0
histo_02174,histopathology/images/histo_02174.png,0,non_idc_or_benign,Breast Histopathology Images (IDC Benchmark / Cruz-Roa et al.),40x,50,50,3,train,94a8f907a709045661ba5e38054fb867
histo_02175,histopathology/images/histo_02175.png,0,non_idc_or_benign,Breast Histopathology Images (IDC Benchmark / Cruz-Roa et al.),40x,50,50,3,train,0b04443c532890745cc8f58188dfea49
histo_02176,histopathology/images/histo_02176.png,0,non_idc_or_benign,Breast Histopathology Images (IDC Benchmark / Cruz-Roa et al.),40x,50,50,3,train,bb02d804b9abefe163d3d5f941830598
histo_02177,histopathology/images/histo_02177.png,0,non_idc_or_benign,Breast Histopathology Images (IDC Benchmark / Cruz-Roa et al.),40x,50,50,3,train,f87240292a16a1517cef3ca15f2134ca
histo_02178,histopathology/images/histo_02178.png,0,non_idc_or_benign,Breast Histopathology Images (IDC Benchmark / Cruz-Roa et al.),40x,50,50,3,val,7c1f85d418d818f80461c7d47978a93e
histo_02179,histopathology/images/histo_02179.png,0,non_idc_or_benign,Breast Histopathology Images (IDC Benchmark / Cruz-Roa et al.),40x,50,50,3,val,1ac6503ae6b73f2c9fbdee3d90cdcbcc
histo_02180,histopathology/images/histo_02180.png,0,non_idc_or_benign,Breast Histopathology Images (IDC Benchmark / Cruz-Roa et al.),40x,50,50,3,train,a89fd3cf0f85e2078d69b2ec1a95e56b
histo_02181,histopathology/images/histo_02181.png,0,non_idc_or_benign,Breast Histopathology Images (IDC Benchmark / Cruz-Roa et al.),40x,50,50,3,train,0b6bc6bb0eb8cf425ec516691f94570a
histo_02182,histopathology/images/histo_02182.png,0,non_idc_or_benign,Breast Histopathology Images (IDC Benchmark / Cruz-Roa et al.),40x,50,50,3,train,b341370dbb2075e54da135260696f093
histo_02183,histopathology/images/histo_02183.png,0,non_idc_or_benign,Breast Histopathology Images (IDC Benchmark / Cruz-Roa et al.),40x,50,50,3,val,6c1ff742d1c0df311a2fe5eda744a1c5
histo_02184,histopathology/images/histo_02184.png,0,non_idc_or_benign,Breast Histopathology Images (IDC Benchmark / Cruz-Roa et al.),40x,50,50,3,train,19333869fb659e0fc19682380424ef29
histo_02185,histopathology/images/histo_02185.png,0,non_idc_or_benign,Breast Histopathology Images (IDC Benchmark / Cruz-Roa et al.),40x,50,50,3,train,a04aeff32b9dda4b1c0a8f9edc638e5b
histo_02186,histopathology/images/histo_02186.png,0,non_idc_or_benign,Breast Histopathology Images (IDC Benchmark / Cruz-Roa et al.),40x,50,50,3,train,b4ee83e4223d5cce8cedfedc387ea1ac
histo_02187,histopathology/images/histo_02187.png,0,non_idc_or_benign,Breast Histopathology Images (IDC Benchmark / Cruz-Roa et al.),40x,50,50,3,train,f2cc265fb99aa0aa03a7e983b7f0a431
histo_02188,histopathology/images/histo_02188.png,0,non_idc_or_benign,Breast Histopathology Images (IDC Benchmark / Cruz-Roa et al.),40x,50,50,3,train,e04a98e2049e3ada2a30eaca4e3420d6
histo_02189,histopathology/images/histo_02189.png,0,non_idc_or_benign,Breast Histopathology Images (IDC Benchmark / Cruz-Roa et al.),40x,50,50,3,test,301a601bcf18d72a25f196b50d8c861c
histo_02190,histopathology/images/histo_02190.png,0,non_idc_or_benign,Breast Histopathology Images (IDC Benchmark / Cruz-Roa et al.),40x,50,50,3,train,8a5981a81daaea6a4351a7599151bbba
histo_02191,histopathology/images/histo_02191.png,0,non_idc_or_benign,Breast Histopathology Images (IDC Benchmark / Cruz-Roa et al.),40x,50,50,3,train,91597c515d26c094f6479ecade09818e
histo_02192,histopathology/images/histo_02192.png,0,non_idc_or_benign,Breast Histopathology Images (IDC Benchmark / Cruz-Roa et al.),40x,50,50,3,val,b2ca614b37e79ea719f9e91a417c57c4
histo_02193,histopathology/images/histo_02193.png,0,non_idc_or_benign,Breast Histopathology Images (IDC Benchmark / Cruz-Roa et al.),40x,50,50,3,val,14a471d34e97d6a759c70913d85d46cf
histo_02194,histopathology/images/histo_02194.png,0,non_idc_or_benign,Breast Histopathology Images (IDC Benchmark / Cruz-Roa et al.),40x,50,50,3,train,0cb126671d7aaf56e4666eb72dfdf7e0
histo_02195,histopathology/images/histo_02195.png,1,invasive_ductal_carcinoma,Breast Histopathology Images (IDC Benchmark / Cruz-Roa et al.),40x,50,50,3,train,0efc3d0a6580f55c0ca24acdb99fb322
histo_02196,histopathology/images/histo_02196.png,1,invasive_ductal_carcinoma,Breast Histopathology Images (IDC Benchmark / Cruz-Roa et al.),40x,50,50,3,test,8090f9dfcce4584538cd970b7e959e13
histo_02197,histopathology/images/histo_02197.png,0,non_idc_or_benign,Breast Histopathology Images (IDC Benchmark / Cruz-Roa et al.),40x,50,50,3,train,3b8ee9c46313fb623271579bb9586bde
histo_02198,histopathology/images/histo_02198.png,0,non_idc_or_benign,Breast Histopathology Images (IDC Benchmark / Cruz-Roa et al.),40x,50,50,3,train,b5d2584992e4d5920ced91682ed46a4d
histo_02199,histopathology/images/histo_02199.png,1,invasive_ductal_carcinoma,Breast Histopathology Images (IDC Benchmark / Cruz-Roa et al.),40x,50,50,3,train,08e3a3b7248a0d3a829d3aea8b66e386
histo_02200,histopathology/images/histo_02200.png,0,non_idc_or_benign,Breast Histopathology Images (IDC Benchmark / Cruz-Roa et al.),40x,50,50,3,train,208fef48a320605b1e1fa636a2cbaadf
histo_02201,histopathology/images/histo_02201.png,1,invasive_ductal_carcinoma,Breast Histopathology Images (IDC Benchmark / Cruz-Roa et al.),40x,50,50,3,train,2b395ad977c8b3b9ea0b6458a9f496ac
histo_02202,histopathology/images/histo_02202.png,0,non_idc_or_benign,Breast Histopathology Images (IDC Benchmark / Cruz-Roa et al.),40x,50,50,3,train,5dd73b5ae59edea095c4ff4bd6c9390b
histo_02203,histopathology/images/histo_02203.png,1,invasive_ductal_carcinoma,Breast Histopathology Images (IDC Benchmark / Cruz-Roa et al.),40x,50,50,3,test,36418ba72eeb793d07c71673f0a3e481
histo_02204,histopathology/images/histo_02204.png,1,invasive_ductal_carcinoma,Breast Histopathology Images (IDC Benchmark / Cruz-Roa et al.),40x,50,50,3,train,5b91686f07c08a901a0eab22b0032904
histo_02205,histopathology/images/histo_02205.png,0,non_idc_or_benign,Breast Histopathology Images (IDC Benchmark / Cruz-Roa et al.),40x,50,50,3,train,29e695172f6bded2c98c4edad5f16663
histo_02206,histopathology/images/histo_02206.png,0,non_idc_or_benign,Breast Histopathology Images (IDC Benchmark / Cruz-Roa et al.),40x,50,50,3,val,50ca1e91c872583b6537fc1691b44aec
histo_02207,histopathology/images/histo_02207.png,0,non_idc_or_benign,Breast Histopathology Images (IDC Benchmark / Cruz-Roa et al.),40x,50,50,3,val,f7ad0dc7800d34c057a2bb79cb02ab62
histo_02208,histopathology/images/histo_02208.png,1,invasive_ductal_carcinoma,Breast Histopathology Images (IDC Benchmark / Cruz-Roa et al.),40x,50,50,3,val,c5c8a6c142d31628239ecae4f5cc4ff3
histo_02209,histopathology/images/histo_02209.png,0,non_idc_or_benign,Breast Histopathology Images (IDC Benchmark / Cruz-Roa et al.),40x,50,50,3,train,0212df424dcf2f1252f15095b4708794
histo_02210,histopathology/images/histo_02210.png,1,invasive_ductal_carcinoma,Breast Histopathology Images (IDC Benchmark / Cruz-Roa et al.),40x,50,50,3,test,34d2fe9a5dd76556f0677c5379385ea3
histo_02211,histopathology/images/histo_02211.png,0,non_idc_or_benign,Breast Histopathology Images (IDC Benchmark / Cruz-Roa et al.),40x,50,50,3,val,37d992f674784ad425dde781703b5451
histo_02212,histopathology/images/histo_02212.png,0,non_idc_or_benign,Breast Histopathology Images (IDC Benchmark / Cruz-Roa et al.),40x,50,50,3,train,cb67b8df23fabf6ba809d736bf02f3b8
histo_02213,histopathology/images/histo_02213.png,0,non_idc_or_benign,Breast Histopathology Images (IDC Benchmark / Cruz-Roa et al.),40x,50,50,3,train,b6a32d3b6b9f6fd1918adcb5a9170cb5
histo_02214,histopathology/images/histo_02214.png,0,non_idc_or_benign,Breast Histopathology Images (IDC Benchmark / Cruz-Roa et al.),40x,50,50,3,train,78e17a2c95e82e40643157999c162655
histo_02215,histopathology/images/histo_02215.png,0,non_idc_or_benign,Breast Histopathology Images (IDC Benchmark / Cruz-Roa et al.),40x,50,50,3,train,a98baa4a41854801aa7aef0ac28de5dd
histo_02216,histopathology/images/histo_02216.png,0,non_idc_or_benign,Breast Histopathology Images (IDC Benchmark / Cruz-Roa et al.),40x,50,50,3,train,ef4b77c9e00269b77d28afa3108515b5
histo_02217,histopathology/images/histo_02217.png,0,non_idc_or_benign,Breast Histopathology Images (IDC Benchmark / Cruz-Roa et al.),40x,50,50,3,train,1016d867b210fcb308ec54235c0bd13d
histo_02218,histopathology/images/histo_02218.png,0,non_idc_or_benign,Breast Histopathology Images (IDC Benchmark / Cruz-Roa et al.),40x,50,50,3,train,10f325739f4db23d3fc53065f9089a76
histo_02219,histopathology/images/histo_02219.png,0,non_idc_or_benign,Breast Histopathology Images (IDC Benchmark / Cruz-Roa et al.),40x,50,50,3,train,ef6495a036505d7968c5fecc065fea0a
histo_02220,histopathology/images/histo_02220.png,0,non_idc_or_benign,Breast Histopathology Images (IDC Benchmark / Cruz-Roa et al.),40x,50,50,3,train,b2a3a97719c62e45309aa1281cc97525
histo_02221,histopathology/images/histo_02221.png,0,non_idc_or_benign,Breast Histopathology Images (IDC Benchmark / Cruz-Roa et al.),40x,50,50,3,test,7ec6418f6bdf537c1ca03570802c0255
histo_02222,histopathology/images/histo_02222.png,1,invasive_ductal_carcinoma,Breast Histopathology Images (IDC Benchmark / Cruz-Roa et al.),40x,50,50,3,test,d450e8ee3dc2da90ea265531cf1953c9
histo_02223,histopathology/images/histo_02223.png,0,non_idc_or_benign,Breast Histopathology Images (IDC Benchmark / Cruz-Roa et al.),40x,50,50,3,train,521702edb1c17f9962d455c416b15ae6
histo_02224,histopathology/images/histo_02224.png,0,non_idc_or_benign,Breast Histopathology Images (IDC Benchmark / Cruz-Roa et al.),40x,50,50,3,test,00daab5bd7745feee1b9e09d19488ca7
histo_02225,histopathology/images/histo_02225.png,1,invasive_ductal_carcinoma,Breast Histopathology Images (IDC Benchmark / Cruz-Roa et al.),40x,50,50,3,train,9d28530df737aff277aa6c66b7135240
histo_02226,histopathology/images/histo_02226.png,0,non_idc_or_benign,Breast Histopathology Images (IDC Benchmark / Cruz-Roa et al.),40x,50,50,3,train,8345a0b47e76ea5ba7e591f1c162efb6
histo_02227,histopathology/images/histo_02227.png,1,invasive_ductal_carcinoma,Breast Histopathology Images (IDC Benchmark / Cruz-Roa et al.),40x,50,50,3,test,7551f346cfc8d4c1f3edae60aa374cec
histo_02228,histopathology/images/histo_02228.png,0,non_idc_or_benign,Breast Histopathology Images (IDC Benchmark / Cruz-Roa et al.),40x,50,50,3,train,4652034a4ea4dec215de0fa6d7c7a77e
histo_02229,histopathology/images/histo_02229.png,0,non_idc_or_benign,Breast Histopathology Images (IDC Benchmark / Cruz-Roa et al.),40x,50,50,3,train,170951f77ef5582ef66c956402babcdf
histo_02230,histopathology/images/histo_02230.png,0,non_idc_or_benign,Breast Histopathology Images (IDC Benchmark / Cruz-Roa et al.),40x,50,50,3,test,08d9f6e09cb42f361ebb58723ad1d5fa
histo_02231,histopathology/images/histo_02231.png,0,non_idc_or_benign,Breast Histopathology Images (IDC Benchmark / Cruz-Roa et al.),40x,50,50,3,test,5084ddf0bd4a526d309d79d2b6956bb1
histo_02232,histopathology/images/histo_02232.png,1,invasive_ductal_carcinoma,Breast Histopathology Images (IDC Benchmark / Cruz-Roa et al.),40x,50,50,3,train,eda5abc5379a41a02140d618e0dc3f2b
histo_02233,histopathology/images/histo_02233.png,0,non_idc_or_benign,Breast Histopathology Images (IDC Benchmark / Cruz-Roa et al.),40x,50,50,3,train,3c7c06e1500794585de24669068e51f5
histo_02234,histopathology/images/histo_02234.png,0,non_idc_or_benign,Breast Histopathology Images (IDC Benchmark / Cruz-Roa et al.),40x,50,50,3,train,966bda7ba27a01a6d6ee10da7e6b2305
histo_02235,histopathology/images/histo_02235.png,0,non_idc_or_benign,Breast Histopathology Images (IDC Benchmark / Cruz-Roa et al.),40x,50,50,3,train,c6321884e4882aa085d4f1294bcece61
histo_02236,histopathology/images/histo_02236.png,1,invasive_ductal_carcinoma,Breast Histopathology Images (IDC Benchmark / Cruz-Roa et al.),40x,50,50,3,val,a34aaf56cb74a6da30c6afec48373809
histo_02237,histopathology/images/histo_02237.png,0,non_idc_or_benign,Breast Histopathology Images (IDC Benchmark / Cruz-Roa et al.),40x,50,50,3,val,2e02736bd6f0e42d80988b7e68f9d3fb
histo_02238,histopathology/images/histo_02238.png,1,invasive_ductal_carcinoma,Breast Histopathology Images (IDC Benchmark / Cruz-Roa et al.),40x,50,50,3,test,2e1795d5249ba651c95f22851835f615
histo_02239,histopathology/images/histo_02239.png,1,invasive_ductal_carcinoma,Breast Histopathology Images (IDC Benchmark / Cruz-Roa et al.),40x,50,50,3,val,3fa77a90eb77f50b6e13c80d34eabe32
histo_02240,histopathology/images/histo_02240.png,1,invasive_ductal_carcinoma,Breast Histopathology Images (IDC Benchmark / Cruz-Roa et al.),40x,50,50,3,train,d589542d57456db5f2b69c9e89709a6c
histo_02241,histopathology/images/histo_02241.png,0,non_idc_or_benign,Breast Histopathology Images (IDC Benchmark / Cruz-Roa et al.),40x,50,50,3,train,2410915c9dc31d0f018ed3a9bdbdc213
histo_02242,histopathology/images/histo_02242.png,0,non_idc_or_benign,Breast Histopathology Images (IDC Benchmark / Cruz-Roa et al.),40x,50,50,3,train,d44b1cbfcbca5c663b2169a277910d7b
histo_02243,histopathology/images/histo_02243.png,0,non_idc_or_benign,Breast Histopathology Images (IDC Benchmark / Cruz-Roa et al.),40x,50,50,3,train,5a078f2be766af7af707aae7bf91d528
histo_02244,histopathology/images/histo_02244.png,1,invasive_ductal_carcinoma,Breast Histopathology Images (IDC Benchmark / Cruz-Roa et al.),40x,50,50,3,test,75a35f75600d1c37508d579c9e0b48f6
histo_02245,histopathology/images/histo_02245.png,0,non_idc_or_benign,Breast Histopathology Images (IDC Benchmark / Cruz-Roa et al.),40x,50,50,3,train,c1c8d506f35d35d71c87a01be5448203
histo_02246,histopathology/images/histo_02246.png,0,non_idc_or_benign,Breast Histopathology Images (IDC Benchmark / Cruz-Roa et al.),40x,50,50,3,test,f654b86b292074e8cff8c77afe481be6
histo_02247,histopathology/images/histo_02247.png,0,non_idc_or_benign,Breast Histopathology Images (IDC Benchmark / Cruz-Roa et al.),40x,50,50,3,train,0c7b2c98ef7648978776ce78063e4bae
histo_02248,histopathology/images/histo_02248.png,0,non_idc_or_benign,Breast Histopathology Images (IDC Benchmark / Cruz-Roa et al.),40x,50,50,3,train,847efac00d6e55210a7311721a269d52
histo_02249,histopathology/images/histo_02249.png,1,invasive_ductal_carcinoma,Breast Histopathology Images (IDC Benchmark / Cruz-Roa et al.),40x,50,50,3,train,76a8ff96922b1f110ef1358bf8e93ce6
histo_02250,histopathology/images/histo_02250.png,0,non_idc_or_benign,Breast Histopathology Images (IDC Benchmark / Cruz-Roa et al.),40x,50,50,3,test,6601876b7576b0a831f68c416dfe6d27
histo_02251,histopathology/images/histo_02251.png,1,invasive_ductal_carcinoma,Breast Histopathology Images (IDC Benchmark / Cruz-Roa et al.),40x,50,50,3,train,272bdec0eb2d9c7a0233770b43844002
histo_02252,histopathology/images/histo_02252.png,1,invasive_ductal_carcinoma,Breast Histopathology Images (IDC Benchmark / Cruz-Roa et al.),40x,50,50,3,test,eb664130a180917159a303d592cc9172
histo_02253,histopathology/images/histo_02253.png,1,invasive_ductal_carcinoma,Breast Histopathology Images (IDC Benchmark / Cruz-Roa et al.),40x,50,50,3,train,06669d7ce96f0e95fe4c43fb303b9173
histo_02254,histopathology/images/histo_02254.png,1,invasive_ductal_carcinoma,Breast Histopathology Images (IDC Benchmark / Cruz-Roa et al.),40x,50,50,3,test,7638552a8c462c0282af213c3ee1ad1a
histo_02255,histopathology/images/histo_02255.png,1,invasive_ductal_carcinoma,Breast Histopathology Images (IDC Benchmark / Cruz-Roa et al.),40x,50,50,3,train,1625e8bcb68fffc6c21fd63743b53b31
histo_02256,histopathology/images/histo_02256.png,0,non_idc_or_benign,Breast Histopathology Images (IDC Benchmark / Cruz-Roa et al.),40x,50,50,3,train,5bbb9109494f73ec9fbd5ddfc10d9616
histo_02257,histopathology/images/histo_02257.png,1,invasive_ductal_carcinoma,Breast Histopathology Images (IDC Benchmark / Cruz-Roa et al.),40x,50,50,3,train,e6c2ea3ae4a7281731b9e656328008ff
histo_02258,histopathology/images/histo_02258.png,0,non_idc_or_benign,Breast Histopathology Images (IDC Benchmark / Cruz-Roa et al.),40x,50,50,3,train,6753c766a46171a608f31633322872e9
histo_02259,histopathology/images/histo_02259.png,1,invasive_ductal_carcinoma,Breast Histopathology Images (IDC Benchmark / Cruz-Roa et al.),40x,50,50,3,test,48ca5ec4f35cfecf7b3ab474ff62a8d2
histo_02260,histopathology/images/histo_02260.png,0,non_idc_or_benign,Breast Histopathology Images (IDC Benchmark / Cruz-Roa et al.),40x,50,50,3,train,dbac815ee01edf74a78f02fc0ab6c820
histo_02261,histopathology/images/histo_02261.png,0,non_idc_or_benign,Breast Histopathology Images (IDC Benchmark / Cruz-Roa et al.),40x,50,50,3,val,f4596202f9537c4c55c2ac054de0e125
histo_02262,histopathology/images/histo_02262.png,0,non_idc_or_benign,Breast Histopathology Images (IDC Benchmark / Cruz-Roa et al.),40x,50,50,3,val,467868a44c2f4f7d17d6f7b5b760efe7
histo_02263,histopathology/images/histo_02263.png,0,non_idc_or_benign,Breast Histopathology Images (IDC Benchmark / Cruz-Roa et al.),40x,50,50,3,test,ba374dc94c545c05ebc24800bda2e77c
histo_02264,histopathology/images/histo_02264.png,0,non_idc_or_benign,Breast Histopathology Images (IDC Benchmark / Cruz-Roa et al.),40x,50,50,3,train,8a4efeb2fde6ff0ac99d6bc504f45790
histo_02265,histopathology/images/histo_02265.png,0,non_idc_or_benign,Breast Histopathology Images (IDC Benchmark / Cruz-Roa et al.),40x,50,50,3,test,71aca02d50eb30c04335cf91d5786d58
histo_02266,histopathology/images/histo_02266.png,0,non_idc_or_benign,Breast Histopathology Images (IDC Benchmark / Cruz-Roa et al.),40x,50,50,3,train,76e39f834faa7bea5855902e1fc20b54
histo_02267,histopathology/images/histo_02267.png,0,non_idc_or_benign,Breast Histopathology Images (IDC Benchmark / Cruz-Roa et al.),40x,50,50,3,train,79e8839efd2a441d094978614287c3ea
histo_02268,histopathology/images/histo_02268.png,1,invasive_ductal_carcinoma,Breast Histopathology Images (IDC Benchmark / Cruz-Roa et al.),40x,50,50,3,train,686884759cd3979ca82f8184fe6ecd58
histo_02269,histopathology/images/histo_02269.png,1,invasive_ductal_carcinoma,Breast Histopathology Images (IDC Benchmark / Cruz-Roa et al.),40x,50,50,3,train,9eefb8c91055e771b1416039318374e5
histo_02270,histopathology/images/histo_02270.png,1,invasive_ductal_carcinoma,Breast Histopathology Images (IDC Benchmark / Cruz-Roa et al.),40x,50,50,3,train,3b85bbf64cfbe9992117f9d4820691c1
histo_02271,histopathology/images/histo_02271.png,0,non_idc_or_benign,Breast Histopathology Images (IDC Benchmark / Cruz-Roa et al.),40x,50,50,3,train,00ca34908e6e6b5342b3e1a9a730a6e2
histo_02272,histopathology/images/histo_02272.png,0,non_idc_or_benign,Breast Histopathology Images (IDC Benchmark / Cruz-Roa et al.),40x,50,50,3,train,42857599b5fabce54004c9e7dc8e0386
histo_02273,histopathology/images/histo_02273.png,1,invasive_ductal_carcinoma,Breast Histopathology Images (IDC Benchmark / Cruz-Roa et al.),40x,50,50,3,train,3e8be780ef41232ead0d8bdacbc73f7e
histo_02274,histopathology/images/histo_02274.png,1,invasive_ductal_carcinoma,Breast Histopathology Images (IDC Benchmark / Cruz-Roa et al.),40x,50,50,3,val,ddea10d9d12cdb5cd63a4d89028bf652
histo_02275,histopathology/images/histo_02275.png,0,non_idc_or_benign,Breast Histopathology Images (IDC Benchmark / Cruz-Roa et al.),40x,50,50,3,test,64a7bfe5f11be8239436477e5273f3d8
histo_02276,histopathology/images/histo_02276.png,0,non_idc_or_benign,Breast Histopathology Images (IDC Benchmark / Cruz-Roa et al.),40x,50,50,3,train,722d319bfe79dbb8d88842f031ff9cd2
histo_02277,histopathology/images/histo_02277.png,0,non_idc_or_benign,Breast Histopathology Images (IDC Benchmark / Cruz-Roa et al.),40x,50,50,3,train,32f6ae0772c1082bda195d0f6a76daaa
histo_02278,histopathology/images/histo_02278.png,0,non_idc_or_benign,Breast Histopathology Images (IDC Benchmark / Cruz-Roa et al.),40x,50,50,3,test,f04950767e3f6f1dca861cefdf7a08bb
histo_02279,histopathology/images/histo_02279.png,1,invasive_ductal_carcinoma,Breast Histopathology Images (IDC Benchmark / Cruz-Roa et al.),40x,50,50,3,train,2375c3f3b14d4ef16706e6408566a221
histo_02280,histopathology/images/histo_02280.png,1,invasive_ductal_carcinoma,Breast Histopathology Images (IDC Benchmark / Cruz-Roa et al.),40x,50,50,3,val,37e426d6eae1eea28b5f0cca76f325f5
histo_02281,histopathology/images/histo_02281.png,0,non_idc_or_benign,Breast Histopathology Images (IDC Benchmark / Cruz-Roa et al.),40x,50,50,3,test,9d09164b846f83deace5908e74ecc06f
histo_02282,histopathology/images/histo_02282.png,0,non_idc_or_benign,Breast Histopathology Images (IDC Benchmark / Cruz-Roa et al.),40x,50,50,3,train,d8e0a6344f5c58b74f04b7e986642c5d
histo_02283,histopathology/images/histo_02283.png,1,invasive_ductal_carcinoma,Breast Histopathology Images (IDC Benchmark / Cruz-Roa et al.),40x,50,50,3,train,658e853007e2561bb3ffb44ced8ae4a5
histo_02284,histopathology/images/histo_02284.png,1,invasive_ductal_carcinoma,Breast Histopathology Images (IDC Benchmark / Cruz-Roa et al.),40x,50,50,3,val,7c8ff6219909c99eb9b87e71573ce8f1
histo_02285,histopathology/images/histo_02285.png,0,non_idc_or_benign,Breast Histopathology Images (IDC Benchmark / Cruz-Roa et al.),40x,50,50,3,train,7f2c997c561ab9854e61f0a83dadeae1
histo_02286,histopathology/images/histo_02286.png,1,invasive_ductal_carcinoma,Breast Histopathology Images (IDC Benchmark / Cruz-Roa et al.),40x,50,50,3,test,cd3b0ed931a7d4624c16b65304f8a4b0
histo_02287,histopathology/images/histo_02287.png,0,non_idc_or_benign,Breast Histopathology Images (IDC Benchmark / Cruz-Roa et al.),40x,50,50,3,train,e0c7d5deffbd97fc571586f2295c4d39
histo_02288,histopathology/images/histo_02288.png,0,non_idc_or_benign,Breast Histopathology Images (IDC Benchmark / Cruz-Roa et al.),40x,50,50,3,test,ab48b4ab88405101d8437aaca24a17f6
histo_02289,histopathology/images/histo_02289.png,0,non_idc_or_benign,Breast Histopathology Images (IDC Benchmark / Cruz-Roa et al.),40x,50,50,3,val,3bf9aa6b2443ad4bf8f6e28d7f833a59
histo_02290,histopathology/images/histo_02290.png,0,non_idc_or_benign,Breast Histopathology Images (IDC Benchmark / Cruz-Roa et al.),40x,50,50,3,train,e3a004a47737142da31912c752133313
histo_02291,histopathology/images/histo_02291.png,1,invasive_ductal_carcinoma,Breast Histopathology Images (IDC Benchmark / Cruz-Roa et al.),40x,50,50,3,train,ababbdb3776288ee723f501f8990a35e
histo_02292,histopathology/images/histo_02292.png,1,invasive_ductal_carcinoma,Breast Histopathology Images (IDC Benchmark / Cruz-Roa et al.),40x,50,50,3,train,c828cc3a88d218a44ad4ad8c970c3b1e
histo_02293,histopathology/images/histo_02293.png,0,non_idc_or_benign,Breast Histopathology Images (IDC Benchmark / Cruz-Roa et al.),40x,50,50,3,test,97615a106e587d129d2ba47dff2816eb
histo_02294,histopathology/images/histo_02294.png,0,non_idc_or_benign,Breast Histopathology Images (IDC Benchmark / Cruz-Roa et al.),40x,50,50,3,val,9b715cda5018169040154ea347a5851e
histo_02295,histopathology/images/histo_02295.png,0,non_idc_or_benign,Breast Histopathology Images (IDC Benchmark / Cruz-Roa et al.),40x,50,50,3,val,744e0c6305e7fc7af94511d1259c9e0c
histo_02296,histopathology/images/histo_02296.png,0,non_idc_or_benign,Breast Histopathology Images (IDC Benchmark / Cruz-Roa et al.),40x,50,50,3,train,ce68581be3f6407b9a148b649a0ffef1
histo_02297,histopathology/images/histo_02297.png,1,invasive_ductal_carcinoma,Breast Histopathology Images (IDC Benchmark / Cruz-Roa et al.),40x,50,50,3,test,28bdab165283c6930fc19a5e0ad83789
histo_02298,histopathology/images/histo_02298.png,0,non_idc_or_benign,Breast Histopathology Images (IDC Benchmark / Cruz-Roa et al.),40x,50,50,3,val,264668aaf06344e32318778f07b2bb9e
histo_02299,histopathology/images/histo_02299.png,0,non_idc_or_benign,Breast Histopathology Images (IDC Benchmark / Cruz-Roa et al.),40x,50,50,3,train,c53b35176e036129fa7b441d9bb20fc9
histo_02300,histopathology/images/histo_02300.png,0,non_idc_or_benign,Breast Histopathology Images (IDC Benchmark / Cruz-Roa et al.),40x,50,50,3,val,7d11573e72d15cf9c82a11c0c4900579
histo_02301,histopathology/images/histo_02301.png,1,invasive_ductal_carcinoma,Breast Histopathology Images (IDC Benchmark / Cruz-Roa et al.),40x,50,50,3,train,77d76ab2354a2533a2ab5528f2eb296f
histo_02302,histopathology/images/histo_02302.png,0,non_idc_or_benign,Breast Histopathology Images (IDC Benchmark / Cruz-Roa et al.),40x,50,50,3,train,ba3f64aeb2897f1293d5cc788571bc2f
histo_02303,histopathology/images/histo_02303.png,1,invasive_ductal_carcinoma,Breast Histopathology Images (IDC Benchmark / Cruz-Roa et al.),40x,50,50,3,train,5a4a2994dae91b405acaec2493729de7
histo_02304,histopathology/images/histo_02304.png,0,non_idc_or_benign,Breast Histopathology Images (IDC Benchmark / Cruz-Roa et al.),40x,50,50,3,val,b186f433bd1b5e2cf3d966d6d932c3c3
histo_02305,histopathology/images/histo_02305.png,1,invasive_ductal_carcinoma,Breast Histopathology Images (IDC Benchmark / Cruz-Roa et al.),40x,50,50,3,train,832be898d598040d9a522e9fd92def4f
histo_02306,histopathology/images/histo_02306.png,1,invasive_ductal_carcinoma,Breast Histopathology Images (IDC Benchmark / Cruz-Roa et al.),40x,50,50,3,test,0530cbbd8f3d4c06fd7ba531bcb195e5
histo_02307,histopathology/images/histo_02307.png,0,non_idc_or_benign,Breast Histopathology Images (IDC Benchmark / Cruz-Roa et al.),40x,50,50,3,train,f747f2f37a111c0c97238b6335543406
histo_02308,histopathology/images/histo_02308.png,0,non_idc_or_benign,Breast Histopathology Images (IDC Benchmark / Cruz-Roa et al.),40x,50,50,3,val,52332356b8941b587686e925be437fb8
histo_02309,histopathology/images/histo_02309.png,0,non_idc_or_benign,Breast Histopathology Images (IDC Benchmark / Cruz-Roa et al.),40x,50,50,3,train,b679c39767c1100ff639415cb2278b9a
histo_02310,histopathology/images/histo_02310.png,0,non_idc_or_benign,Breast Histopathology Images (IDC Benchmark / Cruz-Roa et al.),40x,50,50,3,train,d71fd775478b26fcd7454b8175049f18
histo_02311,histopathology/images/histo_02311.png,0,non_idc_or_benign,Breast Histopathology Images (IDC Benchmark / Cruz-Roa et al.),40x,50,50,3,train,e6a4ab98cd44d1eef9a5dcc8a231fc48
histo_02312,histopathology/images/histo_02312.png,0,non_idc_or_benign,Breast Histopathology Images (IDC Benchmark / Cruz-Roa et al.),40x,50,50,3,test,578abf621c59fee5d75ab86eec16bb88
histo_02313,histopathology/images/histo_02313.png,0,non_idc_or_benign,Breast Histopathology Images (IDC Benchmark / Cruz-Roa et al.),40x,50,50,3,val,4c188def9574aa0454d7365ae2ee5a20
histo_02314,histopathology/images/histo_02314.png,0,non_idc_or_benign,Breast Histopathology Images (IDC Benchmark / Cruz-Roa et al.),40x,50,50,3,train,c19d0456c9e6349460bbd2d90f78bebd
histo_02315,histopathology/images/histo_02315.png,0,non_idc_or_benign,Breast Histopathology Images (IDC Benchmark / Cruz-Roa et al.),40x,50,50,3,train,d0e61ef4439775306370a99d55f4ed7c
histo_02316,histopathology/images/histo_02316.png,0,non_idc_or_benign,Breast Histopathology Images (IDC Benchmark / Cruz-Roa et al.),40x,50,50,3,train,523b357b7f6dcc5a13b7e6d4b62274d1
histo_02317,histopathology/images/histo_02317.png,0,non_idc_or_benign,Breast Histopathology Images (IDC Benchmark / Cruz-Roa et al.),40x,50,50,3,train,a310d8e76ca4871a1e94141261250ede
histo_02318,histopathology/images/histo_02318.png,0,non_idc_or_benign,Breast Histopathology Images (IDC Benchmark / Cruz-Roa et al.),40x,50,50,3,train,d1c9c5515109cc71dea11f80f0c0c521
histo_02319,histopathology/images/histo_02319.png,0,non_idc_or_benign,Breast Histopathology Images (IDC Benchmark / Cruz-Roa et al.),40x,50,50,3,train,4e05d8844e99c3a943702e83ea23c322
histo_02320,histopathology/images/histo_02320.png,0,non_idc_or_benign,Breast Histopathology Images (IDC Benchmark / Cruz-Roa et al.),40x,50,50,3,train,20d9268fe99712de2e5f9a86982ffe7a
histo_02321,histopathology/images/histo_02321.png,0,non_idc_or_benign,Breast Histopathology Images (IDC Benchmark / Cruz-Roa et al.),40x,50,50,3,test,4a0c130cf0415e9a4ce0f15257f8da12
histo_02322,histopathology/images/histo_02322.png,1,invasive_ductal_carcinoma,Breast Histopathology Images (IDC Benchmark / Cruz-Roa et al.),40x,50,50,3,train,3aa765ef9988050f1a20b5dd19eed014
histo_02323,histopathology/images/histo_02323.png,1,invasive_ductal_carcinoma,Breast Histopathology Images (IDC Benchmark / Cruz-Roa et al.),40x,50,50,3,train,71ec9b5373cef081c814746c046be8c4
histo_02324,histopathology/images/histo_02324.png,1,invasive_ductal_carcinoma,Breast Histopathology Images (IDC Benchmark / Cruz-Roa et al.),40x,50,50,3,train,d236dd932affeabede98d90dd80b0f32
histo_02325,histopathology/images/histo_02325.png,1,invasive_ductal_carcinoma,Breast Histopathology Images (IDC Benchmark / Cruz-Roa et al.),40x,50,50,3,train,b68c68c6a991cf51c237e54c36f3b7e5
histo_02326,histopathology/images/histo_02326.png,1,invasive_ductal_carcinoma,Breast Histopathology Images (IDC Benchmark / Cruz-Roa et al.),40x,50,50,3,test,13b70b09707af10de0429f53dc55e5d2
histo_02327,histopathology/images/histo_02327.png,0,non_idc_or_benign,Breast Histopathology Images (IDC Benchmark / Cruz-Roa et al.),40x,50,50,3,train,caad4db8f5a2f2efa619ebd2405572a1
histo_02328,histopathology/images/histo_02328.png,1,invasive_ductal_carcinoma,Breast Histopathology Images (IDC Benchmark / Cruz-Roa et al.),40x,50,50,3,train,4ca2a6353f586716c8277ebaea239568
histo_02329,histopathology/images/histo_02329.png,0,non_idc_or_benign,Breast Histopathology Images (IDC Benchmark / Cruz-Roa et al.),40x,50,50,3,val,524835f5458fdc3f5d8b02cf70929460
histo_02330,histopathology/images/histo_02330.png,0,non_idc_or_benign,Breast Histopathology Images (IDC Benchmark / Cruz-Roa et al.),40x,50,50,3,train,3c49f41dc445b1fc696c20fb0153c3d6
histo_02331,histopathology/images/histo_02331.png,1,invasive_ductal_carcinoma,Breast Histopathology Images (IDC Benchmark / Cruz-Roa et al.),40x,50,50,3,train,a9ede014990dadbae69ef01504982775
histo_02332,histopathology/images/histo_02332.png,0,non_idc_or_benign,Breast Histopathology Images (IDC Benchmark / Cruz-Roa et al.),40x,50,50,3,test,1f816ff68ea4d8e7eee5c111c4c69356
histo_02333,histopathology/images/histo_02333.png,0,non_idc_or_benign,Breast Histopathology Images (IDC Benchmark / Cruz-Roa et al.),40x,50,50,3,train,cb9c398d5e667ad6f3e3c100202d15f8
histo_02334,histopathology/images/histo_02334.png,0,non_idc_or_benign,Breast Histopathology Images (IDC Benchmark / Cruz-Roa et al.),40x,50,50,3,train,2725193ed40ad7919127fa2c4ffd33d2
histo_02335,histopathology/images/histo_02335.png,0,non_idc_or_benign,Breast Histopathology Images (IDC Benchmark / Cruz-Roa et al.),40x,50,50,3,test,5d23f52956a72b1ac184ed1a40e99af2
histo_02336,histopathology/images/histo_02336.png,0,non_idc_or_benign,Breast Histopathology Images (IDC Benchmark / Cruz-Roa et al.),40x,50,50,3,train,b207075446ead78850de8420f7456975
histo_02337,histopathology/images/histo_02337.png,1,invasive_ductal_carcinoma,Breast Histopathology Images (IDC Benchmark / Cruz-Roa et al.),40x,50,50,3,train,407aa36b3cccdf8e9876cb1630523d19
histo_02338,histopathology/images/histo_02338.png,1,invasive_ductal_carcinoma,Breast Histopathology Images (IDC Benchmark / Cruz-Roa et al.),40x,50,50,3,train,ebec0a615e8d491f698c8a9f3650112e
histo_02339,histopathology/images/histo_02339.png,0,non_idc_or_benign,Breast Histopathology Images (IDC Benchmark / Cruz-Roa et al.),40x,50,50,3,test,06d2ce605585cb189deed9119363c7df
histo_02340,histopathology/images/histo_02340.png,1,invasive_ductal_carcinoma,Breast Histopathology Images (IDC Benchmark / Cruz-Roa et al.),40x,50,50,3,train,85f330772818a6d619da8151204b9197
histo_02341,histopathology/images/histo_02341.png,0,non_idc_or_benign,Breast Histopathology Images (IDC Benchmark / Cruz-Roa et al.),40x,50,50,3,val,6bf84c63a10084bd3e4d23a26b992b51
histo_02342,histopathology/images/histo_02342.png,0,non_idc_or_benign,Breast Histopathology Images (IDC Benchmark / Cruz-Roa et al.),40x,50,50,3,train,47674bc471d9756001b7a208c8a538d9
histo_02343,histopathology/images/histo_02343.png,1,invasive_ductal_carcinoma,Breast Histopathology Images (IDC Benchmark / Cruz-Roa et al.),40x,50,50,3,test,7fa689168c0fe22f06eb3bd6e328d13c
histo_02344,histopathology/images/histo_02344.png,1,invasive_ductal_carcinoma,Breast Histopathology Images (IDC Benchmark / Cruz-Roa et al.),40x,50,50,3,train,adb85297c0d8aa98d900bb765f24de76
histo_02345,histopathology/images/histo_02345.png,0,non_idc_or_benign,Breast Histopathology Images (IDC Benchmark / Cruz-Roa et al.),40x,50,50,3,val,cd64e47758b84a96875341a487cd3f82
histo_02346,histopathology/images/histo_02346.png,0,non_idc_or_benign,Breast Histopathology Images (IDC Benchmark / Cruz-Roa et al.),40x,50,50,3,train,9591f644f4634f597623e6a04ad4cb24
histo_02347,histopathology/images/histo_02347.png,0,non_idc_or_benign,Breast Histopathology Images (IDC Benchmark / Cruz-Roa et al.),40x,50,50,3,train,29c5542455b8c043f77bf40ea0cc793a
histo_02348,histopathology/images/histo_02348.png,1,invasive_ductal_carcinoma,Breast Histopathology Images (IDC Benchmark / Cruz-Roa et al.),40x,50,50,3,train,0d8632d228ddb1258fd903e2dd0df7b9
histo_02349,histopathology/images/histo_02349.png,0,non_idc_or_benign,Breast Histopathology Images (IDC Benchmark / Cruz-Roa et al.),40x,50,50,3,train,6227139e50de1fc483651c5db0694cec
histo_02350,histopathology/images/histo_02350.png,0,non_idc_or_benign,Breast Histopathology Images (IDC Benchmark / Cruz-Roa et al.),40x,50,50,3,train,b1feb934a8148f3a1dee0cd51c614ecd
histo_02351,histopathology/images/histo_02351.png,1,invasive_ductal_carcinoma,Breast Histopathology Images (IDC Benchmark / Cruz-Roa et al.),40x,50,50,3,train,6e987ab8326eba73a93f50ca62740241
histo_02352,histopathology/images/histo_02352.png,1,invasive_ductal_carcinoma,Breast Histopathology Images (IDC Benchmark / Cruz-Roa et al.),40x,50,50,3,train,f4c72c5d9aefb69e375723452e5ae884
histo_02353,histopathology/images/histo_02353.png,0,non_idc_or_benign,Breast Histopathology Images (IDC Benchmark / Cruz-Roa et al.),40x,50,50,3,train,6e8bc3318de166f9262a2d7320eba254
histo_02354,histopathology/images/histo_02354.png,1,invasive_ductal_carcinoma,Breast Histopathology Images (IDC Benchmark / Cruz-Roa et al.),40x,50,50,3,train,ed6c9fc0363215458da588f76218f40d
histo_02355,histopathology/images/histo_02355.png,0,non_idc_or_benign,Breast Histopathology Images (IDC Benchmark / Cruz-Roa et al.),40x,50,50,3,val,7101b86e6a2f59098de3ef923e258e13
histo_02356,histopathology/images/histo_02356.png,0,non_idc_or_benign,Breast Histopathology Images (IDC Benchmark / Cruz-Roa et al.),40x,50,50,3,train,4f386bf2848b59fd3681d52a647fff84
histo_02357,histopathology/images/histo_02357.png,1,invasive_ductal_carcinoma,Breast Histopathology Images (IDC Benchmark / Cruz-Roa et al.),40x,50,50,3,train,b5f8b594a6c243af85046429417e61f8
histo_02358,histopathology/images/histo_02358.png,1,invasive_ductal_carcinoma,Breast Histopathology Images (IDC Benchmark / Cruz-Roa et al.),40x,50,50,3,train,3a285027edaecb30f40f20c06e023efd
histo_02359,histopathology/images/histo_02359.png,1,invasive_ductal_carcinoma,Breast Histopathology Images (IDC Benchmark / Cruz-Roa et al.),40x,50,50,3,train,dc013dd0fb5bdf7a7b2750cc0a053794
histo_02360,histopathology/images/histo_02360.png,0,non_idc_or_benign,Breast Histopathology Images (IDC Benchmark / Cruz-Roa et al.),40x,50,50,3,test,6831042ee2e51c74469d7f6afadf759f
histo_02361,histopathology/images/histo_02361.png,1,invasive_ductal_carcinoma,Breast Histopathology Images (IDC Benchmark / Cruz-Roa et al.),40x,50,50,3,train,0683d58e972c3c221a6870baf23ec0d1
histo_02362,histopathology/images/histo_02362.png,1,invasive_ductal_carcinoma,Breast Histopathology Images (IDC Benchmark / Cruz-Roa et al.),40x,50,50,3,val,c7b4f6413a29bf39969fad68a743463e
histo_02363,histopathology/images/histo_02363.png,1,invasive_ductal_carcinoma,Breast Histopathology Images (IDC Benchmark / Cruz-Roa et al.),40x,50,50,3,train,3ed29befb2422325a6fc693f9a48c6de
histo_02364,histopathology/images/histo_02364.png,1,invasive_ductal_carcinoma,Breast Histopathology Images (IDC Benchmark / Cruz-Roa et al.),40x,50,50,3,train,05ba13bf861458586c13641020ae5829
histo_02365,histopathology/images/histo_02365.png,1,invasive_ductal_carcinoma,Breast Histopathology Images (IDC Benchmark / Cruz-Roa et al.),40x,50,50,3,train,9826700d8f9aee0dd3917908c21c843b
histo_02366,histopathology/images/histo_02366.png,1,invasive_ductal_carcinoma,Breast Histopathology Images (IDC Benchmark / Cruz-Roa et al.),40x,50,50,3,test,3fa19e3e9cf63cb3c434385b2f05681e
histo_02367,histopathology/images/histo_02367.png,1,invasive_ductal_carcinoma,Breast Histopathology Images (IDC Benchmark / Cruz-Roa et al.),40x,50,50,3,test,96457ba94c9f6b4db0c9a82e7ec07d55
histo_02368,histopathology/images/histo_02368.png,1,invasive_ductal_carcinoma,Breast Histopathology Images (IDC Benchmark / Cruz-Roa et al.),40x,50,50,3,train,af2e832d0ddcaf39194b1e39fb3f12c3
histo_02369,histopathology/images/histo_02369.png,0,non_idc_or_benign,Breast Histopathology Images (IDC Benchmark / Cruz-Roa et al.),40x,50,50,3,train,5d5b254db3f2a11c96808400404473ac
histo_02370,histopathology/images/histo_02370.png,0,non_idc_or_benign,Breast Histopathology Images (IDC Benchmark / Cruz-Roa et al.),40x,50,50,3,train,6a31fc44094954e353745822f7c5b879
histo_02371,histopathology/images/histo_02371.png,1,invasive_ductal_carcinoma,Breast Histopathology Images (IDC Benchmark / Cruz-Roa et al.),40x,50,50,3,train,03b3e16c8c6a7ec0144f5fa147331977
histo_02372,histopathology/images/histo_02372.png,0,non_idc_or_benign,Breast Histopathology Images (IDC Benchmark / Cruz-Roa et al.),40x,50,50,3,val,6962d62c427b8996e10124aef51c76e1
histo_02373,histopathology/images/histo_02373.png,1,invasive_ductal_carcinoma,Breast Histopathology Images (IDC Benchmark / Cruz-Roa et al.),40x,50,50,3,train,b9c8ef3f116843632612a24a2d72df9e
histo_02374,histopathology/images/histo_02374.png,0,non_idc_or_benign,Breast Histopathology Images (IDC Benchmark / Cruz-Roa et al.),40x,50,50,3,train,6059453ee86ad4941b0166179ed3be6e
histo_02375,histopathology/images/histo_02375.png,0,non_idc_or_benign,Breast Histopathology Images (IDC Benchmark / Cruz-Roa et al.),40x,50,50,3,train,fd5dd6340a5757d86219ee074056ae43
histo_02376,histopathology/images/histo_02376.png,0,non_idc_or_benign,Breast Histopathology Images (IDC Benchmark / Cruz-Roa et al.),40x,50,50,3,train,d15965d8f5a309632e432fd18bc21df4
histo_02377,histopathology/images/histo_02377.png,1,invasive_ductal_carcinoma,Breast Histopathology Images (IDC Benchmark / Cruz-Roa et al.),40x,50,50,3,train,90896c95e6315df93e09c59a917ca966
histo_02378,histopathology/images/histo_02378.png,1,invasive_ductal_carcinoma,Breast Histopathology Images (IDC Benchmark / Cruz-Roa et al.),40x,50,50,3,test,0159c27438d03d6b5808a6b151835a19
histo_02379,histopathology/images/histo_02379.png,0,non_idc_or_benign,Breast Histopathology Images (IDC Benchmark / Cruz-Roa et al.),40x,50,50,3,val,482931d4ce772d9ca41d0499d16d8139
histo_02380,histopathology/images/histo_02380.png,0,non_idc_or_benign,Breast Histopathology Images (IDC Benchmark / Cruz-Roa et al.),40x,50,50,3,val,e1af1b052c12f62f53c5fb3c96fe0d4f
histo_02381,histopathology/images/histo_02381.png,0,non_idc_or_benign,Breast Histopathology Images (IDC Benchmark / Cruz-Roa et al.),40x,50,50,3,train,3c41035f5f4b629b3e5a99b9aef0d8db
histo_02382,histopathology/images/histo_02382.png,0,non_idc_or_benign,Breast Histopathology Images (IDC Benchmark / Cruz-Roa et al.),40x,50,50,3,train,0cc03918234ff520b30d86242b8100d7
histo_02383,histopathology/images/histo_02383.png,0,non_idc_or_benign,Breast Histopathology Images (IDC Benchmark / Cruz-Roa et al.),40x,50,50,3,train,bccec599c83d76bf343b42d2fe8d7ee7
histo_02384,histopathology/images/histo_02384.png,0,non_idc_or_benign,Breast Histopathology Images (IDC Benchmark / Cruz-Roa et al.),40x,50,50,3,train,20e874a53cd7faa2c704a01640cf3621
histo_02385,histopathology/images/histo_02385.png,1,invasive_ductal_carcinoma,Breast Histopathology Images (IDC Benchmark / Cruz-Roa et al.),40x,50,50,3,train,fbeaf15db1068783ca4eb4c70a0ac094
histo_02386,histopathology/images/histo_02386.png,0,non_idc_or_benign,Breast Histopathology Images (IDC Benchmark / Cruz-Roa et al.),40x,50,50,3,val,964cfcd3c76e2b926995c59468863af2
histo_02387,histopathology/images/histo_02387.png,0,non_idc_or_benign,Breast Histopathology Images (IDC Benchmark / Cruz-Roa et al.),40x,50,50,3,train,c343c33279e2c2dc3b16041b7ff5fb3b
histo_02388,histopathology/images/histo_02388.png,0,non_idc_or_benign,Breast Histopathology Images (IDC Benchmark / Cruz-Roa et al.),40x,50,50,3,train,d48903bd3137ef8931803b4d18e76896
histo_02389,histopathology/images/histo_02389.png,0,non_idc_or_benign,Breast Histopathology Images (IDC Benchmark / Cruz-Roa et al.),40x,50,50,3,train,26c6ce8e0955e778904f89ff6f3fb64c
histo_02390,histopathology/images/histo_02390.png,0,non_idc_or_benign,Breast Histopathology Images (IDC Benchmark / Cruz-Roa et al.),40x,50,50,3,train,9b9cc2d4223159656d8f93454e3fb11c
histo_02391,histopathology/images/histo_02391.png,0,non_idc_or_benign,Breast Histopathology Images (IDC Benchmark / Cruz-Roa et al.),40x,50,50,3,train,1a3d28674e9ffc2d2f0c3b897d6d2ee3
histo_02392,histopathology/images/histo_02392.png,1,invasive_ductal_carcinoma,Breast Histopathology Images (IDC Benchmark / Cruz-Roa et al.),40x,50,50,3,test,d01f8970b8d93711bca4f2d6497969e1
histo_02393,histopathology/images/histo_02393.png,0,non_idc_or_benign,Breast Histopathology Images (IDC Benchmark / Cruz-Roa et al.),40x,50,50,3,train,1d73cb03fc032b0b4551cd477ad4d15a
histo_02394,histopathology/images/histo_02394.png,1,invasive_ductal_carcinoma,Breast Histopathology Images (IDC Benchmark / Cruz-Roa et al.),40x,50,50,3,train,b26a419adfe421c30f1197684c69702e
histo_02395,histopathology/images/histo_02395.png,0,non_idc_or_benign,Breast Histopathology Images (IDC Benchmark / Cruz-Roa et al.),40x,50,50,3,train,b2a5f2097701cdb3b3c28088da015f8d
histo_02396,histopathology/images/histo_02396.png,1,invasive_ductal_carcinoma,Breast Histopathology Images (IDC Benchmark / Cruz-Roa et al.),40x,50,50,3,train,9a03c21de1c889104f6ed0fcb1e8b6ea
histo_02397,histopathology/images/histo_02397.png,0,non_idc_or_benign,Breast Histopathology Images (IDC Benchmark / Cruz-Roa et al.),40x,50,50,3,val,f9e2e8a8a06a0b1aa542bc7a1f1b66cf
histo_02398,histopathology/images/histo_02398.png,0,non_idc_or_benign,Breast Histopathology Images (IDC Benchmark / Cruz-Roa et al.),40x,50,50,3,test,b0903a534f56b1d7c51476d9ada73a38
histo_02399,histopathology/images/histo_02399.png,0,non_idc_or_benign,Breast Histopathology Images (IDC Benchmark / Cruz-Roa et al.),40x,50,50,3,train,217e6aeacf74a7bece5f4af9f996467a
histo_02400,histopathology/images/histo_02400.png,0,non_idc_or_benign,Breast Histopathology Images (IDC Benchmark / Cruz-Roa et al.),40x,50,50,3,val,6510968392f435abc78c555791fe9471
histo_02401,histopathology/images/histo_02401.png,0,non_idc_or_benign,Breast Histopathology Images (IDC Benchmark / Cruz-Roa et al.),40x,50,50,3,train,5a876a7ddae8d40d3bbc40acb0363ab8
histo_02402,histopathology/images/histo_02402.png,0,non_idc_or_benign,Breast Histopathology Images (IDC Benchmark / Cruz-Roa et al.),40x,50,50,3,train,d55814f834299ff82dc5fe37711bd322
histo_02403,histopathology/images/histo_02403.png,0,non_idc_or_benign,Breast Histopathology Images (IDC Benchmark / Cruz-Roa et al.),40x,50,50,3,val,2c0c719330a28db92dffccdc0add2fd0
histo_02404,histopathology/images/histo_02404.png,0,non_idc_or_benign,Breast Histopathology Images (IDC Benchmark / Cruz-Roa et al.),40x,50,50,3,train,bb9abecd242ea338bca93c34471ae7df
histo_02405,histopathology/images/histo_02405.png,0,non_idc_or_benign,Breast Histopathology Images (IDC Benchmark / Cruz-Roa et al.),40x,50,50,3,test,bd5fcf193eb6aecad5ee23e38ffd7425
histo_02406,histopathology/images/histo_02406.png,1,invasive_ductal_carcinoma,Breast Histopathology Images (IDC Benchmark / Cruz-Roa et al.),40x,50,50,3,val,76b7323b99ae5176ad2355ca028b458d
histo_02407,histopathology/images/histo_02407.png,0,non_idc_or_benign,Breast Histopathology Images (IDC Benchmark / Cruz-Roa et al.),40x,50,50,3,test,c840fc71d686269610616bbbb1a5405e
histo_02408,histopathology/images/histo_02408.png,0,non_idc_or_benign,Breast Histopathology Images (IDC Benchmark / Cruz-Roa et al.),40x,50,50,3,val,445ff1f30cb089f521216daa10c5aa09
histo_02409,histopathology/images/histo_02409.png,0,non_idc_or_benign,Breast Histopathology Images (IDC Benchmark / Cruz-Roa et al.),40x,50,50,3,train,ded9d3df64098ab8000604122280a511
histo_02410,histopathology/images/histo_02410.png,0,non_idc_or_benign,Breast Histopathology Images (IDC Benchmark / Cruz-Roa et al.),40x,50,50,3,test,1cc3b61a4e149f0608f51171098be8c6
histo_02411,histopathology/images/histo_02411.png,0,non_idc_or_benign,Breast Histopathology Images (IDC Benchmark / Cruz-Roa et al.),40x,50,50,3,train,91fb606744d715ce9104dce6c28ff1da
histo_02412,histopathology/images/histo_02412.png,1,invasive_ductal_carcinoma,Breast Histopathology Images (IDC Benchmark / Cruz-Roa et al.),40x,50,50,3,train,e712a9f5d0de92c52929b1e36293cb20
histo_02413,histopathology/images/histo_02413.png,0,non_idc_or_benign,Breast Histopathology Images (IDC Benchmark / Cruz-Roa et al.),40x,50,50,3,train,f7bffd79fe8e75fc985319045020c529
histo_02414,histopathology/images/histo_02414.png,1,invasive_ductal_carcinoma,Breast Histopathology Images (IDC Benchmark / Cruz-Roa et al.),40x,50,50,3,train,028bf6ccfb0d05ff3eed4212e22139fe
histo_02415,histopathology/images/histo_02415.png,0,non_idc_or_benign,Breast Histopathology Images (IDC Benchmark / Cruz-Roa et al.),40x,50,50,3,train,071263aef0c1cb200e383af35d35f258
histo_02416,histopathology/images/histo_02416.png,1,invasive_ductal_carcinoma,Breast Histopathology Images (IDC Benchmark / Cruz-Roa et al.),40x,50,50,3,train,8ff9cd49df29c000f55c4598608aeb7b
histo_02417,histopathology/images/histo_02417.png,1,invasive_ductal_carcinoma,Breast Histopathology Images (IDC Benchmark / Cruz-Roa et al.),40x,50,50,3,val,d9af0f97571ed0b0c6b453e6fdaf16fb
histo_02418,histopathology/images/histo_02418.png,0,non_idc_or_benign,Breast Histopathology Images (IDC Benchmark / Cruz-Roa et al.),40x,50,50,3,train,8ff7efd487ec5e00803f94e158f10629
histo_02419,histopathology/images/histo_02419.png,1,invasive_ductal_carcinoma,Breast Histopathology Images (IDC Benchmark / Cruz-Roa et al.),40x,50,50,3,train,2ac8cc34ba39460094a3bda34c6f65ce
histo_02420,histopathology/images/histo_02420.png,0,non_idc_or_benign,Breast Histopathology Images (IDC Benchmark / Cruz-Roa et al.),40x,50,50,3,train,1e91b250edd9f7f32b3909b8c53e92e8
histo_02421,histopathology/images/histo_02421.png,1,invasive_ductal_carcinoma,Breast Histopathology Images (IDC Benchmark / Cruz-Roa et al.),40x,50,50,3,val,d2ea7d59053597909f54822254ea8fd2
histo_02422,histopathology/images/histo_02422.png,0,non_idc_or_benign,Breast Histopathology Images (IDC Benchmark / Cruz-Roa et al.),40x,50,50,3,train,40fff4567ac73a3f88ba8f1682b61d11
histo_02423,histopathology/images/histo_02423.png,0,non_idc_or_benign,Breast Histopathology Images (IDC Benchmark / Cruz-Roa et al.),40x,50,50,3,train,7bf90ff25bc6ae870207d5f047406039
histo_02424,histopathology/images/histo_02424.png,0,non_idc_or_benign,Breast Histopathology Images (IDC Benchmark / Cruz-Roa et al.),40x,50,50,3,train,c9180b455b217ac6ce920de52afd7cdf
histo_02425,histopathology/images/histo_02425.png,0,non_idc_or_benign,Breast Histopathology Images (IDC Benchmark / Cruz-Roa et al.),40x,50,50,3,test,4014bb4ad3f77ea93a06657a9eb34fdd
histo_02426,histopathology/images/histo_02426.png,0,non_idc_or_benign,Breast Histopathology Images (IDC Benchmark / Cruz-Roa et al.),40x,50,50,3,train,51da37422d302b289a854b4ded229b27
histo_02427,histopathology/images/histo_02427.png,0,non_idc_or_benign,Breast Histopathology Images (IDC Benchmark / Cruz-Roa et al.),40x,50,50,3,test,608a156d4d61a989f9bfda62e734262d
histo_02428,histopathology/images/histo_02428.png,0,non_idc_or_benign,Breast Histopathology Images (IDC Benchmark / Cruz-Roa et al.),40x,50,50,3,train,3f7e13494dcd55cc50b5c67f87f12a45
histo_02429,histopathology/images/histo_02429.png,0,non_idc_or_benign,Breast Histopathology Images (IDC Benchmark / Cruz-Roa et al.),40x,50,50,3,train,77c90b16efff673274e206b1ef68fec8
histo_02430,histopathology/images/histo_02430.png,0,non_idc_or_benign,Breast Histopathology Images (IDC Benchmark / Cruz-Roa et al.),40x,50,50,3,train,91eb20ba05f37784fe63f12de2dbde8b
histo_02431,histopathology/images/histo_02431.png,0,non_idc_or_benign,Breast Histopathology Images (IDC Benchmark / Cruz-Roa et al.),40x,50,50,3,train,5947630b1e1155d0bcdf2158239453ea
histo_02432,histopathology/images/histo_02432.png,0,non_idc_or_benign,Breast Histopathology Images (IDC Benchmark / Cruz-Roa et al.),40x,50,50,3,test,cd93618a9f9f101407e8ef1b41f0b4d9
histo_02433,histopathology/images/histo_02433.png,0,non_idc_or_benign,Breast Histopathology Images (IDC Benchmark / Cruz-Roa et al.),40x,50,50,3,train,7882fd209908ddd7fb51792b95420a38
histo_02434,histopathology/images/histo_02434.png,1,invasive_ductal_carcinoma,Breast Histopathology Images (IDC Benchmark / Cruz-Roa et al.),40x,50,50,3,train,c307c06a71ef952dcf14527be4c3b07b
histo_02435,histopathology/images/histo_02435.png,0,non_idc_or_benign,Breast Histopathology Images (IDC Benchmark / Cruz-Roa et al.),40x,50,50,3,train,eb975dc203e2de35c79d0977a11e4e5d
histo_02436,histopathology/images/histo_02436.png,0,non_idc_or_benign,Breast Histopathology Images (IDC Benchmark / Cruz-Roa et al.),40x,50,50,3,train,52286e50539161351883b33916288731
histo_02437,histopathology/images/histo_02437.png,0,non_idc_or_benign,Breast Histopathology Images (IDC Benchmark / Cruz-Roa et al.),40x,50,50,3,test,bd1b176f49a9ed31564c3092fa3a7ee3
histo_02438,histopathology/images/histo_02438.png,0,non_idc_or_benign,Breast Histopathology Images (IDC Benchmark / Cruz-Roa et al.),40x,50,50,3,train,b66373ec1802bb7210e20a87b83939f4
histo_02439,histopathology/images/histo_02439.png,0,non_idc_or_benign,Breast Histopathology Images (IDC Benchmark / Cruz-Roa et al.),40x,50,50,3,val,31c0caab5508b420cfb673fd3ec225c9
histo_02440,histopathology/images/histo_02440.png,0,non_idc_or_benign,Breast Histopathology Images (IDC Benchmark / Cruz-Roa et al.),40x,50,50,3,train,7df85101634aa38ac57cb75303c813c6
histo_02441,histopathology/images/histo_02441.png,0,non_idc_or_benign,Breast Histopathology Images (IDC Benchmark / Cruz-Roa et al.),40x,50,50,3,train,1b19d8f66d493728351b351e3a5cc939
histo_02442,histopathology/images/histo_02442.png,1,invasive_ductal_carcinoma,Breast Histopathology Images (IDC Benchmark / Cruz-Roa et al.),40x,50,50,3,train,4c8acce56ac3269c3f86beab7bc58342
histo_02443,histopathology/images/histo_02443.png,0,non_idc_or_benign,Breast Histopathology Images (IDC Benchmark / Cruz-Roa et al.),40x,50,50,3,train,2602d1ddcee22f41c05dbacce3913692
histo_02444,histopathology/images/histo_02444.png,1,invasive_ductal_carcinoma,Breast Histopathology Images (IDC Benchmark / Cruz-Roa et al.),40x,50,50,3,train,4615c2ede5f08b9453761e253ab1412d
histo_02445,histopathology/images/histo_02445.png,0,non_idc_or_benign,Breast Histopathology Images (IDC Benchmark / Cruz-Roa et al.),40x,50,50,3,train,657816d35008e0376385cf092463fdf7
histo_02446,histopathology/images/histo_02446.png,0,non_idc_or_benign,Breast Histopathology Images (IDC Benchmark / Cruz-Roa et al.),40x,50,50,3,train,b6ce51740802cc373dd25b5f9060c5c2
histo_02447,histopathology/images/histo_02447.png,1,invasive_ductal_carcinoma,Breast Histopathology Images (IDC Benchmark / Cruz-Roa et al.),40x,50,50,3,train,df3d5e69e8a576c868f36b38dafa94db
histo_02448,histopathology/images/histo_02448.png,0,non_idc_or_benign,Breast Histopathology Images (IDC Benchmark / Cruz-Roa et al.),40x,50,50,3,val,7a6828b3c5ea7f1175cd713a0cdf0882
histo_02449,histopathology/images/histo_02449.png,0,non_idc_or_benign,Breast Histopathology Images (IDC Benchmark / Cruz-Roa et al.),40x,50,50,3,test,c68170192781c1e33d85839b9c02f074
histo_02450,histopathology/images/histo_02450.png,0,non_idc_or_benign,Breast Histopathology Images (IDC Benchmark / Cruz-Roa et al.),40x,50,50,3,train,0502e371c9a0ee0617568bae933fe3a9
histo_02451,histopathology/images/histo_02451.png,0,non_idc_or_benign,Breast Histopathology Images (IDC Benchmark / Cruz-Roa et al.),40x,50,50,3,train,c879a515038da7e020ebbb69d1c2acfe
histo_02452,histopathology/images/histo_02452.png,1,invasive_ductal_carcinoma,Breast Histopathology Images (IDC Benchmark / Cruz-Roa et al.),40x,50,50,3,train,bd12509abed209fa1f7fa15de1ad146d
histo_02453,histopathology/images/histo_02453.png,1,invasive_ductal_carcinoma,Breast Histopathology Images (IDC Benchmark / Cruz-Roa et al.),40x,50,50,3,train,4412d67159fdaa8eae1f7ab6da787cba
histo_02454,histopathology/images/histo_02454.png,0,non_idc_or_benign,Breast Histopathology Images (IDC Benchmark / Cruz-Roa et al.),40x,50,50,3,test,962c8a58b7acbaa08205250ebf92e24d
histo_02455,histopathology/images/histo_02455.png,1,invasive_ductal_carcinoma,Breast Histopathology Images (IDC Benchmark / Cruz-Roa et al.),40x,50,50,3,train,1cc363adc449583130f6697a73688b86
histo_02456,histopathology/images/histo_02456.png,1,invasive_ductal_carcinoma,Breast Histopathology Images (IDC Benchmark / Cruz-Roa et al.),40x,50,50,3,val,04ed7367fc6cc2ad12a6cef1cbac6cb6
histo_02457,histopathology/images/histo_02457.png,0,non_idc_or_benign,Breast Histopathology Images (IDC Benchmark / Cruz-Roa et al.),40x,50,50,3,train,1f41ce639c2586d9b4ad97f45d8add01
histo_02458,histopathology/images/histo_02458.png,1,invasive_ductal_carcinoma,Breast Histopathology Images (IDC Benchmark / Cruz-Roa et al.),40x,50,50,3,val,659b89c55d0c619dc0f139d2a3032f9c
histo_02459,histopathology/images/histo_02459.png,0,non_idc_or_benign,Breast Histopathology Images (IDC Benchmark / Cruz-Roa et al.),40x,50,50,3,test,10a4261d2802ecd3c1e55d546d6dcdf8
histo_02460,histopathology/images/histo_02460.png,0,non_idc_or_benign,Breast Histopathology Images (IDC Benchmark / Cruz-Roa et al.),40x,50,50,3,train,c4f8ed121b927622dbd6c922c4353987
histo_02461,histopathology/images/histo_02461.png,1,invasive_ductal_carcinoma,Breast Histopathology Images (IDC Benchmark / Cruz-Roa et al.),40x,50,50,3,test,1bf42374b0c0defa9ada0417004587b6
histo_02462,histopathology/images/histo_02462.png,1,invasive_ductal_carcinoma,Breast Histopathology Images (IDC Benchmark / Cruz-Roa et al.),40x,50,50,3,train,e62f17165f245146bad662919a6b4ec8
histo_02463,histopathology/images/histo_02463.png,0,non_idc_or_benign,Breast Histopathology Images (IDC Benchmark / Cruz-Roa et al.),40x,50,50,3,test,aa61d26ce5638fbbb2c68a327efcfb9e
histo_02464,histopathology/images/histo_02464.png,1,invasive_ductal_carcinoma,Breast Histopathology Images (IDC Benchmark / Cruz-Roa et al.),40x,50,50,3,val,0aa89d98f6d2440212dd2309b0efb1e7
histo_02465,histopathology/images/histo_02465.png,0,non_idc_or_benign,Breast Histopathology Images (IDC Benchmark / Cruz-Roa et al.),40x,50,50,3,train,020ccec60473a9471e80c8a0328ba31a
histo_02466,histopathology/images/histo_02466.png,1,invasive_ductal_carcinoma,Breast Histopathology Images (IDC Benchmark / Cruz-Roa et al.),40x,50,50,3,train,12e02f96b5402a70da9442fbad0b6cab
histo_02467,histopathology/images/histo_02467.png,1,invasive_ductal_carcinoma,Breast Histopathology Images (IDC Benchmark / Cruz-Roa et al.),40x,50,50,3,train,ce2307ec4a1d506b33a4aab72e476a14
histo_02468,histopathology/images/histo_02468.png,0,non_idc_or_benign,Breast Histopathology Images (IDC Benchmark / Cruz-Roa et al.),40x,50,50,3,val,8dee93292cc07419490da4cc1f37a229
histo_02469,histopathology/images/histo_02469.png,0,non_idc_or_benign,Breast Histopathology Images (IDC Benchmark / Cruz-Roa et al.),40x,50,50,3,train,1dc5e829f24b89c172f2824fa1a65f3e
histo_02470,histopathology/images/histo_02470.png,0,non_idc_or_benign,Breast Histopathology Images (IDC Benchmark / Cruz-Roa et al.),40x,50,50,3,train,e8578a946051bb172841a6a263b9a608
histo_02471,histopathology/images/histo_02471.png,0,non_idc_or_benign,Breast Histopathology Images (IDC Benchmark / Cruz-Roa et al.),40x,50,50,3,val,35e9759a2b63e0b2af6ed88babf8c275
histo_02472,histopathology/images/histo_02472.png,0,non_idc_or_benign,Breast Histopathology Images (IDC Benchmark / Cruz-Roa et al.),40x,50,50,3,train,09a46ff9076a11345b99bf8a073b011d
histo_02473,histopathology/images/histo_02473.png,1,invasive_ductal_carcinoma,Breast Histopathology Images (IDC Benchmark / Cruz-Roa et al.),40x,50,50,3,val,394c98a118e450d8e58a6d6a56f99502
histo_02474,histopathology/images/histo_02474.png,0,non_idc_or_benign,Breast Histopathology Images (IDC Benchmark / Cruz-Roa et al.),40x,50,50,3,train,19fce63d28430bbf7aa75ab34e7edbe5
histo_02475,histopathology/images/histo_02475.png,0,non_idc_or_benign,Breast Histopathology Images (IDC Benchmark / Cruz-Roa et al.),40x,50,50,3,train,cd17df19fe695fee4980fe45e78e15e5
histo_02476,histopathology/images/histo_02476.png,0,non_idc_or_benign,Breast Histopathology Images (IDC Benchmark / Cruz-Roa et al.),40x,50,50,3,train,f1a945f426c0c0169a04c4e4fb59921b
histo_02477,histopathology/images/histo_02477.png,0,non_idc_or_benign,Breast Histopathology Images (IDC Benchmark / Cruz-Roa et al.),40x,50,50,3,test,ecfba839bb27e0a0221c30ce8f724203
histo_02478,histopathology/images/histo_02478.png,0,non_idc_or_benign,Breast Histopathology Images (IDC Benchmark / Cruz-Roa et al.),40x,50,50,3,train,49a2034eaba67e857cb1ba0ff37976a9
histo_02479,histopathology/images/histo_02479.png,0,non_idc_or_benign,Breast Histopathology Images (IDC Benchmark / Cruz-Roa et al.),40x,50,50,3,train,49b68f73259e0c74a74fb5d48d526285
histo_02480,histopathology/images/histo_02480.png,0,non_idc_or_benign,Breast Histopathology Images (IDC Benchmark / Cruz-Roa et al.),40x,50,50,3,train,bd6fe447db2794c50dd5d1013f95f8db
histo_02481,histopathology/images/histo_02481.png,0,non_idc_or_benign,Breast Histopathology Images (IDC Benchmark / Cruz-Roa et al.),40x,50,50,3,test,dbd3f586e64ec77881a8d5b871121200
histo_02482,histopathology/images/histo_02482.png,0,non_idc_or_benign,Breast Histopathology Images (IDC Benchmark / Cruz-Roa et al.),40x,50,50,3,train,6159673f36b5e8864de97531cc20b6ef
histo_02483,histopathology/images/histo_02483.png,0,non_idc_or_benign,Breast Histopathology Images (IDC Benchmark / Cruz-Roa et al.),40x,50,50,3,train,1cedd9594a830f65288d12d782c6808e
histo_02484,histopathology/images/histo_02484.png,1,invasive_ductal_carcinoma,Breast Histopathology Images (IDC Benchmark / Cruz-Roa et al.),40x,50,50,3,test,a05e504c9d24868a13b664e4a4c2f306
histo_02485,histopathology/images/histo_02485.png,1,invasive_ductal_carcinoma,Breast Histopathology Images (IDC Benchmark / Cruz-Roa et al.),40x,50,50,3,train,ac69feca79016de1c91accbf31be9663
histo_02486,histopathology/images/histo_02486.png,1,invasive_ductal_carcinoma,Breast Histopathology Images (IDC Benchmark / Cruz-Roa et al.),40x,50,50,3,test,6b1b6eed534bf12fb09eae9cc3be04a3
histo_02487,histopathology/images/histo_02487.png,0,non_idc_or_benign,Breast Histopathology Images (IDC Benchmark / Cruz-Roa et al.),40x,50,50,3,train,af9c76b4aa3b9a7bb0a9c5543ec0b155
histo_02488,histopathology/images/histo_02488.png,1,invasive_ductal_carcinoma,Breast Histopathology Images (IDC Benchmark / Cruz-Roa et al.),40x,50,50,3,train,25a414ee6e522a8bdd44b09450360b99
histo_02489,histopathology/images/histo_02489.png,0,non_idc_or_benign,Breast Histopathology Images (IDC Benchmark / Cruz-Roa et al.),40x,50,50,3,train,7db1d4581c02a08b1ac0ade544dff2e2
histo_02490,histopathology/images/histo_02490.png,0,non_idc_or_benign,Breast Histopathology Images (IDC Benchmark / Cruz-Roa et al.),40x,50,50,3,test,25a95837d1bb3e8c79f585397272a2a4
histo_02491,histopathology/images/histo_02491.png,1,invasive_ductal_carcinoma,Breast Histopathology Images (IDC Benchmark / Cruz-Roa et al.),40x,50,50,3,train,b95bfebbd67b9401e49ad1ed5679554c
histo_02492,histopathology/images/histo_02492.png,0,non_idc_or_benign,Breast Histopathology Images (IDC Benchmark / Cruz-Roa et al.),40x,50,50,3,train,c7a9ad196422102e3be141853c65e5d5
histo_02493,histopathology/images/histo_02493.png,1,invasive_ductal_carcinoma,Breast Histopathology Images (IDC Benchmark / Cruz-Roa et al.),40x,50,50,3,train,3409b79a79e38963f1ebee0dbff37fb7
histo_02494,histopathology/images/histo_02494.png,0,non_idc_or_benign,Breast Histopathology Images (IDC Benchmark / Cruz-Roa et al.),40x,50,50,3,train,213a5d0a66e82632a6224ed541109cf4
histo_02495,histopathology/images/histo_02495.png,0,non_idc_or_benign,Breast Histopathology Images (IDC Benchmark / Cruz-Roa et al.),40x,50,50,3,test,5d79ef770c2d698135e4180e99f5c84d
histo_02496,histopathology/images/histo_02496.png,1,invasive_ductal_carcinoma,Breast Histopathology Images (IDC Benchmark / Cruz-Roa et al.),40x,50,50,3,train,cb665552cea068f8cebcdddd9d5591b8
histo_02497,histopathology/images/histo_02497.png,0,non_idc_or_benign,Breast Histopathology Images (IDC Benchmark / Cruz-Roa et al.),40x,50,50,3,train,42eee0ebe67df87fcc056820cd165d0e
histo_02498,histopathology/images/histo_02498.png,0,non_idc_or_benign,Breast Histopathology Images (IDC Benchmark / Cruz-Roa et al.),40x,50,50,3,train,ca26d94d57444708e589c20fb50ec226
histo_02499,histopathology/images/histo_02499.png,1,invasive_ductal_carcinoma,Breast Histopathology Images (IDC Benchmark / Cruz-Roa et al.),40x,50,50,3,train,546714eb1020170df9155561d718ac4f
histo_02500,histopathology/images/histo_02500.png,0,non_idc_or_benign,Breast Histopathology Images (IDC Benchmark / Cruz-Roa et al.),40x,50,50,3,train,6e65f297611577c23a246bf99581d1f2
